solid SCREW-M14X34-CSN_02_1143
  facet normal 0.000000e+00 1.000000e+00 0.000000e+00
    outer loop
      vertex -2.749665e+00 3.400000e+01 -5.778977e+00
      vertex 2.750243e+00 3.400000e+01 -5.778701e+00
      vertex -3.156644e-30 3.400000e+01 -6.400000e+00
    endloop
  endfacet
  facet normal 1.577405e-01 6.982542e-01 -6.982542e-01
    outer loop
      vertex 8.572250e-16 3.340000e+01 -7.000000e+00
      vertex -3.156644e-30 3.400000e+01 -6.400000e+00
      vertex 2.750243e+00 3.400000e+01 -5.778701e+00
    endloop
  endfacet
  facet normal -1.576900e-01 6.983255e-01 -6.981944e-01
    outer loop
      vertex -3.008049e+00 3.340000e+01 -6.320731e+00
      vertex -2.749665e+00 3.400000e+01 -5.778977e+00
      vertex -3.156644e-30 3.400000e+01 -6.400000e+00
    endloop
  endfacet
  facet normal -1.576790e-01 6.982612e-01 -6.982612e-01
    outer loop
      vertex -3.008049e+00 3.340000e+01 -6.320731e+00
      vertex -3.156644e-30 3.400000e+01 -6.400000e+00
      vertex 8.572250e-16 3.340000e+01 -7.000000e+00
    endloop
  endfacet
  facet normal 0.000000e+00 1.000000e+00 0.000000e+00
    outer loop
      vertex -4.992917e+00 3.400000e+01 -4.003807e+00
      vertex 4.993331e+00 3.400000e+01 -4.003289e+00
      vertex 2.750243e+00 3.400000e+01 -5.778701e+00
    endloop
  endfacet
  facet normal 4.442705e-01 6.982597e-01 -5.612995e-01
    outer loop
      vertex 3.009057e+00 3.340000e+01 -6.320251e+00
      vertex 2.750243e+00 3.400000e+01 -5.778701e+00
      vertex 4.993331e+00 3.400000e+01 -4.003289e+00
    endloop
  endfacet
  facet normal 0.000000e+00 1.000000e+00 0.000000e+00
    outer loop
      vertex -2.749665e+00 3.400000e+01 -5.778977e+00
      vertex -4.992917e+00 3.400000e+01 -4.003807e+00
      vertex 2.750243e+00 3.400000e+01 -5.778701e+00
    endloop
  endfacet
  facet normal 1.577339e-01 6.982652e-01 -6.982447e-01
    outer loop
      vertex 3.009057e+00 3.340000e+01 -6.320251e+00
      vertex 8.572250e-16 3.340000e+01 -7.000000e+00
      vertex 2.750243e+00 3.400000e+01 -5.778701e+00
    endloop
  endfacet
  facet normal 0.000000e+00 1.000000e+00 0.000000e+00
    outer loop
      vertex -6.238225e+00 3.400000e+01 -1.429442e+00
      vertex 6.238368e+00 3.400000e+01 -1.428815e+00
      vertex 4.993331e+00 3.400000e+01 -4.003289e+00
    endloop
  endfacet
  facet normal 6.444921e-01 6.982008e-01 -3.116819e-01
    outer loop
      vertex 5.462348e+00 3.340000e+01 -4.377528e+00
      vertex 4.993331e+00 3.400000e+01 -4.003289e+00
      vertex 6.238368e+00 3.400000e+01 -1.428815e+00
    endloop
  endfacet
  facet normal 0.000000e+00 1.000000e+00 0.000000e+00
    outer loop
      vertex -4.992917e+00 3.400000e+01 -4.003807e+00
      vertex -6.238225e+00 3.400000e+01 -1.429442e+00
      vertex 4.993331e+00 3.400000e+01 -4.003289e+00
    endloop
  endfacet
  facet normal 4.446628e-01 6.978293e-01 -5.615240e-01
    outer loop
      vertex 3.009057e+00 3.340000e+01 -6.320251e+00
      vertex 4.993331e+00 3.400000e+01 -4.003289e+00
      vertex 5.462348e+00 3.340000e+01 -4.377528e+00
    endloop
  endfacet
  facet normal 0.000000e+00 1.000000e+00 0.000000e+00
    outer loop
      vertex -6.238368e+00 3.400000e+01 1.428815e+00
      vertex 6.238225e+00 3.400000e+01 1.429442e+00
      vertex 6.238368e+00 3.400000e+01 -1.428815e+00
    endloop
  endfacet
  facet normal 7.160475e-01 6.980516e-01 3.599292e-05
    outer loop
      vertex 6.823296e+00 3.340000e+01 -1.562893e+00
      vertex 6.238368e+00 3.400000e+01 -1.428815e+00
      vertex 6.238225e+00 3.400000e+01 1.429442e+00
    endloop
  endfacet
  facet normal 0.000000e+00 1.000000e+00 0.000000e+00
    outer loop
      vertex -6.238225e+00 3.400000e+01 -1.429442e+00
      vertex -6.238368e+00 3.400000e+01 1.428815e+00
      vertex 6.238368e+00 3.400000e+01 -1.428815e+00
    endloop
  endfacet
  facet normal 6.446205e-01 6.980783e-01 -3.116907e-01
    outer loop
      vertex 5.462348e+00 3.340000e+01 -4.377528e+00
      vertex 6.238368e+00 3.400000e+01 -1.428815e+00
      vertex 6.823296e+00 3.340000e+01 -1.562893e+00
    endloop
  endfacet
  facet normal 0.000000e+00 1.000000e+00 0.000000e+00
    outer loop
      vertex -4.993331e+00 3.400000e+01 4.003289e+00
      vertex 4.992917e+00 3.400000e+01 4.003807e+00
      vertex 6.238225e+00 3.400000e+01 1.429442e+00
    endloop
  endfacet
  facet normal 6.445165e-01 6.981369e-01 3.117745e-01
    outer loop
      vertex 6.823034e+00 3.340000e+01 1.564036e+00
      vertex 6.238225e+00 3.400000e+01 1.429442e+00
      vertex 4.992917e+00 3.400000e+01 4.003807e+00
    endloop
  endfacet
  facet normal 0.000000e+00 1.000000e+00 0.000000e+00
    outer loop
      vertex -6.238368e+00 3.400000e+01 1.428815e+00
      vertex -4.993331e+00 3.400000e+01 4.003289e+00
      vertex 6.238225e+00 3.400000e+01 1.429442e+00
    endloop
  endfacet
  facet normal 7.161072e-01 6.979903e-01 5.996091e-05
    outer loop
      vertex 6.823296e+00 3.340000e+01 -1.562893e+00
      vertex 6.238225e+00 3.400000e+01 1.429442e+00
      vertex 6.823034e+00 3.340000e+01 1.564036e+00
    endloop
  endfacet
  facet normal 0.000000e+00 1.000000e+00 0.000000e+00
    outer loop
      vertex -2.750243e+00 3.400000e+01 5.778701e+00
      vertex 2.749665e+00 3.400000e+01 5.778977e+00
      vertex 4.992917e+00 3.400000e+01 4.003807e+00
    endloop
  endfacet
  facet normal 4.442477e-01 6.982029e-01 5.613881e-01
    outer loop
      vertex 3.008049e+00 3.340000e+01 6.320731e+00
      vertex 4.992917e+00 3.400000e+01 4.003807e+00
      vertex 2.749665e+00 3.400000e+01 5.778977e+00
    endloop
  endfacet
  facet normal 0.000000e+00 1.000000e+00 0.000000e+00
    outer loop
      vertex -4.993331e+00 3.400000e+01 4.003289e+00
      vertex -2.750243e+00 3.400000e+01 5.778701e+00
      vertex 4.992917e+00 3.400000e+01 4.003807e+00
    endloop
  endfacet
  facet normal 4.445377e-01 6.978848e-01 5.615542e-01
    outer loop
      vertex 5.461619e+00 3.340000e+01 4.378438e+00
      vertex 4.992917e+00 3.400000e+01 4.003807e+00
      vertex 3.008049e+00 3.340000e+01 6.320731e+00
    endloop
  endfacet
  facet normal 6.445142e-01 6.981401e-01 3.117720e-01
    outer loop
      vertex 6.823034e+00 3.340000e+01 1.564036e+00
      vertex 4.992917e+00 3.400000e+01 4.003807e+00
      vertex 5.461619e+00 3.340000e+01 4.378438e+00
    endloop
  endfacet
  facet normal 0.000000e+00 1.000000e+00 0.000000e+00
    outer loop
      vertex -2.750243e+00 3.400000e+01 5.778701e+00
      vertex -7.837481e-16 3.400000e+01 6.400000e+00
      vertex 2.749665e+00 3.400000e+01 5.778977e+00
    endloop
  endfacet
  facet normal 1.576900e-01 6.983255e-01 6.981944e-01
    outer loop
      vertex 3.008049e+00 3.340000e+01 6.320731e+00
      vertex 2.749665e+00 3.400000e+01 5.778977e+00
      vertex -7.837481e-16 3.400000e+01 6.400000e+00
    endloop
  endfacet
  facet normal -1.577405e-01 6.982542e-01 6.982542e-01
    outer loop
      vertex -8.572244e-16 3.340000e+01 7.000000e+00
      vertex -7.837481e-16 3.400000e+01 6.400000e+00
      vertex -2.750243e+00 3.400000e+01 5.778701e+00
    endloop
  endfacet
  facet normal 1.576790e-01 6.982612e-01 6.982612e-01
    outer loop
      vertex 3.008049e+00 3.340000e+01 6.320731e+00
      vertex -7.837481e-16 3.400000e+01 6.400000e+00
      vertex -8.572244e-16 3.340000e+01 7.000000e+00
    endloop
  endfacet
  facet normal -4.442705e-01 6.982597e-01 5.612995e-01
    outer loop
      vertex -3.009057e+00 3.340000e+01 6.320251e+00
      vertex -2.750243e+00 3.400000e+01 5.778701e+00
      vertex -4.993331e+00 3.400000e+01 4.003289e+00
    endloop
  endfacet
  facet normal -1.577339e-01 6.982652e-01 6.982447e-01
    outer loop
      vertex -8.572244e-16 3.340000e+01 7.000000e+00
      vertex -2.750243e+00 3.400000e+01 5.778701e+00
      vertex -3.009057e+00 3.340000e+01 6.320251e+00
    endloop
  endfacet
  facet normal -6.444921e-01 6.982008e-01 3.116819e-01
    outer loop
      vertex -5.462348e+00 3.340000e+01 4.377528e+00
      vertex -4.993331e+00 3.400000e+01 4.003289e+00
      vertex -6.238368e+00 3.400000e+01 1.428815e+00
    endloop
  endfacet
  facet normal -4.446628e-01 6.978293e-01 5.615240e-01
    outer loop
      vertex -3.009057e+00 3.340000e+01 6.320251e+00
      vertex -4.993331e+00 3.400000e+01 4.003289e+00
      vertex -5.462348e+00 3.340000e+01 4.377528e+00
    endloop
  endfacet
  facet normal -7.160475e-01 6.980516e-01 -3.599292e-05
    outer loop
      vertex -6.823296e+00 3.340000e+01 1.562893e+00
      vertex -6.238368e+00 3.400000e+01 1.428815e+00
      vertex -6.238225e+00 3.400000e+01 -1.429442e+00
    endloop
  endfacet
  facet normal -6.446205e-01 6.980783e-01 3.116907e-01
    outer loop
      vertex -5.462348e+00 3.340000e+01 4.377528e+00
      vertex -6.238368e+00 3.400000e+01 1.428815e+00
      vertex -6.823296e+00 3.340000e+01 1.562893e+00
    endloop
  endfacet
  facet normal -6.445165e-01 6.981369e-01 -3.117745e-01
    outer loop
      vertex -6.823034e+00 3.340000e+01 -1.564036e+00
      vertex -6.238225e+00 3.400000e+01 -1.429442e+00
      vertex -4.992917e+00 3.400000e+01 -4.003807e+00
    endloop
  endfacet
  facet normal -7.161072e-01 6.979903e-01 -5.996091e-05
    outer loop
      vertex -6.823296e+00 3.340000e+01 1.562893e+00
      vertex -6.238225e+00 3.400000e+01 -1.429442e+00
      vertex -6.823034e+00 3.340000e+01 -1.564036e+00
    endloop
  endfacet
  facet normal -4.442477e-01 6.982029e-01 -5.613881e-01
    outer loop
      vertex -3.008049e+00 3.340000e+01 -6.320731e+00
      vertex -4.992917e+00 3.400000e+01 -4.003807e+00
      vertex -2.749665e+00 3.400000e+01 -5.778977e+00
    endloop
  endfacet
  facet normal -4.445377e-01 6.978848e-01 -5.615542e-01
    outer loop
      vertex -5.461619e+00 3.340000e+01 -4.378438e+00
      vertex -4.992917e+00 3.400000e+01 -4.003807e+00
      vertex -3.008049e+00 3.340000e+01 -6.320731e+00
    endloop
  endfacet
  facet normal -6.445142e-01 6.981401e-01 -3.117720e-01
    outer loop
      vertex -6.823034e+00 3.340000e+01 -1.564036e+00
      vertex -4.992917e+00 3.400000e+01 -4.003807e+00
      vertex -5.461619e+00 3.340000e+01 -4.378438e+00
    endloop
  endfacet
  facet normal -2.196708e-01 6.534436e-05 9.755741e-01
    outer loop
      vertex -3.009057e+00 3.340000e+01 6.320251e+00
      vertex -3.000271e+00 6.000000e-01 6.324427e+00
      vertex -8.572244e-16 6.000000e-01 7.000000e+00
    endloop
  endfacet
  facet normal -2.036702e-01 3.746623e-01 9.045145e-01
    outer loop
      vertex 5.440232e-12 1.757358e-01 7.175736e+00
      vertex -8.572244e-16 6.000000e-01 7.000000e+00
      vertex -3.000271e+00 6.000000e-01 6.324427e+00
    endloop
  endfacet
  facet normal -2.203485e-01 0.000000e+00 9.754212e-01
    outer loop
      vertex -8.572244e-16 3.340000e+01 7.000000e+00
      vertex -3.009057e+00 3.340000e+01 6.320251e+00
      vertex -8.572244e-16 6.000000e-01 7.000000e+00
    endloop
  endfacet
  facet normal 2.220993e-01 0.000000e+00 9.750240e-01
    outer loop
      vertex 3.031730e+00 6.000000e-01 6.309407e+00
      vertex -8.572244e-16 3.340000e+01 7.000000e+00
      vertex -8.572244e-16 6.000000e-01 7.000000e+00
    endloop
  endfacet
  facet normal 1.916135e-01 5.056511e-01 8.411904e-01
    outer loop
      vertex 2.746035e+00 1.757358e-01 6.629516e+00
      vertex 3.031730e+00 6.000000e-01 6.309407e+00
      vertex -8.572244e-16 6.000000e-01 7.000000e+00
    endloop
  endfacet
  facet normal 1.807444e-01 3.763808e-01 9.086633e-01
    outer loop
      vertex 5.440232e-12 1.757358e-01 7.175736e+00
      vertex 2.746035e+00 1.757358e-01 6.629516e+00
      vertex -8.572244e-16 6.000000e-01 7.000000e+00
    endloop
  endfacet
  facet normal -6.196271e-01 -6.605200e-05 7.848963e-01
    outer loop
      vertex -3.009057e+00 3.340000e+01 6.320251e+00
      vertex -5.455245e+00 6.000000e-01 4.386377e+00
      vertex -3.000271e+00 6.000000e-01 6.324427e+00
    endloop
  endfacet
  facet normal -5.039563e-01 5.818140e-01 6.383734e-01
    outer loop
      vertex -5.074012e+00 1.757358e-01 5.074012e+00
      vertex -3.000271e+00 6.000000e-01 6.324427e+00
      vertex -5.455245e+00 6.000000e-01 4.386377e+00
    endloop
  endfacet
  facet normal -1.681445e-01 5.071117e-01 8.453195e-01
    outer loop
      vertex -2.746035e+00 1.757358e-01 6.629516e+00
      vertex 5.440232e-12 1.757358e-01 7.175736e+00
      vertex -3.000271e+00 6.000000e-01 6.324427e+00
    endloop
  endfacet
  facet normal -5.370347e-01 2.561504e-01 8.037292e-01
    outer loop
      vertex -5.074012e+00 1.757358e-01 5.074012e+00
      vertex -2.746035e+00 1.757358e-01 6.629516e+00
      vertex -3.000271e+00 6.000000e-01 6.324427e+00
    endloop
  endfacet
  facet normal -8.994701e-01 -7.690182e-05 4.369822e-01
    outer loop
      vertex -5.462348e+00 3.340000e+01 4.377528e+00
      vertex -6.820002e+00 6.000000e-01 1.577206e+00
      vertex -5.455245e+00 6.000000e-01 4.386377e+00
    endloop
  endfacet
  facet normal -7.023602e-01 6.247061e-01 3.412219e-01
    outer loop
      vertex -6.629516e+00 1.757358e-01 2.746035e+00
      vertex -5.455245e+00 6.000000e-01 4.386377e+00
      vertex -6.820002e+00 6.000000e-01 1.577206e+00
    endloop
  endfacet
  facet normal -6.208079e-01 7.705527e-05 7.839627e-01
    outer loop
      vertex -3.009057e+00 3.340000e+01 6.320251e+00
      vertex -5.462348e+00 3.340000e+01 4.377528e+00
      vertex -5.455245e+00 6.000000e-01 4.386377e+00
    endloop
  endfacet
  facet normal -8.218667e-01 1.515428e-01 5.491538e-01
    outer loop
      vertex -6.629516e+00 1.757358e-01 2.746035e+00
      vertex -5.074012e+00 1.757358e-01 5.074012e+00
      vertex -5.455245e+00 6.000000e-01 4.386377e+00
    endloop
  endfacet
  facet normal -9.999973e-01 -9.943077e-05 2.300090e-03
    outer loop
      vertex -6.823296e+00 3.340000e+01 1.562893e+00
      vertex -6.827185e+00 6.000000e-01 -1.545816e+00
      vertex -6.820002e+00 6.000000e-01 1.577206e+00
    endloop
  endfacet
  facet normal -7.695090e-01 6.386336e-01 1.769944e-03
    outer loop
      vertex -7.175736e+00 1.757358e-01 5.440773e-12
      vertex -6.820002e+00 6.000000e-01 1.577206e+00
      vertex -6.827185e+00 6.000000e-01 -1.545816e+00
    endloop
  endfacet
  facet normal -9.002812e-01 9.953840e-05 4.353088e-01
    outer loop
      vertex -5.462348e+00 3.340000e+01 4.377528e+00
      vertex -6.823296e+00 3.340000e+01 1.562893e+00
      vertex -6.820002e+00 6.000000e-01 1.577206e+00
    endloop
  endfacet
  facet normal -9.761929e-01 9.665822e-02 1.941768e-01
    outer loop
      vertex -7.175736e+00 1.757358e-01 5.440773e-12
      vertex -6.629516e+00 1.757358e-01 2.746035e+00
      vertex -6.820002e+00 6.000000e-01 1.577206e+00
    endloop
  endfacet
  facet normal -9.014689e-01 -1.263529e-04 -4.328439e-01
    outer loop
      vertex -6.823034e+00 3.340000e+01 -1.564036e+00
      vertex -5.475326e+00 6.000000e-01 -4.361284e+00
      vertex -6.827185e+00 6.000000e-01 -1.545816e+00
    endloop
  endfacet
  facet normal -7.023890e-01 6.268244e-01 -3.372549e-01
    outer loop
      vertex -6.629516e+00 1.757358e-01 -2.746035e+00
      vertex -6.827185e+00 6.000000e-01 -1.545816e+00
      vertex -5.475326e+00 6.000000e-01 -4.361284e+00
    endloop
  endfacet
  facet normal -1.000000e+00 1.265047e-04 -8.375265e-05
    outer loop
      vertex -6.823296e+00 3.340000e+01 1.562893e+00
      vertex -6.823034e+00 3.340000e+01 -1.564036e+00
      vertex -6.827185e+00 6.000000e-01 -1.545816e+00
    endloop
  endfacet
  facet normal -9.763946e-01 9.451622e-02 -1.942170e-01
    outer loop
      vertex -6.629516e+00 1.757358e-01 -2.746035e+00
      vertex -7.175736e+00 1.757358e-01 5.440773e-12
      vertex -6.827185e+00 6.000000e-01 -1.545816e+00
    endloop
  endfacet
  facet normal -6.233762e-01 -1.484084e-04 -7.819220e-01
    outer loop
      vertex -5.461619e+00 3.340000e+01 -4.378438e+00
      vertex -3.031730e+00 6.000000e-01 -6.309407e+00
      vertex -5.475326e+00 6.000000e-01 -4.361284e+00
    endloop
  endfacet
  facet normal -5.049545e-01 5.863862e-01 -6.333816e-01
    outer loop
      vertex -5.074012e+00 1.757358e-01 -5.074012e+00
      vertex -5.475326e+00 6.000000e-01 -4.361284e+00
      vertex -3.031730e+00 6.000000e-01 -6.309407e+00
    endloop
  endfacet
  facet normal -9.002085e-01 1.484693e-04 -4.354592e-01
    outer loop
      vertex -6.823034e+00 3.340000e+01 -1.564036e+00
      vertex -5.461619e+00 3.340000e+01 -4.378438e+00
      vertex -5.475326e+00 6.000000e-01 -4.361284e+00
    endloop
  endfacet
  facet normal -8.226507e-01 1.452594e-01 -5.496776e-01
    outer loop
      vertex -5.074012e+00 1.757358e-01 -5.074012e+00
      vertex -6.629516e+00 1.757358e-01 -2.746035e+00
      vertex -5.475326e+00 6.000000e-01 -4.361284e+00
    endloop
  endfacet
  facet normal -2.220993e-01 -5.213273e-20 -9.750240e-01
    outer loop
      vertex 8.572250e-16 3.340000e+01 -7.000000e+00
      vertex 8.649241e-16 6.000000e-01 -7.000000e+00
      vertex -3.031730e+00 6.000000e-01 -6.309407e+00
    endloop
  endfacet
  facet normal -1.916135e-01 5.056511e-01 -8.411904e-01
    outer loop
      vertex -2.746035e+00 1.757358e-01 -6.629516e+00
      vertex -3.031730e+00 6.000000e-01 -6.309407e+00
      vertex 8.649241e-16 6.000000e-01 -7.000000e+00
    endloop
  endfacet
  facet normal -2.202707e-01 -1.777477e-04 -9.754388e-01
    outer loop
      vertex -3.008049e+00 3.340000e+01 -6.320731e+00
      vertex 8.572250e-16 3.340000e+01 -7.000000e+00
      vertex -3.031730e+00 6.000000e-01 -6.309407e+00
    endloop
  endfacet
  facet normal -6.206801e-01 1.774229e-04 -7.840639e-01
    outer loop
      vertex -5.461619e+00 3.340000e+01 -4.378438e+00
      vertex -3.008049e+00 3.340000e+01 -6.320731e+00
      vertex -3.031730e+00 6.000000e-01 -6.309407e+00
    endloop
  endfacet
  facet normal -5.385702e-01 2.454835e-01 -8.060273e-01
    outer loop
      vertex -2.746035e+00 1.757358e-01 -6.629516e+00
      vertex -5.074012e+00 1.757358e-01 -5.074012e+00
      vertex -3.031730e+00 6.000000e-01 -6.309407e+00
    endloop
  endfacet
  facet normal 2.203485e-01 0.000000e+00 -9.754212e-01
    outer loop
      vertex 3.009057e+00 3.340000e+01 -6.320251e+00
      vertex 8.649241e-16 6.000000e-01 -7.000000e+00
      vertex 8.572250e-16 3.340000e+01 -7.000000e+00
    endloop
  endfacet
  facet normal 2.196708e-01 6.534436e-05 -9.755741e-01
    outer loop
      vertex 3.009057e+00 3.340000e+01 -6.320251e+00
      vertex 3.000271e+00 6.000000e-01 -6.324427e+00
      vertex 8.649241e-16 6.000000e-01 -7.000000e+00
    endloop
  endfacet
  facet normal 2.036702e-01 3.746623e-01 -9.045145e-01
    outer loop
      vertex -5.439801e-12 1.757358e-01 -7.175736e+00
      vertex 8.649241e-16 6.000000e-01 -7.000000e+00
      vertex 3.000271e+00 6.000000e-01 -6.324427e+00
    endloop
  endfacet
  facet normal -1.807444e-01 3.763808e-01 -9.086633e-01
    outer loop
      vertex -2.746035e+00 1.757358e-01 -6.629516e+00
      vertex 8.649241e-16 6.000000e-01 -7.000000e+00
      vertex -5.439801e-12 1.757358e-01 -7.175736e+00
    endloop
  endfacet
  facet normal 2.202707e-01 -1.777477e-04 9.754388e-01
    outer loop
      vertex 3.008049e+00 3.340000e+01 6.320731e+00
      vertex -8.572244e-16 3.340000e+01 7.000000e+00
      vertex 3.031730e+00 6.000000e-01 6.309407e+00
    endloop
  endfacet
  facet normal 6.196271e-01 -6.605200e-05 -7.848963e-01
    outer loop
      vertex 3.009057e+00 3.340000e+01 -6.320251e+00
      vertex 5.455245e+00 6.000000e-01 -4.386377e+00
      vertex 3.000271e+00 6.000000e-01 -6.324427e+00
    endloop
  endfacet
  facet normal 5.039563e-01 5.818140e-01 -6.383734e-01
    outer loop
      vertex 5.074012e+00 1.757358e-01 -5.074012e+00
      vertex 3.000271e+00 6.000000e-01 -6.324427e+00
      vertex 5.455245e+00 6.000000e-01 -4.386377e+00
    endloop
  endfacet
  facet normal 1.681445e-01 5.071117e-01 -8.453195e-01
    outer loop
      vertex 2.746035e+00 1.757358e-01 -6.629516e+00
      vertex -5.439801e-12 1.757358e-01 -7.175736e+00
      vertex 3.000271e+00 6.000000e-01 -6.324427e+00
    endloop
  endfacet
  facet normal 5.370347e-01 2.561504e-01 -8.037292e-01
    outer loop
      vertex 5.074012e+00 1.757358e-01 -5.074012e+00
      vertex 2.746035e+00 1.757358e-01 -6.629516e+00
      vertex 3.000271e+00 6.000000e-01 -6.324427e+00
    endloop
  endfacet
  facet normal 8.994701e-01 -7.690182e-05 -4.369822e-01
    outer loop
      vertex 5.462348e+00 3.340000e+01 -4.377528e+00
      vertex 6.820002e+00 6.000000e-01 -1.577206e+00
      vertex 5.455245e+00 6.000000e-01 -4.386377e+00
    endloop
  endfacet
  facet normal 7.023602e-01 6.247061e-01 -3.412219e-01
    outer loop
      vertex 6.629516e+00 1.757358e-01 -2.746035e+00
      vertex 5.455245e+00 6.000000e-01 -4.386377e+00
      vertex 6.820002e+00 6.000000e-01 -1.577206e+00
    endloop
  endfacet
  facet normal 6.208079e-01 7.705527e-05 -7.839627e-01
    outer loop
      vertex 3.009057e+00 3.340000e+01 -6.320251e+00
      vertex 5.462348e+00 3.340000e+01 -4.377528e+00
      vertex 5.455245e+00 6.000000e-01 -4.386377e+00
    endloop
  endfacet
  facet normal 8.218667e-01 1.515428e-01 -5.491538e-01
    outer loop
      vertex 6.629516e+00 1.757358e-01 -2.746035e+00
      vertex 5.074012e+00 1.757358e-01 -5.074012e+00
      vertex 5.455245e+00 6.000000e-01 -4.386377e+00
    endloop
  endfacet
  facet normal 9.999973e-01 -9.943077e-05 -2.300090e-03
    outer loop
      vertex 6.823296e+00 3.340000e+01 -1.562893e+00
      vertex 6.827185e+00 6.000000e-01 1.545816e+00
      vertex 6.820002e+00 6.000000e-01 -1.577206e+00
    endloop
  endfacet
  facet normal 7.695090e-01 6.386336e-01 -1.769944e-03
    outer loop
      vertex 7.175736e+00 1.757358e-01 -5.439885e-12
      vertex 6.820002e+00 6.000000e-01 -1.577206e+00
      vertex 6.827185e+00 6.000000e-01 1.545816e+00
    endloop
  endfacet
  facet normal 9.002812e-01 9.953840e-05 -4.353088e-01
    outer loop
      vertex 5.462348e+00 3.340000e+01 -4.377528e+00
      vertex 6.823296e+00 3.340000e+01 -1.562893e+00
      vertex 6.820002e+00 6.000000e-01 -1.577206e+00
    endloop
  endfacet
  facet normal 9.761929e-01 9.665822e-02 -1.941768e-01
    outer loop
      vertex 7.175736e+00 1.757358e-01 -5.439885e-12
      vertex 6.629516e+00 1.757358e-01 -2.746035e+00
      vertex 6.820002e+00 6.000000e-01 -1.577206e+00
    endloop
  endfacet
  facet normal 9.014689e-01 -1.263529e-04 4.328439e-01
    outer loop
      vertex 6.823034e+00 3.340000e+01 1.564036e+00
      vertex 5.475326e+00 6.000000e-01 4.361284e+00
      vertex 6.827185e+00 6.000000e-01 1.545816e+00
    endloop
  endfacet
  facet normal 7.023890e-01 6.268244e-01 3.372549e-01
    outer loop
      vertex 6.629516e+00 1.757358e-01 2.746035e+00
      vertex 6.827185e+00 6.000000e-01 1.545816e+00
      vertex 5.475326e+00 6.000000e-01 4.361284e+00
    endloop
  endfacet
  facet normal 1.000000e+00 1.265047e-04 8.375265e-05
    outer loop
      vertex 6.823296e+00 3.340000e+01 -1.562893e+00
      vertex 6.823034e+00 3.340000e+01 1.564036e+00
      vertex 6.827185e+00 6.000000e-01 1.545816e+00
    endloop
  endfacet
  facet normal 9.763946e-01 9.451622e-02 1.942170e-01
    outer loop
      vertex 6.629516e+00 1.757358e-01 2.746035e+00
      vertex 7.175736e+00 1.757358e-01 -5.439885e-12
      vertex 6.827185e+00 6.000000e-01 1.545816e+00
    endloop
  endfacet
  facet normal 6.233762e-01 -1.484084e-04 7.819220e-01
    outer loop
      vertex 5.461619e+00 3.340000e+01 4.378438e+00
      vertex 3.031730e+00 6.000000e-01 6.309407e+00
      vertex 5.475326e+00 6.000000e-01 4.361284e+00
    endloop
  endfacet
  facet normal 5.049545e-01 5.863862e-01 6.333816e-01
    outer loop
      vertex 5.074012e+00 1.757358e-01 5.074012e+00
      vertex 5.475326e+00 6.000000e-01 4.361284e+00
      vertex 3.031730e+00 6.000000e-01 6.309407e+00
    endloop
  endfacet
  facet normal 9.002085e-01 1.484693e-04 4.354592e-01
    outer loop
      vertex 6.823034e+00 3.340000e+01 1.564036e+00
      vertex 5.461619e+00 3.340000e+01 4.378438e+00
      vertex 5.475326e+00 6.000000e-01 4.361284e+00
    endloop
  endfacet
  facet normal 8.226507e-01 1.452594e-01 5.496776e-01
    outer loop
      vertex 5.074012e+00 1.757358e-01 5.074012e+00
      vertex 6.629516e+00 1.757358e-01 2.746035e+00
      vertex 5.475326e+00 6.000000e-01 4.361284e+00
    endloop
  endfacet
  facet normal 6.206801e-01 1.774229e-04 7.840639e-01
    outer loop
      vertex 5.461619e+00 3.340000e+01 4.378438e+00
      vertex 3.008049e+00 3.340000e+01 6.320731e+00
      vertex 3.031730e+00 6.000000e-01 6.309407e+00
    endloop
  endfacet
  facet normal 5.385702e-01 2.454835e-01 8.060273e-01
    outer loop
      vertex 2.746035e+00 1.757358e-01 6.629516e+00
      vertex 5.074012e+00 1.757358e-01 5.074012e+00
      vertex 3.031730e+00 6.000000e-01 6.309407e+00
    endloop
  endfacet
  facet normal 0.000000e+00 1.000000e+00 0.000000e+00
    outer loop
      vertex 2.864755e+00 0.000000e+00 -7.039371e+00
      vertex 3.590770e+00 0.000000e+00 -9.866830e+00
      vertex 1.285837e-15 0.000000e+00 -1.050000e+01
    endloop
  endfacet
  facet normal 1.736536e-01 0.000000e+00 -9.848068e-01
    outer loop
      vertex 1.285837e-15 -1.200000e+01 -1.050000e+01
      vertex 1.285837e-15 0.000000e+00 -1.050000e+01
      vertex 3.590770e+00 0.000000e+00 -9.866830e+00
    endloop
  endfacet
  facet normal 0.000000e+00 1.000000e+00 0.000000e+00
    outer loop
      vertex 1.671919e-17 0.000000e+00 -7.600000e+00
      vertex 1.285837e-15 0.000000e+00 -1.050000e+01
      vertex -3.590770e+00 0.000000e+00 -9.866830e+00
    endloop
  endfacet
  facet normal -1.736400e-01 1.254594e-02 -9.847293e-01
    outer loop
      vertex -2.249031e+00 -1.200000e+01 -1.025631e+01
      vertex -3.590770e+00 0.000000e+00 -9.866830e+00
      vertex 1.285837e-15 0.000000e+00 -1.050000e+01
    endloop
  endfacet
  facet normal 0.000000e+00 1.000000e+00 0.000000e+00
    outer loop
      vertex 1.671919e-17 0.000000e+00 -7.600000e+00
      vertex 2.864755e+00 0.000000e+00 -7.039371e+00
      vertex 1.285837e-15 0.000000e+00 -1.050000e+01
    endloop
  endfacet
  facet normal -1.077236e-01 0.000000e+00 -9.941809e-01
    outer loop
      vertex 1.285837e-15 -1.200000e+01 -1.050000e+01
      vertex -2.249031e+00 -1.200000e+01 -1.025631e+01
      vertex 1.285837e-15 0.000000e+00 -1.050000e+01
    endloop
  endfacet
  facet normal 0.000000e+00 1.000000e+00 0.000000e+00
    outer loop
      vertex 5.350241e+00 0.000000e+00 -5.397664e+00
      vertex 6.749541e+00 0.000000e+00 -8.043113e+00
      vertex 3.590770e+00 0.000000e+00 -9.866830e+00
    endloop
  endfacet
  facet normal 4.999838e-01 8.037421e-03 -8.659974e-01
    outer loop
      vertex 4.221890e+00 -1.200000e+01 -9.613826e+00
      vertex 3.590770e+00 0.000000e+00 -9.866830e+00
      vertex 6.749541e+00 0.000000e+00 -8.043113e+00
    endloop
  endfacet
  facet normal 0.000000e+00 1.000000e+00 0.000000e+00
    outer loop
      vertex 2.864755e+00 0.000000e+00 -7.039371e+00
      vertex 5.350241e+00 0.000000e+00 -5.397664e+00
      vertex 3.590770e+00 0.000000e+00 -9.866830e+00
    endloop
  endfacet
  facet normal 1.075124e-01 2.027640e-02 -9.939970e-01
    outer loop
      vertex 2.245131e+00 -1.200000e+01 -1.025716e+01
      vertex 1.285837e-15 -1.200000e+01 -1.050000e+01
      vertex 3.590770e+00 0.000000e+00 -9.866830e+00
    endloop
  endfacet
  facet normal 3.094712e-01 -3.772373e-03 -9.509013e-01
    outer loop
      vertex 4.221890e+00 -1.200000e+01 -9.613826e+00
      vertex 2.245131e+00 -1.200000e+01 -1.025716e+01
      vertex 3.590770e+00 0.000000e+00 -9.866830e+00
    endloop
  endfacet
  facet normal 0.000000e+00 1.000000e+00 0.000000e+00
    outer loop
      vertex 9.093267e+00 0.000000e+00 5.250000e+00
      vertex 9.093267e+00 0.000000e+00 -5.250000e+00
      vertex 6.749541e+00 0.000000e+00 -8.043113e+00
    endloop
  endfacet
  facet normal 7.659899e-01 1.153782e-02 -6.427491e-01
    outer loop
      vertex 7.599976e+00 -1.200000e+01 -7.245024e+00
      vertex 6.749541e+00 0.000000e+00 -8.043113e+00
      vertex 9.093267e+00 0.000000e+00 -5.250000e+00
    endloop
  endfacet
  facet normal 0.000000e+00 1.000000e+00 0.000000e+00
    outer loop
      vertex 7.599965e+00 0.000000e+00 -1.747748e-02
      vertex 9.093267e+00 0.000000e+00 5.250000e+00
      vertex 6.749541e+00 0.000000e+00 -8.043113e+00
    endloop
  endfacet
  facet normal 0.000000e+00 1.000000e+00 0.000000e+00
    outer loop
      vertex 7.011845e+00 0.000000e+00 -2.931526e+00
      vertex 7.599965e+00 0.000000e+00 -1.747748e-02
      vertex 6.749541e+00 0.000000e+00 -8.043113e+00
    endloop
  endfacet
  facet normal 0.000000e+00 1.000000e+00 0.000000e+00
    outer loop
      vertex 5.350241e+00 0.000000e+00 -5.397664e+00
      vertex 7.011845e+00 0.000000e+00 -2.931526e+00
      vertex 6.749541e+00 0.000000e+00 -8.043113e+00
    endloop
  endfacet
  facet normal 4.898136e-01 1.093375e-02 -8.717586e-01
    outer loop
      vertex 6.015336e+00 -1.200000e+01 -8.606145e+00
      vertex 4.221890e+00 -1.200000e+01 -9.613826e+00
      vertex 6.749541e+00 0.000000e+00 -8.043113e+00
    endloop
  endfacet
  facet normal 6.515740e-01 -4.273949e-03 -7.585731e-01
    outer loop
      vertex 7.599976e+00 -1.200000e+01 -7.245024e+00
      vertex 6.015336e+00 -1.200000e+01 -8.606145e+00
      vertex 6.749541e+00 0.000000e+00 -8.043113e+00
    endloop
  endfacet
  facet normal 0.000000e+00 1.000000e+00 0.000000e+00
    outer loop
      vertex 1.034031e+01 0.000000e+00 1.823717e+00
      vertex 1.034031e+01 0.000000e+00 -1.823717e+00
      vertex 9.093267e+00 0.000000e+00 -5.250000e+00
    endloop
  endfacet
  facet normal 9.396928e-01 1.887419e-03 -3.420143e-01
    outer loop
      vertex 9.160199e+00 -1.200000e+01 -5.132325e+00
      vertex 9.093267e+00 0.000000e+00 -5.250000e+00
      vertex 1.034031e+01 0.000000e+00 -1.823717e+00
    endloop
  endfacet
  facet normal 0.000000e+00 1.000000e+00 0.000000e+00
    outer loop
      vertex 9.093267e+00 0.000000e+00 5.250000e+00
      vertex 1.034031e+01 0.000000e+00 1.823717e+00
      vertex 9.093267e+00 0.000000e+00 -5.250000e+00
    endloop
  endfacet
  facet normal 8.044187e-01 -1.338742e-03 -5.940612e-01
    outer loop
      vertex 9.160199e+00 -1.200000e+01 -5.132325e+00
      vertex 7.599976e+00 -1.200000e+01 -7.245024e+00
      vertex 9.093267e+00 0.000000e+00 -5.250000e+00
    endloop
  endfacet
  facet normal 9.999115e-01 1.330583e-02 0.000000e+00
    outer loop
      vertex 1.049999e+01 -1.200000e+01 1.092091e-02
      vertex 1.034031e+01 0.000000e+00 -1.823717e+00
      vertex 1.034031e+01 0.000000e+00 1.823717e+00
    endloop
  endfacet
  facet normal 9.406739e-01 1.045418e-03 -3.393104e-01
    outer loop
      vertex 1.032722e+01 -1.200000e+01 -1.896980e+00
      vertex 9.160199e+00 -1.200000e+01 -5.132325e+00
      vertex 1.034031e+01 0.000000e+00 -1.823717e+00
    endloop
  endfacet
  facet normal 9.959246e-01 -5.358082e-04 -9.018839e-02
    outer loop
      vertex 1.049999e+01 -1.200000e+01 1.092091e-02
      vertex 1.032722e+01 -1.200000e+01 -1.896980e+00
      vertex 1.034031e+01 0.000000e+00 -1.823717e+00
    endloop
  endfacet
  facet normal 9.396937e-01 1.343019e-03 3.420146e-01
    outer loop
      vertex 1.032354e+01 -1.200000e+01 1.916926e+00
      vertex 1.034031e+01 0.000000e+00 1.823717e+00
      vertex 9.093267e+00 0.000000e+00 5.250000e+00
    endloop
  endfacet
  facet normal 9.957416e-01 -6.758572e-04 9.218599e-02
    outer loop
      vertex 1.032354e+01 -1.200000e+01 1.916926e+00
      vertex 1.049999e+01 -1.200000e+01 1.092091e-02
      vertex 1.034031e+01 0.000000e+00 1.823717e+00
    endloop
  endfacet
  facet normal 0.000000e+00 1.000000e+00 0.000000e+00
    outer loop
      vertex 7.025167e+00 0.000000e+00 2.899454e+00
      vertex 6.749541e+00 0.000000e+00 8.043113e+00
      vertex 9.093267e+00 0.000000e+00 5.250000e+00
    endloop
  endfacet
  facet normal 7.659898e-01 1.154896e-02 6.427490e-01
    outer loop
      vertex 7.601436e+00 -1.200000e+01 7.243492e+00
      vertex 9.093267e+00 0.000000e+00 5.250000e+00
      vertex 6.749541e+00 0.000000e+00 8.043113e+00
    endloop
  endfacet
  facet normal 0.000000e+00 1.000000e+00 0.000000e+00
    outer loop
      vertex 7.599965e+00 0.000000e+00 -1.747748e-02
      vertex 7.025167e+00 0.000000e+00 2.899454e+00
      vertex 9.093267e+00 0.000000e+00 5.250000e+00
    endloop
  endfacet
  facet normal 9.401852e-01 1.769872e-03 3.406592e-01
    outer loop
      vertex 9.155383e+00 -1.200000e+01 5.140911e+00
      vertex 1.032354e+01 -1.200000e+01 1.916926e+00
      vertex 9.093267e+00 0.000000e+00 5.250000e+00
    endloop
  endfacet
  facet normal 8.042001e-01 -1.240346e-03 5.943573e-01
    outer loop
      vertex 7.601436e+00 -1.200000e+01 7.243492e+00
      vertex 9.155383e+00 -1.200000e+01 5.140911e+00
      vertex 9.093267e+00 0.000000e+00 5.250000e+00
    endloop
  endfacet
  facet normal 0.000000e+00 1.000000e+00 0.000000e+00
    outer loop
      vertex 5.375142e+00 0.000000e+00 5.372870e+00
      vertex 3.590770e+00 0.000000e+00 9.866830e+00
      vertex 6.749541e+00 0.000000e+00 8.043113e+00
    endloop
  endfacet
  facet normal 4.999750e-01 1.000110e-02 8.659821e-01
    outer loop
      vertex 6.019868e+00 -1.200000e+01 8.602976e+00
      vertex 6.749541e+00 0.000000e+00 8.043113e+00
      vertex 3.590770e+00 0.000000e+00 9.866830e+00
    endloop
  endfacet
  facet normal 0.000000e+00 1.000000e+00 0.000000e+00
    outer loop
      vertex 7.025167e+00 0.000000e+00 2.899454e+00
      vertex 5.375142e+00 0.000000e+00 5.372870e+00
      vertex 6.749541e+00 0.000000e+00 8.043113e+00
    endloop
  endfacet
  facet normal 6.518502e-01 -4.256087e-03 7.583358e-01
    outer loop
      vertex 6.019868e+00 -1.200000e+01 8.602976e+00
      vertex 7.601436e+00 -1.200000e+01 7.243492e+00
      vertex 6.749541e+00 0.000000e+00 8.043113e+00
    endloop
  endfacet
  facet normal 0.000000e+00 1.000000e+00 0.000000e+00
    outer loop
      vertex -9.307008e-16 0.000000e+00 7.600000e+00
      vertex -1.285837e-15 0.000000e+00 1.050000e+01
      vertex 3.590770e+00 0.000000e+00 9.866830e+00
    endloop
  endfacet
  facet normal 1.736400e-01 1.254594e-02 9.847293e-01
    outer loop
      vertex 2.249031e+00 -1.200000e+01 1.025631e+01
      vertex 3.590770e+00 0.000000e+00 9.866830e+00
      vertex -1.285837e-15 0.000000e+00 1.050000e+01
    endloop
  endfacet
  facet normal 0.000000e+00 1.000000e+00 0.000000e+00
    outer loop
      vertex 2.900347e+00 0.000000e+00 7.024817e+00
      vertex -9.307008e-16 0.000000e+00 7.600000e+00
      vertex 3.590770e+00 0.000000e+00 9.866830e+00
    endloop
  endfacet
  facet normal 0.000000e+00 1.000000e+00 0.000000e+00
    outer loop
      vertex 5.375142e+00 0.000000e+00 5.372870e+00
      vertex 2.900347e+00 0.000000e+00 7.024817e+00
      vertex 3.590770e+00 0.000000e+00 9.866830e+00
    endloop
  endfacet
  facet normal 4.902775e-01 7.453297e-03 8.715345e-01
    outer loop
      vertex 4.226712e+00 -1.200000e+01 9.611707e+00
      vertex 6.019868e+00 -1.200000e+01 8.602976e+00
      vertex 3.590770e+00 0.000000e+00 9.866830e+00
    endloop
  endfacet
  facet normal 3.098905e-01 -3.790809e-03 9.507647e-01
    outer loop
      vertex 2.249031e+00 -1.200000e+01 1.025631e+01
      vertex 4.226712e+00 -1.200000e+01 9.611707e+00
      vertex 3.590770e+00 0.000000e+00 9.866830e+00
    endloop
  endfacet
  facet normal 0.000000e+00 1.000000e+00 0.000000e+00
    outer loop
      vertex -2.864755e+00 0.000000e+00 7.039371e+00
      vertex -3.590770e+00 0.000000e+00 9.866830e+00
      vertex -1.285837e-15 0.000000e+00 1.050000e+01
    endloop
  endfacet
  facet normal -1.736536e-01 0.000000e+00 9.848068e-01
    outer loop
      vertex -1.285837e-15 -1.200000e+01 1.050000e+01
      vertex -1.285837e-15 0.000000e+00 1.050000e+01
      vertex -3.590770e+00 0.000000e+00 9.866830e+00
    endloop
  endfacet
  facet normal 0.000000e+00 1.000000e+00 0.000000e+00
    outer loop
      vertex -2.864755e+00 0.000000e+00 7.039371e+00
      vertex -1.285837e-15 0.000000e+00 1.050000e+01
      vertex -9.307008e-16 0.000000e+00 7.600000e+00
    endloop
  endfacet
  facet normal 1.077236e-01 0.000000e+00 9.941809e-01
    outer loop
      vertex 2.249031e+00 -1.200000e+01 1.025631e+01
      vertex -1.285837e-15 0.000000e+00 1.050000e+01
      vertex -1.285837e-15 -1.200000e+01 1.050000e+01
    endloop
  endfacet
  facet normal 0.000000e+00 1.000000e+00 0.000000e+00
    outer loop
      vertex -5.350241e+00 0.000000e+00 5.397664e+00
      vertex -6.749541e+00 0.000000e+00 8.043113e+00
      vertex -3.590770e+00 0.000000e+00 9.866830e+00
    endloop
  endfacet
  facet normal -4.999838e-01 8.037421e-03 8.659974e-01
    outer loop
      vertex -4.221890e+00 -1.200000e+01 9.613826e+00
      vertex -3.590770e+00 0.000000e+00 9.866830e+00
      vertex -6.749541e+00 0.000000e+00 8.043113e+00
    endloop
  endfacet
  facet normal 0.000000e+00 1.000000e+00 0.000000e+00
    outer loop
      vertex -2.864755e+00 0.000000e+00 7.039371e+00
      vertex -5.350241e+00 0.000000e+00 5.397664e+00
      vertex -3.590770e+00 0.000000e+00 9.866830e+00
    endloop
  endfacet
  facet normal -1.075124e-01 2.027640e-02 9.939970e-01
    outer loop
      vertex -2.245131e+00 -1.200000e+01 1.025716e+01
      vertex -1.285837e-15 -1.200000e+01 1.050000e+01
      vertex -3.590770e+00 0.000000e+00 9.866830e+00
    endloop
  endfacet
  facet normal -3.094712e-01 -3.772373e-03 9.509013e-01
    outer loop
      vertex -4.221890e+00 -1.200000e+01 9.613826e+00
      vertex -2.245131e+00 -1.200000e+01 1.025716e+01
      vertex -3.590770e+00 0.000000e+00 9.866830e+00
    endloop
  endfacet
  facet normal 0.000000e+00 1.000000e+00 0.000000e+00
    outer loop
      vertex -9.093267e+00 0.000000e+00 -5.250000e+00
      vertex -9.093267e+00 0.000000e+00 5.250000e+00
      vertex -6.749541e+00 0.000000e+00 8.043113e+00
    endloop
  endfacet
  facet normal -7.659899e-01 1.153782e-02 6.427491e-01
    outer loop
      vertex -7.599976e+00 -1.200000e+01 7.245024e+00
      vertex -6.749541e+00 0.000000e+00 8.043113e+00
      vertex -9.093267e+00 0.000000e+00 5.250000e+00
    endloop
  endfacet
  facet normal 0.000000e+00 1.000000e+00 0.000000e+00
    outer loop
      vertex -7.599965e+00 0.000000e+00 1.747748e-02
      vertex -9.093267e+00 0.000000e+00 -5.250000e+00
      vertex -6.749541e+00 0.000000e+00 8.043113e+00
    endloop
  endfacet
  facet normal 0.000000e+00 1.000000e+00 0.000000e+00
    outer loop
      vertex -7.011845e+00 0.000000e+00 2.931526e+00
      vertex -7.599965e+00 0.000000e+00 1.747748e-02
      vertex -6.749541e+00 0.000000e+00 8.043113e+00
    endloop
  endfacet
  facet normal 0.000000e+00 1.000000e+00 0.000000e+00
    outer loop
      vertex -5.350241e+00 0.000000e+00 5.397664e+00
      vertex -7.011845e+00 0.000000e+00 2.931526e+00
      vertex -6.749541e+00 0.000000e+00 8.043113e+00
    endloop
  endfacet
  facet normal -4.898136e-01 1.093375e-02 8.717586e-01
    outer loop
      vertex -6.015336e+00 -1.200000e+01 8.606145e+00
      vertex -4.221890e+00 -1.200000e+01 9.613826e+00
      vertex -6.749541e+00 0.000000e+00 8.043113e+00
    endloop
  endfacet
  facet normal -6.515740e-01 -4.273949e-03 7.585731e-01
    outer loop
      vertex -7.599976e+00 -1.200000e+01 7.245024e+00
      vertex -6.015336e+00 -1.200000e+01 8.606145e+00
      vertex -6.749541e+00 0.000000e+00 8.043113e+00
    endloop
  endfacet
  facet normal 0.000000e+00 1.000000e+00 0.000000e+00
    outer loop
      vertex -1.034031e+01 0.000000e+00 -1.823717e+00
      vertex -1.034031e+01 0.000000e+00 1.823717e+00
      vertex -9.093267e+00 0.000000e+00 5.250000e+00
    endloop
  endfacet
  facet normal -9.396928e-01 1.887419e-03 3.420143e-01
    outer loop
      vertex -9.160199e+00 -1.200000e+01 5.132325e+00
      vertex -9.093267e+00 0.000000e+00 5.250000e+00
      vertex -1.034031e+01 0.000000e+00 1.823717e+00
    endloop
  endfacet
  facet normal 0.000000e+00 1.000000e+00 0.000000e+00
    outer loop
      vertex -9.093267e+00 0.000000e+00 -5.250000e+00
      vertex -1.034031e+01 0.000000e+00 -1.823717e+00
      vertex -9.093267e+00 0.000000e+00 5.250000e+00
    endloop
  endfacet
  facet normal -8.044187e-01 -1.338742e-03 5.940612e-01
    outer loop
      vertex -9.160199e+00 -1.200000e+01 5.132325e+00
      vertex -7.599976e+00 -1.200000e+01 7.245024e+00
      vertex -9.093267e+00 0.000000e+00 5.250000e+00
    endloop
  endfacet
  facet normal -9.999115e-01 1.330583e-02 0.000000e+00
    outer loop
      vertex -1.049999e+01 -1.200000e+01 -1.092091e-02
      vertex -1.034031e+01 0.000000e+00 1.823717e+00
      vertex -1.034031e+01 0.000000e+00 -1.823717e+00
    endloop
  endfacet
  facet normal -9.406739e-01 1.045418e-03 3.393104e-01
    outer loop
      vertex -1.032722e+01 -1.200000e+01 1.896980e+00
      vertex -9.160199e+00 -1.200000e+01 5.132325e+00
      vertex -1.034031e+01 0.000000e+00 1.823717e+00
    endloop
  endfacet
  facet normal -9.959246e-01 -5.358082e-04 9.018839e-02
    outer loop
      vertex -1.049999e+01 -1.200000e+01 -1.092091e-02
      vertex -1.032722e+01 -1.200000e+01 1.896980e+00
      vertex -1.034031e+01 0.000000e+00 1.823717e+00
    endloop
  endfacet
  facet normal -9.396937e-01 1.343019e-03 -3.420146e-01
    outer loop
      vertex -1.032354e+01 -1.200000e+01 -1.916926e+00
      vertex -1.034031e+01 0.000000e+00 -1.823717e+00
      vertex -9.093267e+00 0.000000e+00 -5.250000e+00
    endloop
  endfacet
  facet normal -9.957416e-01 -6.758572e-04 -9.218599e-02
    outer loop
      vertex -1.032354e+01 -1.200000e+01 -1.916926e+00
      vertex -1.049999e+01 -1.200000e+01 -1.092091e-02
      vertex -1.034031e+01 0.000000e+00 -1.823717e+00
    endloop
  endfacet
  facet normal 0.000000e+00 1.000000e+00 0.000000e+00
    outer loop
      vertex -7.025167e+00 0.000000e+00 -2.899454e+00
      vertex -6.749541e+00 0.000000e+00 -8.043113e+00
      vertex -9.093267e+00 0.000000e+00 -5.250000e+00
    endloop
  endfacet
  facet normal -7.659898e-01 1.154896e-02 -6.427490e-01
    outer loop
      vertex -7.601436e+00 -1.200000e+01 -7.243492e+00
      vertex -9.093267e+00 0.000000e+00 -5.250000e+00
      vertex -6.749541e+00 0.000000e+00 -8.043113e+00
    endloop
  endfacet
  facet normal 0.000000e+00 1.000000e+00 0.000000e+00
    outer loop
      vertex -7.599965e+00 0.000000e+00 1.747748e-02
      vertex -7.025167e+00 0.000000e+00 -2.899454e+00
      vertex -9.093267e+00 0.000000e+00 -5.250000e+00
    endloop
  endfacet
  facet normal -9.401852e-01 1.769872e-03 -3.406592e-01
    outer loop
      vertex -9.155383e+00 -1.200000e+01 -5.140911e+00
      vertex -1.032354e+01 -1.200000e+01 -1.916926e+00
      vertex -9.093267e+00 0.000000e+00 -5.250000e+00
    endloop
  endfacet
  facet normal -8.042001e-01 -1.240346e-03 -5.943573e-01
    outer loop
      vertex -7.601436e+00 -1.200000e+01 -7.243492e+00
      vertex -9.155383e+00 -1.200000e+01 -5.140911e+00
      vertex -9.093267e+00 0.000000e+00 -5.250000e+00
    endloop
  endfacet
  facet normal 0.000000e+00 1.000000e+00 0.000000e+00
    outer loop
      vertex -5.375142e+00 0.000000e+00 -5.372870e+00
      vertex -3.590770e+00 0.000000e+00 -9.866830e+00
      vertex -6.749541e+00 0.000000e+00 -8.043113e+00
    endloop
  endfacet
  facet normal -4.999750e-01 1.000110e-02 -8.659821e-01
    outer loop
      vertex -6.019868e+00 -1.200000e+01 -8.602976e+00
      vertex -6.749541e+00 0.000000e+00 -8.043113e+00
      vertex -3.590770e+00 0.000000e+00 -9.866830e+00
    endloop
  endfacet
  facet normal 0.000000e+00 1.000000e+00 0.000000e+00
    outer loop
      vertex -7.025167e+00 0.000000e+00 -2.899454e+00
      vertex -5.375142e+00 0.000000e+00 -5.372870e+00
      vertex -6.749541e+00 0.000000e+00 -8.043113e+00
    endloop
  endfacet
  facet normal -6.518502e-01 -4.256087e-03 -7.583358e-01
    outer loop
      vertex -6.019868e+00 -1.200000e+01 -8.602976e+00
      vertex -7.601436e+00 -1.200000e+01 -7.243492e+00
      vertex -6.749541e+00 0.000000e+00 -8.043113e+00
    endloop
  endfacet
  facet normal 0.000000e+00 1.000000e+00 0.000000e+00
    outer loop
      vertex -2.900347e+00 0.000000e+00 -7.024817e+00
      vertex 1.671919e-17 0.000000e+00 -7.600000e+00
      vertex -3.590770e+00 0.000000e+00 -9.866830e+00
    endloop
  endfacet
  facet normal 0.000000e+00 1.000000e+00 0.000000e+00
    outer loop
      vertex -5.375142e+00 0.000000e+00 -5.372870e+00
      vertex -2.900347e+00 0.000000e+00 -7.024817e+00
      vertex -3.590770e+00 0.000000e+00 -9.866830e+00
    endloop
  endfacet
  facet normal -4.902775e-01 7.453297e-03 -8.715345e-01
    outer loop
      vertex -4.226712e+00 -1.200000e+01 -9.611707e+00
      vertex -6.019868e+00 -1.200000e+01 -8.602976e+00
      vertex -3.590770e+00 0.000000e+00 -9.866830e+00
    endloop
  endfacet
  facet normal -3.098905e-01 -3.790809e-03 -9.507647e-01
    outer loop
      vertex -2.249031e+00 -1.200000e+01 -1.025631e+01
      vertex -4.226712e+00 -1.200000e+01 -9.611707e+00
      vertex -3.590770e+00 0.000000e+00 -9.866830e+00
    endloop
  endfacet
  facet normal 7.567434e-02 9.212304e-01 3.815860e-01
    outer loop
      vertex 5.440232e-12 1.757358e-01 7.175736e+00
      vertex -9.307008e-16 0.000000e+00 7.600000e+00
      vertex 2.900347e+00 0.000000e+00 7.024817e+00
    endloop
  endfacet
  facet normal -7.338386e-02 9.241222e-01 3.749839e-01
    outer loop
      vertex -2.746035e+00 1.757358e-01 6.629516e+00
      vertex -2.864755e+00 0.000000e+00 7.039371e+00
      vertex -9.307008e-16 0.000000e+00 7.600000e+00
    endloop
  endfacet
  facet normal -7.590086e-02 9.212145e-01 3.815794e-01
    outer loop
      vertex -2.746035e+00 1.757358e-01 6.629516e+00
      vertex -9.307008e-16 0.000000e+00 7.600000e+00
      vertex 5.440232e-12 1.757358e-01 7.175736e+00
    endloop
  endfacet
  facet normal 2.167300e-01 9.206562e-01 3.246849e-01
    outer loop
      vertex 2.746035e+00 1.757358e-01 6.629516e+00
      vertex 2.900347e+00 0.000000e+00 7.024817e+00
      vertex 5.375142e+00 0.000000e+00 5.372870e+00
    endloop
  endfacet
  facet normal 7.563877e-02 9.217807e-01 3.802618e-01
    outer loop
      vertex 5.440232e-12 1.757358e-01 7.175736e+00
      vertex 2.900347e+00 0.000000e+00 7.024817e+00
      vertex 2.746035e+00 1.757358e-01 6.629516e+00
    endloop
  endfacet
  facet normal 3.248646e-01 9.205955e-01 2.167184e-01
    outer loop
      vertex 6.629516e+00 1.757358e-01 2.746035e+00
      vertex 5.375142e+00 0.000000e+00 5.372870e+00
      vertex 7.025167e+00 0.000000e+00 2.899454e+00
    endloop
  endfacet
  facet normal 3.232860e-01 9.213168e-01 2.160128e-01
    outer loop
      vertex 5.074012e+00 1.757358e-01 5.074012e+00
      vertex 5.375142e+00 0.000000e+00 5.372870e+00
      vertex 6.629516e+00 1.757358e-01 2.746035e+00
    endloop
  endfacet
  facet normal 2.162891e-01 9.211067e-01 3.236996e-01
    outer loop
      vertex 2.746035e+00 1.757358e-01 6.629516e+00
      vertex 5.375142e+00 0.000000e+00 5.372870e+00
      vertex 5.074012e+00 1.757358e-01 5.074012e+00
    endloop
  endfacet
  facet normal 3.842724e-01 9.201091e-01 7.572316e-02
    outer loop
      vertex 7.175736e+00 1.757358e-01 -5.439885e-12
      vertex 7.025167e+00 0.000000e+00 2.899454e+00
      vertex 7.599965e+00 0.000000e+00 -1.747748e-02
    endloop
  endfacet
  facet normal 3.801313e-01 9.218367e-01 7.561282e-02
    outer loop
      vertex 6.629516e+00 1.757358e-01 2.746035e+00
      vertex 7.025167e+00 0.000000e+00 2.899454e+00
      vertex 7.175736e+00 1.757358e-01 -5.439885e-12
    endloop
  endfacet
  facet normal 3.850081e-01 9.196363e-01 -7.770330e-02
    outer loop
      vertex 6.629516e+00 1.757358e-01 -2.746035e+00
      vertex 7.599965e+00 0.000000e+00 -1.747748e-02
      vertex 7.011845e+00 0.000000e+00 -2.931526e+00
    endloop
  endfacet
  facet normal 3.789689e-01 9.223341e-01 -7.538160e-02
    outer loop
      vertex 7.175736e+00 1.757358e-01 -5.439885e-12
      vertex 7.599965e+00 0.000000e+00 -1.747748e-02
      vertex 6.629516e+00 1.757358e-01 -2.746035e+00
    endloop
  endfacet
  facet normal 3.267667e-01 9.191034e-01 -2.201648e-01
    outer loop
      vertex 5.074012e+00 1.757358e-01 -5.074012e+00
      vertex 7.011845e+00 0.000000e+00 -2.931526e+00
      vertex 5.350241e+00 0.000000e+00 -5.397664e+00
    endloop
  endfacet
  facet normal 3.203251e-01 9.228115e-01 -2.140344e-01
    outer loop
      vertex 6.629516e+00 1.757358e-01 -2.746035e+00
      vertex 7.011845e+00 0.000000e+00 -2.931526e+00
      vertex 5.074012e+00 1.757358e-01 -5.074012e+00
    endloop
  endfacet
  facet normal 2.182884e-01 9.182225e-01 -3.304808e-01
    outer loop
      vertex 2.746035e+00 1.757358e-01 -6.629516e+00
      vertex 5.350241e+00 0.000000e+00 -5.397664e+00
      vertex 2.864755e+00 0.000000e+00 -7.039371e+00
    endloop
  endfacet
  facet normal 2.133335e-01 9.233372e-01 -3.192761e-01
    outer loop
      vertex 5.074012e+00 1.757358e-01 -5.074012e+00
      vertex 5.350241e+00 0.000000e+00 -5.397664e+00
      vertex 2.746035e+00 1.757358e-01 -6.629516e+00
    endloop
  endfacet
  facet normal 7.338386e-02 9.241222e-01 -3.749839e-01
    outer loop
      vertex 2.746035e+00 1.757358e-01 -6.629516e+00
      vertex 2.864755e+00 0.000000e+00 -7.039371e+00
      vertex 1.671919e-17 0.000000e+00 -7.600000e+00
    endloop
  endfacet
  facet normal -7.567434e-02 9.212304e-01 -3.815860e-01
    outer loop
      vertex -5.439801e-12 1.757358e-01 -7.175736e+00
      vertex 1.671919e-17 0.000000e+00 -7.600000e+00
      vertex -2.900347e+00 0.000000e+00 -7.024817e+00
    endloop
  endfacet
  facet normal 7.590086e-02 9.212145e-01 -3.815794e-01
    outer loop
      vertex 2.746035e+00 1.757358e-01 -6.629516e+00
      vertex 1.671919e-17 0.000000e+00 -7.600000e+00
      vertex -5.439801e-12 1.757358e-01 -7.175736e+00
    endloop
  endfacet
  facet normal -2.167300e-01 9.206562e-01 -3.246849e-01
    outer loop
      vertex -2.746035e+00 1.757358e-01 -6.629516e+00
      vertex -2.900347e+00 0.000000e+00 -7.024817e+00
      vertex -5.375142e+00 0.000000e+00 -5.372870e+00
    endloop
  endfacet
  facet normal -7.563877e-02 9.217807e-01 -3.802618e-01
    outer loop
      vertex -2.746035e+00 1.757358e-01 -6.629516e+00
      vertex -5.439801e-12 1.757358e-01 -7.175736e+00
      vertex -2.900347e+00 0.000000e+00 -7.024817e+00
    endloop
  endfacet
  facet normal -3.248646e-01 9.205955e-01 -2.167184e-01
    outer loop
      vertex -6.629516e+00 1.757358e-01 -2.746035e+00
      vertex -5.375142e+00 0.000000e+00 -5.372870e+00
      vertex -7.025167e+00 0.000000e+00 -2.899454e+00
    endloop
  endfacet
  facet normal -3.232860e-01 9.213168e-01 -2.160128e-01
    outer loop
      vertex -5.074012e+00 1.757358e-01 -5.074012e+00
      vertex -5.375142e+00 0.000000e+00 -5.372870e+00
      vertex -6.629516e+00 1.757358e-01 -2.746035e+00
    endloop
  endfacet
  facet normal -2.162891e-01 9.211067e-01 -3.236996e-01
    outer loop
      vertex -2.746035e+00 1.757358e-01 -6.629516e+00
      vertex -5.375142e+00 0.000000e+00 -5.372870e+00
      vertex -5.074012e+00 1.757358e-01 -5.074012e+00
    endloop
  endfacet
  facet normal -3.842724e-01 9.201091e-01 -7.572316e-02
    outer loop
      vertex -7.175736e+00 1.757358e-01 5.440773e-12
      vertex -7.025167e+00 0.000000e+00 -2.899454e+00
      vertex -7.599965e+00 0.000000e+00 1.747748e-02
    endloop
  endfacet
  facet normal -3.801313e-01 9.218367e-01 -7.561282e-02
    outer loop
      vertex -6.629516e+00 1.757358e-01 -2.746035e+00
      vertex -7.025167e+00 0.000000e+00 -2.899454e+00
      vertex -7.175736e+00 1.757358e-01 5.440773e-12
    endloop
  endfacet
  facet normal -3.850081e-01 9.196363e-01 7.770330e-02
    outer loop
      vertex -6.629516e+00 1.757358e-01 2.746035e+00
      vertex -7.599965e+00 0.000000e+00 1.747748e-02
      vertex -7.011845e+00 0.000000e+00 2.931526e+00
    endloop
  endfacet
  facet normal -3.789689e-01 9.223341e-01 7.538160e-02
    outer loop
      vertex -7.175736e+00 1.757358e-01 5.440773e-12
      vertex -7.599965e+00 0.000000e+00 1.747748e-02
      vertex -6.629516e+00 1.757358e-01 2.746035e+00
    endloop
  endfacet
  facet normal -3.267667e-01 9.191034e-01 2.201648e-01
    outer loop
      vertex -5.074012e+00 1.757358e-01 5.074012e+00
      vertex -7.011845e+00 0.000000e+00 2.931526e+00
      vertex -5.350241e+00 0.000000e+00 5.397664e+00
    endloop
  endfacet
  facet normal -3.203251e-01 9.228115e-01 2.140344e-01
    outer loop
      vertex -6.629516e+00 1.757358e-01 2.746035e+00
      vertex -7.011845e+00 0.000000e+00 2.931526e+00
      vertex -5.074012e+00 1.757358e-01 5.074012e+00
    endloop
  endfacet
  facet normal -2.182884e-01 9.182225e-01 3.304808e-01
    outer loop
      vertex -2.746035e+00 1.757358e-01 6.629516e+00
      vertex -5.350241e+00 0.000000e+00 5.397664e+00
      vertex -2.864755e+00 0.000000e+00 7.039371e+00
    endloop
  endfacet
  facet normal -2.133335e-01 9.233372e-01 3.192761e-01
    outer loop
      vertex -5.074012e+00 1.757358e-01 5.074012e+00
      vertex -5.350241e+00 0.000000e+00 5.397664e+00
      vertex -2.746035e+00 1.757358e-01 6.629516e+00
    endloop
  endfacet
  facet normal 0.000000e+00 -1.000000e+00 0.000000e+00
    outer loop
      vertex -1.203070e+00 -1.400000e+01 -6.822948e+00
      vertex -1.960808e+00 -1.400000e+01 -8.270842e+00
      vertex 1.258277e-29 -1.400000e+01 -8.500000e+00
    endloop
  endfacet
  facet normal -3.023409e-02 -9.654843e-01 -2.587006e-01
    outer loop
      vertex 7.865072e-10 -1.373205e+01 -9.500000e+00
      vertex 1.258277e-29 -1.400000e+01 -8.500000e+00
      vertex -1.960808e+00 -1.400000e+01 -8.270842e+00
    endloop
  endfacet
  facet normal 0.000000e+00 -1.000000e+00 0.000000e+00
    outer loop
      vertex 1.203070e+00 -1.400000e+01 -6.822948e+00
      vertex 1.258277e-29 -1.400000e+01 -8.500000e+00
      vertex 1.957424e+00 -1.400000e+01 -8.271643e+00
    endloop
  endfacet
  facet normal 3.404995e-02 -9.558521e-01 -2.918688e-01
    outer loop
      vertex 2.935661e+00 -1.373205e+01 -9.035037e+00
      vertex 1.957424e+00 -1.400000e+01 -8.271643e+00
      vertex 1.258277e-29 -1.400000e+01 -8.500000e+00
    endloop
  endfacet
  facet normal 0.000000e+00 -1.000000e+00 0.000000e+00
    outer loop
      vertex 1.203070e+00 -1.400000e+01 -6.822948e+00
      vertex -1.203070e+00 -1.400000e+01 -6.822948e+00
      vertex 1.258277e-29 -1.400000e+01 -8.500000e+00
    endloop
  endfacet
  facet normal 4.095849e-02 -9.651153e-01 -2.586018e-01
    outer loop
      vertex 7.865072e-10 -1.373205e+01 -9.500000e+00
      vertex 2.935661e+00 -1.373205e+01 -9.035037e+00
      vertex 1.258277e-29 -1.400000e+01 -8.500000e+00
    endloop
  endfacet
  facet normal 0.000000e+00 -1.000000e+00 0.000000e+00
    outer loop
      vertex -3.464102e+00 -1.400000e+01 -6.000000e+00
      vertex -3.673460e+00 -1.400000e+01 -7.665226e+00
      vertex -1.960808e+00 -1.400000e+01 -8.270842e+00
    endloop
  endfacet
  facet normal -8.276893e-02 -9.686910e-01 -2.340664e-01
    outer loop
      vertex -2.935661e+00 -1.373205e+01 -9.035037e+00
      vertex -1.960808e+00 -1.400000e+01 -8.270842e+00
      vertex -3.673460e+00 -1.400000e+01 -7.665226e+00
    endloop
  endfacet
  facet normal 0.000000e+00 -1.000000e+00 0.000000e+00
    outer loop
      vertex -1.203070e+00 -1.400000e+01 -6.822948e+00
      vertex -3.464102e+00 -1.400000e+01 -6.000000e+00
      vertex -1.960808e+00 -1.400000e+01 -8.270842e+00
    endloop
  endfacet
  facet normal -4.430793e-02 -9.590501e-01 -2.797492e-01
    outer loop
      vertex -2.935661e+00 -1.373205e+01 -9.035037e+00
      vertex 7.865072e-10 -1.373205e+01 -9.500000e+00
      vertex -1.960808e+00 -1.400000e+01 -8.270842e+00
    endloop
  endfacet
  facet normal 0.000000e+00 -1.000000e+00 0.000000e+00
    outer loop
      vertex -5.307312e+00 -1.400000e+01 -4.453363e+00
      vertex -5.204628e+00 -1.400000e+01 -6.720580e+00
      vertex -3.673460e+00 -1.400000e+01 -7.665226e+00
    endloop
  endfacet
  facet normal -1.333410e-01 -9.672163e-01 -2.161313e-01
    outer loop
      vertex -5.583960e+00 -1.373205e+01 -7.685661e+00
      vertex -3.673460e+00 -1.400000e+01 -7.665226e+00
      vertex -5.204628e+00 -1.400000e+01 -6.720580e+00
    endloop
  endfacet
  facet normal 0.000000e+00 -1.000000e+00 0.000000e+00
    outer loop
      vertex -3.464102e+00 -1.400000e+01 -6.000000e+00
      vertex -5.307312e+00 -1.400000e+01 -4.453363e+00
      vertex -3.673460e+00 -1.400000e+01 -7.665226e+00
    endloop
  endfacet
  facet normal -1.314802e-01 -9.571448e-01 -2.580443e-01
    outer loop
      vertex -5.583960e+00 -1.373205e+01 -7.685661e+00
      vertex -2.935661e+00 -1.373205e+01 -9.035037e+00
      vertex -3.673460e+00 -1.400000e+01 -7.665226e+00
    endloop
  endfacet
  facet normal 0.000000e+00 -1.000000e+00 0.000000e+00
    outer loop
      vertex -6.510381e+00 -1.400000e+01 -2.369585e+00
      vertex -6.572713e+00 -1.400000e+01 -5.389754e+00
      vertex -5.204628e+00 -1.400000e+01 -6.720580e+00
    endloop
  endfacet
  facet normal -1.881331e-01 -9.629135e-01 -1.934002e-01
    outer loop
      vertex -5.583960e+00 -1.373205e+01 -7.685661e+00
      vertex -5.204628e+00 -1.400000e+01 -6.720580e+00
      vertex -6.572713e+00 -1.400000e+01 -5.389754e+00
    endloop
  endfacet
  facet normal 0.000000e+00 -1.000000e+00 0.000000e+00
    outer loop
      vertex -5.307312e+00 -1.400000e+01 -4.453363e+00
      vertex -6.510381e+00 -1.400000e+01 -2.369585e+00
      vertex -5.204628e+00 -1.400000e+01 -6.720580e+00
    endloop
  endfacet
  facet normal 0.000000e+00 -1.000000e+00 0.000000e+00
    outer loop
      vertex -6.928203e+00 -1.400000e+01 -1.917137e-15
      vertex -7.882386e+00 -1.400000e+01 -3.180248e+00
      vertex -6.572713e+00 -1.400000e+01 -5.389754e+00
    endloop
  endfacet
  facet normal -2.114915e-01 -9.693070e-01 -1.253605e-01
    outer loop
      vertex -7.685661e+00 -1.373205e+01 -5.583960e+00
      vertex -6.572713e+00 -1.400000e+01 -5.389754e+00
      vertex -7.882386e+00 -1.400000e+01 -3.180248e+00
    endloop
  endfacet
  facet normal 0.000000e+00 -1.000000e+00 0.000000e+00
    outer loop
      vertex -6.510381e+00 -1.400000e+01 -2.369585e+00
      vertex -6.928203e+00 -1.400000e+01 -1.917137e-15
      vertex -6.572713e+00 -1.400000e+01 -5.389754e+00
    endloop
  endfacet
  facet normal -1.968806e-01 -9.604562e-01 -1.968806e-01
    outer loop
      vertex -7.685661e+00 -1.373205e+01 -5.583960e+00
      vertex -5.583960e+00 -1.373205e+01 -7.685661e+00
      vertex -6.572713e+00 -1.400000e+01 -5.389754e+00
    endloop
  endfacet
  facet normal 0.000000e+00 -1.000000e+00 0.000000e+00
    outer loop
      vertex -7.886826e+00 -1.400000e+01 3.169190e+00
      vertex -8.333314e+00 -1.400000e+01 -1.675417e+00
      vertex -7.882386e+00 -1.400000e+01 -3.180248e+00
    endloop
  endfacet
  facet normal -2.403097e-01 -9.680216e-01 -7.200960e-02
    outer loop
      vertex -9.035037e+00 -1.373205e+01 -2.935661e+00
      vertex -7.882386e+00 -1.400000e+01 -3.180248e+00
      vertex -8.333314e+00 -1.400000e+01 -1.675417e+00
    endloop
  endfacet
  facet normal 0.000000e+00 -1.000000e+00 0.000000e+00
    outer loop
      vertex -6.928203e+00 -1.400000e+01 -1.917137e-15
      vertex -7.886826e+00 -1.400000e+01 3.169190e+00
      vertex -7.882386e+00 -1.400000e+01 -3.180248e+00
    endloop
  endfacet
  facet normal -2.501602e-01 -9.597776e-01 -1.274630e-01
    outer loop
      vertex -9.035037e+00 -1.373205e+01 -2.935661e+00
      vertex -7.685661e+00 -1.373205e+01 -5.583960e+00
      vertex -7.882386e+00 -1.400000e+01 -3.180248e+00
    endloop
  endfacet
  facet normal 0.000000e+00 -1.000000e+00 0.000000e+00
    outer loop
      vertex -8.336424e+00 -1.400000e+01 1.659781e+00
      vertex -8.499995e+00 -1.400000e+01 -8.699690e-03
      vertex -8.333314e+00 -1.400000e+01 -1.675417e+00
    endloop
  endfacet
  facet normal -3.078263e-01 -9.509444e-01 -3.078443e-02
    outer loop
      vertex -9.035037e+00 -1.373205e+01 -2.935661e+00
      vertex -8.333314e+00 -1.400000e+01 -1.675417e+00
      vertex -8.499995e+00 -1.400000e+01 -8.699690e-03
    endloop
  endfacet
  facet normal 0.000000e+00 -1.000000e+00 0.000000e+00
    outer loop
      vertex -7.886826e+00 -1.400000e+01 3.169190e+00
      vertex -8.336424e+00 -1.400000e+01 1.659781e+00
      vertex -8.333314e+00 -1.400000e+01 -1.675417e+00
    endloop
  endfacet
  facet normal -2.585290e-01 -9.656710e-01 2.534516e-02
    outer loop
      vertex -9.500000e+00 -1.373205e+01 -7.865077e-10
      vertex -8.499995e+00 -1.400000e+01 -8.699690e-03
      vertex -8.336424e+00 -1.400000e+01 1.659781e+00
    endloop
  endfacet
  facet normal -2.589330e-01 -9.650243e-01 -4.101095e-02
    outer loop
      vertex -9.500000e+00 -1.373205e+01 -7.865077e-10
      vertex -9.035037e+00 -1.373205e+01 -2.935661e+00
      vertex -8.499995e+00 -1.400000e+01 -8.699690e-03
    endloop
  endfacet
  facet normal -2.404649e-01 -9.680116e-01 7.162583e-02
    outer loop
      vertex -9.035037e+00 -1.373205e+01 2.935661e+00
      vertex -8.336424e+00 -1.400000e+01 1.659781e+00
      vertex -7.886826e+00 -1.400000e+01 3.169190e+00
    endloop
  endfacet
  facet normal -2.848517e-01 -9.575093e-01 4.511608e-02
    outer loop
      vertex -9.035037e+00 -1.373205e+01 2.935661e+00
      vertex -9.500000e+00 -1.373205e+01 -7.865077e-10
      vertex -8.336424e+00 -1.400000e+01 1.659781e+00
    endloop
  endfacet
  facet normal 0.000000e+00 -1.000000e+00 0.000000e+00
    outer loop
      vertex -6.928203e+00 -1.400000e+01 -1.917137e-15
      vertex -6.573305e+00 -1.400000e+01 5.389031e+00
      vertex -7.886826e+00 -1.400000e+01 3.169190e+00
    endloop
  endfacet
  facet normal -2.115562e-01 -9.693160e-01 1.251816e-01
    outer loop
      vertex -7.685661e+00 -1.373205e+01 5.583960e+00
      vertex -7.886826e+00 -1.400000e+01 3.169190e+00
      vertex -6.573305e+00 -1.400000e+01 5.389031e+00
    endloop
  endfacet
  facet normal -2.498926e-01 -9.598654e-01 1.273266e-01
    outer loop
      vertex -7.685661e+00 -1.373205e+01 5.583960e+00
      vertex -9.035037e+00 -1.373205e+01 2.935661e+00
      vertex -7.886826e+00 -1.400000e+01 3.169190e+00
    endloop
  endfacet
  facet normal 0.000000e+00 -1.000000e+00 0.000000e+00
    outer loop
      vertex -5.307312e+00 -1.400000e+01 4.453363e+00
      vertex -5.201074e+00 -1.400000e+01 6.723340e+00
      vertex -6.573305e+00 -1.400000e+01 5.389031e+00
    endloop
  endfacet
  facet normal -1.958787e-01 -9.597141e-01 2.014458e-01
    outer loop
      vertex -7.685661e+00 -1.373205e+01 5.583960e+00
      vertex -6.573305e+00 -1.400000e+01 5.389031e+00
      vertex -5.201074e+00 -1.400000e+01 6.723340e+00
    endloop
  endfacet
  facet normal 0.000000e+00 -1.000000e+00 0.000000e+00
    outer loop
      vertex -6.510381e+00 -1.400000e+01 2.369585e+00
      vertex -5.307312e+00 -1.400000e+01 4.453363e+00
      vertex -6.573305e+00 -1.400000e+01 5.389031e+00
    endloop
  endfacet
  facet normal 0.000000e+00 -1.000000e+00 0.000000e+00
    outer loop
      vertex -6.928203e+00 -1.400000e+01 -1.917137e-15
      vertex -6.510381e+00 -1.400000e+01 2.369585e+00
      vertex -6.573305e+00 -1.400000e+01 5.389031e+00
    endloop
  endfacet
  facet normal 0.000000e+00 -1.000000e+00 0.000000e+00
    outer loop
      vertex -3.464102e+00 -1.400000e+01 6.000000e+00
      vertex -3.669565e+00 -1.400000e+01 7.667092e+00
      vertex -5.201074e+00 -1.400000e+01 6.723340e+00
    endloop
  endfacet
  facet normal -1.332756e-01 -9.671926e-01 2.162780e-01
    outer loop
      vertex -5.583960e+00 -1.373205e+01 7.685661e+00
      vertex -5.201074e+00 -1.400000e+01 6.723340e+00
      vertex -3.669565e+00 -1.400000e+01 7.667092e+00
    endloop
  endfacet
  facet normal 0.000000e+00 -1.000000e+00 0.000000e+00
    outer loop
      vertex -5.307312e+00 -1.400000e+01 4.453363e+00
      vertex -3.464102e+00 -1.400000e+01 6.000000e+00
      vertex -5.201074e+00 -1.400000e+01 6.723340e+00
    endloop
  endfacet
  facet normal -1.917262e-01 -9.625394e-01 1.917262e-01
    outer loop
      vertex -5.583960e+00 -1.373205e+01 7.685661e+00
      vertex -7.685661e+00 -1.373205e+01 5.583960e+00
      vertex -5.201074e+00 -1.400000e+01 6.723340e+00
    endloop
  endfacet
  facet normal 0.000000e+00 -1.000000e+00 0.000000e+00
    outer loop
      vertex -3.464102e+00 -1.400000e+01 6.000000e+00
      vertex -1.957424e+00 -1.400000e+01 8.271643e+00
      vertex -3.669565e+00 -1.400000e+01 7.667092e+00
    endloop
  endfacet
  facet normal -8.265661e-02 -9.686948e-01 2.340904e-01
    outer loop
      vertex -2.935661e+00 -1.373205e+01 9.035037e+00
      vertex -3.669565e+00 -1.400000e+01 7.667092e+00
      vertex -1.957424e+00 -1.400000e+01 8.271643e+00
    endloop
  endfacet
  facet normal -1.314657e-01 -9.571544e-01 2.580160e-01
    outer loop
      vertex -2.935661e+00 -1.373205e+01 9.035037e+00
      vertex -5.583960e+00 -1.373205e+01 7.685661e+00
      vertex -3.669565e+00 -1.400000e+01 7.667092e+00
    endloop
  endfacet
  facet normal 0.000000e+00 -1.000000e+00 0.000000e+00
    outer loop
      vertex -1.203070e+00 -1.400000e+01 6.822948e+00
      vertex -1.040915e-15 -1.400000e+01 8.500000e+00
      vertex -1.957424e+00 -1.400000e+01 8.271643e+00
    endloop
  endfacet
  facet normal -3.404995e-02 -9.558521e-01 2.918688e-01
    outer loop
      vertex -2.935661e+00 -1.373205e+01 9.035037e+00
      vertex -1.957424e+00 -1.400000e+01 8.271643e+00
      vertex -1.040915e-15 -1.400000e+01 8.500000e+00
    endloop
  endfacet
  facet normal 0.000000e+00 -1.000000e+00 0.000000e+00
    outer loop
      vertex -3.464102e+00 -1.400000e+01 6.000000e+00
      vertex -1.203070e+00 -1.400000e+01 6.822948e+00
      vertex -1.957424e+00 -1.400000e+01 8.271643e+00
    endloop
  endfacet
  facet normal 0.000000e+00 -1.000000e+00 0.000000e+00
    outer loop
      vertex 1.203070e+00 -1.400000e+01 6.822948e+00
      vertex 1.960808e+00 -1.400000e+01 8.270842e+00
      vertex -1.040915e-15 -1.400000e+01 8.500000e+00
    endloop
  endfacet
  facet normal 3.023409e-02 -9.654843e-01 2.587006e-01
    outer loop
      vertex -7.865080e-10 -1.373205e+01 9.500000e+00
      vertex -1.040915e-15 -1.400000e+01 8.500000e+00
      vertex 1.960808e+00 -1.400000e+01 8.270842e+00
    endloop
  endfacet
  facet normal 0.000000e+00 -1.000000e+00 0.000000e+00
    outer loop
      vertex -1.203070e+00 -1.400000e+01 6.822948e+00
      vertex 1.203070e+00 -1.400000e+01 6.822948e+00
      vertex -1.040915e-15 -1.400000e+01 8.500000e+00
    endloop
  endfacet
  facet normal -4.095849e-02 -9.651153e-01 2.586018e-01
    outer loop
      vertex -2.935661e+00 -1.373205e+01 9.035037e+00
      vertex -1.040915e-15 -1.400000e+01 8.500000e+00
      vertex -7.865080e-10 -1.373205e+01 9.500000e+00
    endloop
  endfacet
  facet normal 0.000000e+00 -1.000000e+00 0.000000e+00
    outer loop
      vertex 3.464102e+00 -1.400000e+01 6.000000e+00
      vertex 3.673460e+00 -1.400000e+01 7.665226e+00
      vertex 1.960808e+00 -1.400000e+01 8.270842e+00
    endloop
  endfacet
  facet normal 8.276893e-02 -9.686910e-01 2.340664e-01
    outer loop
      vertex 2.935661e+00 -1.373205e+01 9.035037e+00
      vertex 1.960808e+00 -1.400000e+01 8.270842e+00
      vertex 3.673460e+00 -1.400000e+01 7.665226e+00
    endloop
  endfacet
  facet normal 0.000000e+00 -1.000000e+00 0.000000e+00
    outer loop
      vertex 1.203070e+00 -1.400000e+01 6.822948e+00
      vertex 3.464102e+00 -1.400000e+01 6.000000e+00
      vertex 1.960808e+00 -1.400000e+01 8.270842e+00
    endloop
  endfacet
  facet normal 4.430793e-02 -9.590501e-01 2.797492e-01
    outer loop
      vertex 2.935661e+00 -1.373205e+01 9.035037e+00
      vertex -7.865080e-10 -1.373205e+01 9.500000e+00
      vertex 1.960808e+00 -1.400000e+01 8.270842e+00
    endloop
  endfacet
  facet normal 0.000000e+00 -1.000000e+00 0.000000e+00
    outer loop
      vertex 5.307312e+00 -1.400000e+01 4.453363e+00
      vertex 5.204628e+00 -1.400000e+01 6.720580e+00
      vertex 3.673460e+00 -1.400000e+01 7.665226e+00
    endloop
  endfacet
  facet normal 1.333410e-01 -9.672163e-01 2.161313e-01
    outer loop
      vertex 5.583960e+00 -1.373205e+01 7.685661e+00
      vertex 3.673460e+00 -1.400000e+01 7.665226e+00
      vertex 5.204628e+00 -1.400000e+01 6.720580e+00
    endloop
  endfacet
  facet normal 0.000000e+00 -1.000000e+00 0.000000e+00
    outer loop
      vertex 3.464102e+00 -1.400000e+01 6.000000e+00
      vertex 5.307312e+00 -1.400000e+01 4.453363e+00
      vertex 3.673460e+00 -1.400000e+01 7.665226e+00
    endloop
  endfacet
  facet normal 1.314802e-01 -9.571448e-01 2.580443e-01
    outer loop
      vertex 5.583960e+00 -1.373205e+01 7.685661e+00
      vertex 2.935661e+00 -1.373205e+01 9.035037e+00
      vertex 3.673460e+00 -1.400000e+01 7.665226e+00
    endloop
  endfacet
  facet normal 0.000000e+00 -1.000000e+00 0.000000e+00
    outer loop
      vertex 6.510381e+00 -1.400000e+01 2.369585e+00
      vertex 6.572713e+00 -1.400000e+01 5.389754e+00
      vertex 5.204628e+00 -1.400000e+01 6.720580e+00
    endloop
  endfacet
  facet normal 1.881331e-01 -9.629135e-01 1.934002e-01
    outer loop
      vertex 5.583960e+00 -1.373205e+01 7.685661e+00
      vertex 5.204628e+00 -1.400000e+01 6.720580e+00
      vertex 6.572713e+00 -1.400000e+01 5.389754e+00
    endloop
  endfacet
  facet normal 0.000000e+00 -1.000000e+00 0.000000e+00
    outer loop
      vertex 5.307312e+00 -1.400000e+01 4.453363e+00
      vertex 6.510381e+00 -1.400000e+01 2.369585e+00
      vertex 5.204628e+00 -1.400000e+01 6.720580e+00
    endloop
  endfacet
  facet normal 0.000000e+00 -1.000000e+00 0.000000e+00
    outer loop
      vertex 6.928203e+00 -1.400000e+01 1.602947e-15
      vertex 7.882386e+00 -1.400000e+01 3.180248e+00
      vertex 6.572713e+00 -1.400000e+01 5.389754e+00
    endloop
  endfacet
  facet normal 2.114915e-01 -9.693070e-01 1.253605e-01
    outer loop
      vertex 7.685661e+00 -1.373205e+01 5.583960e+00
      vertex 6.572713e+00 -1.400000e+01 5.389754e+00
      vertex 7.882386e+00 -1.400000e+01 3.180248e+00
    endloop
  endfacet
  facet normal 0.000000e+00 -1.000000e+00 0.000000e+00
    outer loop
      vertex 6.510381e+00 -1.400000e+01 2.369585e+00
      vertex 6.928203e+00 -1.400000e+01 1.602947e-15
      vertex 6.572713e+00 -1.400000e+01 5.389754e+00
    endloop
  endfacet
  facet normal 1.968806e-01 -9.604562e-01 1.968806e-01
    outer loop
      vertex 7.685661e+00 -1.373205e+01 5.583960e+00
      vertex 5.583960e+00 -1.373205e+01 7.685661e+00
      vertex 6.572713e+00 -1.400000e+01 5.389754e+00
    endloop
  endfacet
  facet normal 0.000000e+00 -1.000000e+00 0.000000e+00
    outer loop
      vertex 7.886826e+00 -1.400000e+01 -3.169190e+00
      vertex 8.333314e+00 -1.400000e+01 1.675417e+00
      vertex 7.882386e+00 -1.400000e+01 3.180248e+00
    endloop
  endfacet
  facet normal 2.403097e-01 -9.680216e-01 7.200960e-02
    outer loop
      vertex 9.035037e+00 -1.373205e+01 2.935661e+00
      vertex 7.882386e+00 -1.400000e+01 3.180248e+00
      vertex 8.333314e+00 -1.400000e+01 1.675417e+00
    endloop
  endfacet
  facet normal 0.000000e+00 -1.000000e+00 0.000000e+00
    outer loop
      vertex 6.928203e+00 -1.400000e+01 1.602947e-15
      vertex 7.886826e+00 -1.400000e+01 -3.169190e+00
      vertex 7.882386e+00 -1.400000e+01 3.180248e+00
    endloop
  endfacet
  facet normal 2.501602e-01 -9.597776e-01 1.274630e-01
    outer loop
      vertex 9.035037e+00 -1.373205e+01 2.935661e+00
      vertex 7.685661e+00 -1.373205e+01 5.583960e+00
      vertex 7.882386e+00 -1.400000e+01 3.180248e+00
    endloop
  endfacet
  facet normal 0.000000e+00 -1.000000e+00 0.000000e+00
    outer loop
      vertex 8.336424e+00 -1.400000e+01 -1.659781e+00
      vertex 8.499995e+00 -1.400000e+01 8.699690e-03
      vertex 8.333314e+00 -1.400000e+01 1.675417e+00
    endloop
  endfacet
  facet normal 3.078263e-01 -9.509444e-01 3.078443e-02
    outer loop
      vertex 9.035037e+00 -1.373205e+01 2.935661e+00
      vertex 8.333314e+00 -1.400000e+01 1.675417e+00
      vertex 8.499995e+00 -1.400000e+01 8.699690e-03
    endloop
  endfacet
  facet normal 0.000000e+00 -1.000000e+00 0.000000e+00
    outer loop
      vertex 7.886826e+00 -1.400000e+01 -3.169190e+00
      vertex 8.336424e+00 -1.400000e+01 -1.659781e+00
      vertex 8.333314e+00 -1.400000e+01 1.675417e+00
    endloop
  endfacet
  facet normal 2.585290e-01 -9.656710e-01 -2.534516e-02
    outer loop
      vertex 9.500000e+00 -1.373205e+01 7.865067e-10
      vertex 8.499995e+00 -1.400000e+01 8.699690e-03
      vertex 8.336424e+00 -1.400000e+01 -1.659781e+00
    endloop
  endfacet
  facet normal 2.589330e-01 -9.650243e-01 4.101095e-02
    outer loop
      vertex 9.500000e+00 -1.373205e+01 7.865067e-10
      vertex 9.035037e+00 -1.373205e+01 2.935661e+00
      vertex 8.499995e+00 -1.400000e+01 8.699690e-03
    endloop
  endfacet
  facet normal 2.404649e-01 -9.680116e-01 -7.162583e-02
    outer loop
      vertex 9.035037e+00 -1.373205e+01 -2.935661e+00
      vertex 8.336424e+00 -1.400000e+01 -1.659781e+00
      vertex 7.886826e+00 -1.400000e+01 -3.169190e+00
    endloop
  endfacet
  facet normal 2.848517e-01 -9.575093e-01 -4.511608e-02
    outer loop
      vertex 9.035037e+00 -1.373205e+01 -2.935661e+00
      vertex 9.500000e+00 -1.373205e+01 7.865067e-10
      vertex 8.336424e+00 -1.400000e+01 -1.659781e+00
    endloop
  endfacet
  facet normal 0.000000e+00 -1.000000e+00 0.000000e+00
    outer loop
      vertex 6.928203e+00 -1.400000e+01 1.602947e-15
      vertex 6.573305e+00 -1.400000e+01 -5.389031e+00
      vertex 7.886826e+00 -1.400000e+01 -3.169190e+00
    endloop
  endfacet
  facet normal 2.115562e-01 -9.693160e-01 -1.251816e-01
    outer loop
      vertex 7.685661e+00 -1.373205e+01 -5.583960e+00
      vertex 7.886826e+00 -1.400000e+01 -3.169190e+00
      vertex 6.573305e+00 -1.400000e+01 -5.389031e+00
    endloop
  endfacet
  facet normal 2.498926e-01 -9.598654e-01 -1.273266e-01
    outer loop
      vertex 7.685661e+00 -1.373205e+01 -5.583960e+00
      vertex 9.035037e+00 -1.373205e+01 -2.935661e+00
      vertex 7.886826e+00 -1.400000e+01 -3.169190e+00
    endloop
  endfacet
  facet normal 0.000000e+00 -1.000000e+00 0.000000e+00
    outer loop
      vertex 5.307312e+00 -1.400000e+01 -4.453363e+00
      vertex 5.201074e+00 -1.400000e+01 -6.723340e+00
      vertex 6.573305e+00 -1.400000e+01 -5.389031e+00
    endloop
  endfacet
  facet normal 1.958787e-01 -9.597141e-01 -2.014458e-01
    outer loop
      vertex 7.685661e+00 -1.373205e+01 -5.583960e+00
      vertex 6.573305e+00 -1.400000e+01 -5.389031e+00
      vertex 5.201074e+00 -1.400000e+01 -6.723340e+00
    endloop
  endfacet
  facet normal 0.000000e+00 -1.000000e+00 0.000000e+00
    outer loop
      vertex 6.510381e+00 -1.400000e+01 -2.369585e+00
      vertex 6.573305e+00 -1.400000e+01 -5.389031e+00
      vertex 6.928203e+00 -1.400000e+01 1.602947e-15
    endloop
  endfacet
  facet normal 0.000000e+00 -1.000000e+00 0.000000e+00
    outer loop
      vertex 6.510381e+00 -1.400000e+01 -2.369585e+00
      vertex 5.307312e+00 -1.400000e+01 -4.453363e+00
      vertex 6.573305e+00 -1.400000e+01 -5.389031e+00
    endloop
  endfacet
  facet normal 0.000000e+00 -1.000000e+00 0.000000e+00
    outer loop
      vertex 3.464102e+00 -1.400000e+01 -6.000000e+00
      vertex 3.669565e+00 -1.400000e+01 -7.667092e+00
      vertex 5.201074e+00 -1.400000e+01 -6.723340e+00
    endloop
  endfacet
  facet normal 1.332756e-01 -9.671926e-01 -2.162780e-01
    outer loop
      vertex 5.583960e+00 -1.373205e+01 -7.685661e+00
      vertex 5.201074e+00 -1.400000e+01 -6.723340e+00
      vertex 3.669565e+00 -1.400000e+01 -7.667092e+00
    endloop
  endfacet
  facet normal 0.000000e+00 -1.000000e+00 0.000000e+00
    outer loop
      vertex 5.307312e+00 -1.400000e+01 -4.453363e+00
      vertex 3.464102e+00 -1.400000e+01 -6.000000e+00
      vertex 5.201074e+00 -1.400000e+01 -6.723340e+00
    endloop
  endfacet
  facet normal 1.917262e-01 -9.625394e-01 -1.917262e-01
    outer loop
      vertex 5.583960e+00 -1.373205e+01 -7.685661e+00
      vertex 7.685661e+00 -1.373205e+01 -5.583960e+00
      vertex 5.201074e+00 -1.400000e+01 -6.723340e+00
    endloop
  endfacet
  facet normal 0.000000e+00 -1.000000e+00 0.000000e+00
    outer loop
      vertex 3.464102e+00 -1.400000e+01 -6.000000e+00
      vertex 1.957424e+00 -1.400000e+01 -8.271643e+00
      vertex 3.669565e+00 -1.400000e+01 -7.667092e+00
    endloop
  endfacet
  facet normal 8.265661e-02 -9.686948e-01 -2.340904e-01
    outer loop
      vertex 2.935661e+00 -1.373205e+01 -9.035037e+00
      vertex 3.669565e+00 -1.400000e+01 -7.667092e+00
      vertex 1.957424e+00 -1.400000e+01 -8.271643e+00
    endloop
  endfacet
  facet normal 1.314657e-01 -9.571544e-01 -2.580160e-01
    outer loop
      vertex 2.935661e+00 -1.373205e+01 -9.035037e+00
      vertex 5.583960e+00 -1.373205e+01 -7.685661e+00
      vertex 3.669565e+00 -1.400000e+01 -7.667092e+00
    endloop
  endfacet
  facet normal 0.000000e+00 -1.000000e+00 0.000000e+00
    outer loop
      vertex 3.464102e+00 -1.400000e+01 -6.000000e+00
      vertex 1.203070e+00 -1.400000e+01 -6.822948e+00
      vertex 1.957424e+00 -1.400000e+01 -8.271643e+00
    endloop
  endfacet
  facet normal -5.439320e-01 -8.336302e-01 -9.590989e-02
    outer loop
      vertex 6.046623e+00 -1.360046e+01 1.526942e+00
      vertex 6.928203e+00 -1.400000e+01 1.602947e-15
      vertex 6.510381e+00 -1.400000e+01 2.369585e+00
    endloop
  endfacet
  facet normal -5.439967e-01 -8.335866e-01 9.592130e-02
    outer loop
      vertex 6.047081e+00 -1.360060e+01 -1.526149e+00
      vertex 6.510381e+00 -1.400000e+01 -2.369585e+00
      vertex 6.928203e+00 -1.400000e+01 1.602947e-15
    endloop
  endfacet
  facet normal -8.660254e-01 9.211205e-17 -5.000000e-01
    outer loop
      vertex 6.928203e+00 -6.000000e+00 0.000000e+00
      vertex 6.928203e+00 -1.400000e+01 1.602947e-15
      vertex 3.464102e+00 -6.000000e+00 6.000000e+00
    endloop
  endfacet
  facet normal -8.660254e-01 -1.958554e-16 -5.000000e-01
    outer loop
      vertex 6.046623e+00 -1.360046e+01 1.526942e+00
      vertex 3.464102e+00 -6.000000e+00 6.000000e+00
      vertex 6.928203e+00 -1.400000e+01 1.602947e-15
    endloop
  endfacet
  facet normal -8.660254e-01 2.835022e-16 5.000000e-01
    outer loop
      vertex 6.047081e+00 -1.360060e+01 -1.526149e+00
      vertex 6.928203e+00 -1.400000e+01 1.602947e-15
      vertex 6.928203e+00 -6.000000e+00 0.000000e+00
    endloop
  endfacet
  facet normal -4.724908e-01 -8.380553e-01 -2.727927e-01
    outer loop
      vertex 5.195863e+00 -1.346425e+01 3.000501e+00
      vertex 6.510381e+00 -1.400000e+01 2.369585e+00
      vertex 5.307312e+00 -1.400000e+01 4.453363e+00
    endloop
  endfacet
  facet normal -4.421036e-01 -8.799427e-01 -1.739116e-01
    outer loop
      vertex 6.046623e+00 -1.360046e+01 1.526942e+00
      vertex 6.510381e+00 -1.400000e+01 2.369585e+00
      vertex 5.195863e+00 -1.346425e+01 3.000501e+00
    endloop
  endfacet
  facet normal -3.550686e-01 -8.335866e-01 -4.231543e-01
    outer loop
      vertex 4.345224e+00 -1.360060e+01 4.473851e+00
      vertex 5.307312e+00 -1.400000e+01 4.453363e+00
      vertex 3.464102e+00 -1.400000e+01 6.000000e+00
    endloop
  endfacet
  facet normal -3.716062e-01 -8.799462e-01 -2.959790e-01
    outer loop
      vertex 5.195863e+00 -1.346425e+01 3.000501e+00
      vertex 5.307312e+00 -1.400000e+01 4.453363e+00
      vertex 4.345224e+00 -1.360060e+01 4.473851e+00
    endloop
  endfacet
  facet normal -1.889056e-01 -8.336302e-01 -5.190139e-01
    outer loop
      vertex 1.700941e+00 -1.360046e+01 6.000000e+00
      vertex 3.464102e+00 -1.400000e+01 6.000000e+00
      vertex 1.203070e+00 -1.400000e+01 6.822948e+00
    endloop
  endfacet
  facet normal 0.000000e+00 1.110223e-16 -1.000000e+00
    outer loop
      vertex 3.464102e+00 -6.000000e+00 6.000000e+00
      vertex 3.464102e+00 -1.400000e+01 6.000000e+00
      vertex -3.464102e+00 -6.000000e+00 6.000000e+00
    endloop
  endfacet
  facet normal -5.954362e-16 -4.046406e-16 -1.000000e+00
    outer loop
      vertex 1.700941e+00 -1.360046e+01 6.000000e+00
      vertex -3.464102e+00 -6.000000e+00 6.000000e+00
      vertex 3.464102e+00 -1.400000e+01 6.000000e+00
    endloop
  endfacet
  facet normal -8.660254e-01 -2.835022e-16 -5.000000e-01
    outer loop
      vertex 4.345224e+00 -1.360060e+01 4.473851e+00
      vertex 3.464102e+00 -1.400000e+01 6.000000e+00
      vertex 3.464102e+00 -6.000000e+00 6.000000e+00
    endloop
  endfacet
  facet normal -1.879531e-16 -8.380553e-01 -5.455854e-01
    outer loop
      vertex -5.786638e-04 -1.346425e+01 6.000000e+00
      vertex 1.203070e+00 -1.400000e+01 6.822948e+00
      vertex -1.203070e+00 -1.400000e+01 6.822948e+00
    endloop
  endfacet
  facet normal -7.043997e-02 -8.799427e-01 -4.698288e-01
    outer loop
      vertex 1.700941e+00 -1.360046e+01 6.000000e+00
      vertex 1.203070e+00 -1.400000e+01 6.822948e+00
      vertex -5.786638e-04 -1.346425e+01 6.000000e+00
    endloop
  endfacet
  facet normal 1.889281e-01 -8.335866e-01 -5.190756e-01
    outer loop
      vertex -1.701856e+00 -1.360060e+01 6.000000e+00
      vertex -1.203070e+00 -1.400000e+01 6.822948e+00
      vertex -3.464102e+00 -1.400000e+01 6.000000e+00
    endloop
  endfacet
  facet normal 7.052220e-02 -8.799462e-01 -4.698099e-01
    outer loop
      vertex -5.786638e-04 -1.346425e+01 6.000000e+00
      vertex -1.203070e+00 -1.400000e+01 6.822948e+00
      vertex -1.701856e+00 -1.360060e+01 6.000000e+00
    endloop
  endfacet
  facet normal 3.550264e-01 -8.336302e-01 -4.231040e-01
    outer loop
      vertex -4.345682e+00 -1.360046e+01 4.473058e+00
      vertex -3.464102e+00 -1.400000e+01 6.000000e+00
      vertex -5.307312e+00 -1.400000e+01 4.453363e+00
    endloop
  endfacet
  facet normal 8.660254e-01 0.000000e+00 -5.000000e-01
    outer loop
      vertex -6.928203e+00 -6.000000e+00 0.000000e+00
      vertex -3.464102e+00 -6.000000e+00 6.000000e+00
      vertex -3.464102e+00 -1.400000e+01 6.000000e+00
    endloop
  endfacet
  facet normal 4.788413e-16 1.110223e-16 -1.000000e+00
    outer loop
      vertex -1.701856e+00 -1.360060e+01 6.000000e+00
      vertex -3.464102e+00 -1.400000e+01 6.000000e+00
      vertex -3.464102e+00 -6.000000e+00 6.000000e+00
    endloop
  endfacet
  facet normal 8.660254e-01 1.175132e-16 -5.000000e-01
    outer loop
      vertex -4.345682e+00 -1.360046e+01 4.473058e+00
      vertex -6.928203e+00 -6.000000e+00 0.000000e+00
      vertex -3.464102e+00 -1.400000e+01 6.000000e+00
    endloop
  endfacet
  facet normal 4.724908e-01 -8.380553e-01 -2.727927e-01
    outer loop
      vertex -5.196442e+00 -1.346425e+01 2.999499e+00
      vertex -5.307312e+00 -1.400000e+01 4.453363e+00
      vertex -6.510381e+00 -1.400000e+01 2.369585e+00
    endloop
  endfacet
  facet normal 3.716637e-01 -8.799427e-01 -2.959172e-01
    outer loop
      vertex -4.345682e+00 -1.360046e+01 4.473058e+00
      vertex -5.307312e+00 -1.400000e+01 4.453363e+00
      vertex -5.196442e+00 -1.346425e+01 2.999499e+00
    endloop
  endfacet
  facet normal 5.439967e-01 -8.335866e-01 -9.592130e-02
    outer loop
      vertex -6.047081e+00 -1.360060e+01 1.526149e+00
      vertex -6.510381e+00 -1.400000e+01 2.369585e+00
      vertex -6.928203e+00 -1.400000e+01 -1.917137e-15
    endloop
  endfacet
  facet normal 4.421284e-01 -8.799462e-01 -1.738310e-01
    outer loop
      vertex -5.196442e+00 -1.346425e+01 2.999499e+00
      vertex -6.510381e+00 -1.400000e+01 2.369585e+00
      vertex -6.047081e+00 -1.360060e+01 1.526149e+00
    endloop
  endfacet
  facet normal 5.439320e-01 -8.336302e-01 9.590989e-02
    outer loop
      vertex -6.046623e+00 -1.360046e+01 -1.526942e+00
      vertex -6.928203e+00 -1.400000e+01 -1.917137e-15
      vertex -6.510381e+00 -1.400000e+01 -2.369585e+00
    endloop
  endfacet
  facet normal 8.660254e-01 7.247523e-17 5.000000e-01
    outer loop
      vertex -6.928203e+00 -6.000000e+00 0.000000e+00
      vertex -6.928203e+00 -1.400000e+01 -1.917137e-15
      vertex -3.464102e+00 -6.000000e+00 -6.000000e+00
    endloop
  endfacet
  facet normal 8.660254e-01 -3.133686e-16 5.000000e-01
    outer loop
      vertex -6.046623e+00 -1.360046e+01 -1.526942e+00
      vertex -3.464102e+00 -6.000000e+00 -6.000000e+00
      vertex -6.928203e+00 -1.400000e+01 -1.917137e-15
    endloop
  endfacet
  facet normal 8.660254e-01 3.150024e-16 -5.000000e-01
    outer loop
      vertex -6.047081e+00 -1.360060e+01 1.526149e+00
      vertex -6.928203e+00 -1.400000e+01 -1.917137e-15
      vertex -6.928203e+00 -6.000000e+00 0.000000e+00
    endloop
  endfacet
  facet normal 4.724908e-01 -8.380553e-01 2.727927e-01
    outer loop
      vertex -5.195863e+00 -1.346425e+01 -3.000501e+00
      vertex -6.510381e+00 -1.400000e+01 -2.369585e+00
      vertex -5.307312e+00 -1.400000e+01 -4.453363e+00
    endloop
  endfacet
  facet normal 4.421036e-01 -8.799427e-01 1.739116e-01
    outer loop
      vertex -6.046623e+00 -1.360046e+01 -1.526942e+00
      vertex -6.510381e+00 -1.400000e+01 -2.369585e+00
      vertex -5.195863e+00 -1.346425e+01 -3.000501e+00
    endloop
  endfacet
  facet normal 3.550686e-01 -8.335866e-01 4.231543e-01
    outer loop
      vertex -4.345224e+00 -1.360060e+01 -4.473851e+00
      vertex -5.307312e+00 -1.400000e+01 -4.453363e+00
      vertex -3.464102e+00 -1.400000e+01 -6.000000e+00
    endloop
  endfacet
  facet normal 3.716062e-01 -8.799462e-01 2.959790e-01
    outer loop
      vertex -5.195863e+00 -1.346425e+01 -3.000501e+00
      vertex -5.307312e+00 -1.400000e+01 -4.453363e+00
      vertex -4.345224e+00 -1.360060e+01 -4.473851e+00
    endloop
  endfacet
  facet normal 1.889056e-01 -8.336302e-01 5.190139e-01
    outer loop
      vertex -1.700941e+00 -1.360046e+01 -6.000000e+00
      vertex -3.464102e+00 -1.400000e+01 -6.000000e+00
      vertex -1.203070e+00 -1.400000e+01 -6.822948e+00
    endloop
  endfacet
  facet normal 0.000000e+00 1.110223e-16 1.000000e+00
    outer loop
      vertex -3.464102e+00 -6.000000e+00 -6.000000e+00
      vertex -3.464102e+00 -1.400000e+01 -6.000000e+00
      vertex 3.464102e+00 -6.000000e+00 -6.000000e+00
    endloop
  endfacet
  facet normal 5.954362e-16 -4.046406e-16 1.000000e+00
    outer loop
      vertex -1.700941e+00 -1.360046e+01 -6.000000e+00
      vertex 3.464102e+00 -6.000000e+00 -6.000000e+00
      vertex -3.464102e+00 -1.400000e+01 -6.000000e+00
    endloop
  endfacet
  facet normal 8.660254e-01 -1.732513e-16 5.000000e-01
    outer loop
      vertex -4.345224e+00 -1.360060e+01 -4.473851e+00
      vertex -3.464102e+00 -1.400000e+01 -6.000000e+00
      vertex -3.464102e+00 -6.000000e+00 -6.000000e+00
    endloop
  endfacet
  facet normal 3.994003e-16 -8.380553e-01 5.455854e-01
    outer loop
      vertex 5.786638e-04 -1.346425e+01 -6.000000e+00
      vertex -1.203070e+00 -1.400000e+01 -6.822948e+00
      vertex 1.203070e+00 -1.400000e+01 -6.822948e+00
    endloop
  endfacet
  facet normal 7.043997e-02 -8.799427e-01 4.698288e-01
    outer loop
      vertex -1.700941e+00 -1.360046e+01 -6.000000e+00
      vertex -1.203070e+00 -1.400000e+01 -6.822948e+00
      vertex 5.786638e-04 -1.346425e+01 -6.000000e+00
    endloop
  endfacet
  facet normal -1.889281e-01 -8.335866e-01 5.190756e-01
    outer loop
      vertex 1.701856e+00 -1.360060e+01 -6.000000e+00
      vertex 1.203070e+00 -1.400000e+01 -6.822948e+00
      vertex 3.464102e+00 -1.400000e+01 -6.000000e+00
    endloop
  endfacet
  facet normal -7.052220e-02 -8.799462e-01 4.698099e-01
    outer loop
      vertex 5.786638e-04 -1.346425e+01 -6.000000e+00
      vertex 1.203070e+00 -1.400000e+01 -6.822948e+00
      vertex 1.701856e+00 -1.360060e+01 -6.000000e+00
    endloop
  endfacet
  facet normal -3.550264e-01 -8.336302e-01 4.231040e-01
    outer loop
      vertex 4.345682e+00 -1.360046e+01 -4.473058e+00
      vertex 3.464102e+00 -1.400000e+01 -6.000000e+00
      vertex 5.307312e+00 -1.400000e+01 -4.453363e+00
    endloop
  endfacet
  facet normal -8.660254e-01 1.997334e-16 5.000000e-01
    outer loop
      vertex 3.464102e+00 -6.000000e+00 -6.000000e+00
      vertex 3.464102e+00 -1.400000e+01 -6.000000e+00
      vertex 6.928203e+00 -6.000000e+00 0.000000e+00
    endloop
  endfacet
  facet normal -8.660254e-01 -5.875662e-16 5.000000e-01
    outer loop
      vertex 4.345682e+00 -1.360046e+01 -4.473058e+00
      vertex 6.928203e+00 -6.000000e+00 0.000000e+00
      vertex 3.464102e+00 -1.400000e+01 -6.000000e+00
    endloop
  endfacet
  facet normal -4.788413e-16 1.110223e-16 1.000000e+00
    outer loop
      vertex 1.701856e+00 -1.360060e+01 -6.000000e+00
      vertex 3.464102e+00 -1.400000e+01 -6.000000e+00
      vertex 3.464102e+00 -6.000000e+00 -6.000000e+00
    endloop
  endfacet
  facet normal -4.724908e-01 -8.380553e-01 2.727927e-01
    outer loop
      vertex 5.196442e+00 -1.346425e+01 -2.999499e+00
      vertex 5.307312e+00 -1.400000e+01 -4.453363e+00
      vertex 6.510381e+00 -1.400000e+01 -2.369585e+00
    endloop
  endfacet
  facet normal -3.716637e-01 -8.799427e-01 2.959172e-01
    outer loop
      vertex 4.345682e+00 -1.360046e+01 -4.473058e+00
      vertex 5.307312e+00 -1.400000e+01 -4.453363e+00
      vertex 5.196442e+00 -1.346425e+01 -2.999499e+00
    endloop
  endfacet
  facet normal -4.421284e-01 -8.799462e-01 1.738310e-01
    outer loop
      vertex 5.196442e+00 -1.346425e+01 -2.999499e+00
      vertex 6.510381e+00 -1.400000e+01 -2.369585e+00
      vertex 6.047081e+00 -1.360060e+01 -1.526149e+00
    endloop
  endfacet
  facet normal -1.039179e-01 -2.571663e-01 9.607635e-01
    outer loop
      vertex -8.515128e-10 -1.299909e+01 1.023257e+01
      vertex -1.285837e-15 -1.200000e+01 1.050000e+01
      vertex -2.245131e+00 -1.200000e+01 1.025716e+01
    endloop
  endfacet
  facet normal 9.919370e-02 -3.899947e-01 9.154587e-01
    outer loop
      vertex 3.162039e+00 -1.299909e+01 9.731756e+00
      vertex 2.249031e+00 -1.200000e+01 1.025631e+01
      vertex -1.285837e-15 -1.200000e+01 1.050000e+01
    endloop
  endfacet
  facet normal 1.512385e-01 -2.555920e-01 9.548820e-01
    outer loop
      vertex 3.162039e+00 -1.299909e+01 9.731756e+00
      vertex -1.285837e-15 -1.200000e+01 1.050000e+01
      vertex -8.515128e-10 -1.299909e+01 1.023257e+01
    endloop
  endfacet
  facet normal -3.024941e-01 -2.111780e-01 9.294629e-01
    outer loop
      vertex -3.162039e+00 -1.299909e+01 9.731756e+00
      vertex -2.245131e+00 -1.200000e+01 1.025716e+01
      vertex -4.221890e+00 -1.200000e+01 9.613826e+00
    endloop
  endfacet
  facet normal -1.464335e-01 -3.518149e-01 9.245450e-01
    outer loop
      vertex -3.162039e+00 -1.299909e+01 9.731756e+00
      vertex -8.515128e-10 -1.299909e+01 1.023257e+01
      vertex -2.245131e+00 -1.200000e+01 1.025716e+01
    endloop
  endfacet
  facet normal -4.521533e-01 -3.846614e-01 8.047316e-01
    outer loop
      vertex -3.162039e+00 -1.299909e+01 9.731756e+00
      vertex -4.221890e+00 -1.200000e+01 9.613826e+00
      vertex -6.015336e+00 -1.200000e+01 8.606145e+00
    endloop
  endfacet
  facet normal -6.322129e-01 -2.419977e-01 7.360326e-01
    outer loop
      vertex -6.014556e+00 -1.299909e+01 8.278326e+00
      vertex -6.015336e+00 -1.200000e+01 8.606145e+00
      vertex -7.599976e+00 -1.200000e+01 7.245024e+00
    endloop
  endfacet
  facet normal -4.357087e-01 -2.809211e-01 8.551265e-01
    outer loop
      vertex -3.162039e+00 -1.299909e+01 9.731756e+00
      vertex -6.015336e+00 -1.200000e+01 8.606145e+00
      vertex -6.014556e+00 -1.299909e+01 8.278326e+00
    endloop
  endfacet
  facet normal -7.909317e-01 -1.823539e-01 5.841011e-01
    outer loop
      vertex -8.278326e+00 -1.299909e+01 6.014556e+00
      vertex -7.599976e+00 -1.200000e+01 7.245024e+00
      vertex -9.160199e+00 -1.200000e+01 5.132325e+00
    endloop
  endfacet
  facet normal -6.586097e-01 -3.639597e-01 6.586097e-01
    outer loop
      vertex -6.014556e+00 -1.299909e+01 8.278326e+00
      vertex -7.599976e+00 -1.200000e+01 7.245024e+00
      vertex -8.278326e+00 -1.299909e+01 6.014556e+00
    endloop
  endfacet
  facet normal -9.327044e-01 -1.298981e-01 3.364357e-01
    outer loop
      vertex -9.731756e+00 -1.299909e+01 3.162039e+00
      vertex -9.160199e+00 -1.200000e+01 5.132325e+00
      vertex -1.032722e+01 -1.200000e+01 1.896980e+00
    endloop
  endfacet
  facet normal -8.313483e-01 -3.597623e-01 4.235931e-01
    outer loop
      vertex -8.278326e+00 -1.299909e+01 6.014556e+00
      vertex -9.160199e+00 -1.200000e+01 5.132325e+00
      vertex -9.731756e+00 -1.299909e+01 3.162039e+00
    endloop
  endfacet
  facet normal -9.625557e-01 -2.566877e-01 8.716659e-02
    outer loop
      vertex -1.023257e+01 -1.299909e+01 -8.510702e-10
      vertex -1.032722e+01 -1.200000e+01 1.896980e+00
      vertex -1.049999e+01 -1.200000e+01 -1.092091e-02
    endloop
  endfacet
  facet normal -9.200012e-01 -3.638203e-01 1.457139e-01
    outer loop
      vertex -9.731756e+00 -1.299909e+01 3.162039e+00
      vertex -1.032722e+01 -1.200000e+01 1.896980e+00
      vertex -1.023257e+01 -1.299909e+01 -8.510702e-10
    endloop
  endfacet
  facet normal -9.619132e-01 -2.584420e-01 -8.905416e-02
    outer loop
      vertex -1.023257e+01 -1.299909e+01 -8.510702e-10
      vertex -1.049999e+01 -1.200000e+01 -1.092091e-02
      vertex -1.032354e+01 -1.200000e+01 -1.916926e+00
    endloop
  endfacet
  facet normal -9.320597e-01 -1.311995e-01 -3.377151e-01
    outer loop
      vertex -9.731756e+00 -1.299909e+01 -3.162039e+00
      vertex -1.032354e+01 -1.200000e+01 -1.916926e+00
      vertex -9.155383e+00 -1.200000e+01 -5.140911e+00
    endloop
  endfacet
  facet normal -9.201628e-01 -3.634011e-01 -1.457395e-01
    outer loop
      vertex -1.023257e+01 -1.299909e+01 -8.510702e-10
      vertex -1.032354e+01 -1.200000e+01 -1.916926e+00
      vertex -9.731756e+00 -1.299909e+01 -3.162039e+00
    endloop
  endfacet
  facet normal -7.906063e-01 -1.830923e-01 -5.843106e-01
    outer loop
      vertex -8.278326e+00 -1.299909e+01 -6.014556e+00
      vertex -9.155383e+00 -1.200000e+01 -5.140911e+00
      vertex -7.601436e+00 -1.200000e+01 -7.243492e+00
    endloop
  endfacet
  facet normal -8.314580e-01 -3.594427e-01 -4.236490e-01
    outer loop
      vertex -9.731756e+00 -1.299909e+01 -3.162039e+00
      vertex -9.155383e+00 -1.200000e+01 -5.140911e+00
      vertex -8.278326e+00 -1.299909e+01 -6.014556e+00
    endloop
  endfacet
  facet normal -6.324105e-01 -2.424303e-01 -7.357205e-01
    outer loop
      vertex -6.014556e+00 -1.299909e+01 -8.278326e+00
      vertex -7.601436e+00 -1.200000e+01 -7.243492e+00
      vertex -6.019868e+00 -1.200000e+01 -8.602976e+00
    endloop
  endfacet
  facet normal -6.586210e-01 -3.639186e-01 -6.586210e-01
    outer loop
      vertex -8.278326e+00 -1.299909e+01 -6.014556e+00
      vertex -7.601436e+00 -1.200000e+01 -7.243492e+00
      vertex -6.014556e+00 -1.299909e+01 -8.278326e+00
    endloop
  endfacet
  facet normal -4.714142e-01 -2.748102e-01 -8.380024e-01
    outer loop
      vertex -6.014556e+00 -1.299909e+01 -8.278326e+00
      vertex -6.019868e+00 -1.200000e+01 -8.602976e+00
      vertex -4.226712e+00 -1.200000e+01 -9.611707e+00
    endloop
  endfacet
  facet normal -3.029076e-01 -2.111220e-01 -9.293409e-01
    outer loop
      vertex -3.162039e+00 -1.299909e+01 -9.731756e+00
      vertex -4.226712e+00 -1.200000e+01 -9.611707e+00
      vertex -2.249031e+00 -1.200000e+01 -1.025631e+01
    endloop
  endfacet
  facet normal -4.248427e-01 -3.525408e-01 -8.338008e-01
    outer loop
      vertex -6.014556e+00 -1.299909e+01 -8.278326e+00
      vertex -4.226712e+00 -1.200000e+01 -9.611707e+00
      vertex -3.162039e+00 -1.299909e+01 -9.731756e+00
    endloop
  endfacet
  facet normal -9.919370e-02 -3.899947e-01 -9.154587e-01
    outer loop
      vertex -3.162039e+00 -1.299909e+01 -9.731756e+00
      vertex -2.249031e+00 -1.200000e+01 -1.025631e+01
      vertex 1.285837e-15 -1.200000e+01 -1.050000e+01
    endloop
  endfacet
  facet normal 1.039179e-01 -2.571663e-01 -9.607635e-01
    outer loop
      vertex 8.515125e-10 -1.299909e+01 -1.023257e+01
      vertex 1.285837e-15 -1.200000e+01 -1.050000e+01
      vertex 2.245131e+00 -1.200000e+01 -1.025716e+01
    endloop
  endfacet
  facet normal -1.512385e-01 -2.555920e-01 -9.548820e-01
    outer loop
      vertex -3.162039e+00 -1.299909e+01 -9.731756e+00
      vertex 1.285837e-15 -1.200000e+01 -1.050000e+01
      vertex 8.515125e-10 -1.299909e+01 -1.023257e+01
    endloop
  endfacet
  facet normal 3.024941e-01 -2.111780e-01 -9.294629e-01
    outer loop
      vertex 3.162039e+00 -1.299909e+01 -9.731756e+00
      vertex 2.245131e+00 -1.200000e+01 -1.025716e+01
      vertex 4.221890e+00 -1.200000e+01 -9.613826e+00
    endloop
  endfacet
  facet normal 1.464335e-01 -3.518149e-01 -9.245450e-01
    outer loop
      vertex 8.515125e-10 -1.299909e+01 -1.023257e+01
      vertex 2.245131e+00 -1.200000e+01 -1.025716e+01
      vertex 3.162039e+00 -1.299909e+01 -9.731756e+00
    endloop
  endfacet
  facet normal 4.521533e-01 -3.846614e-01 -8.047316e-01
    outer loop
      vertex 3.162039e+00 -1.299909e+01 -9.731756e+00
      vertex 4.221890e+00 -1.200000e+01 -9.613826e+00
      vertex 6.015336e+00 -1.200000e+01 -8.606145e+00
    endloop
  endfacet
  facet normal 6.322129e-01 -2.419977e-01 -7.360326e-01
    outer loop
      vertex 6.014556e+00 -1.299909e+01 -8.278326e+00
      vertex 6.015336e+00 -1.200000e+01 -8.606145e+00
      vertex 7.599976e+00 -1.200000e+01 -7.245024e+00
    endloop
  endfacet
  facet normal 4.357087e-01 -2.809211e-01 -8.551265e-01
    outer loop
      vertex 3.162039e+00 -1.299909e+01 -9.731756e+00
      vertex 6.015336e+00 -1.200000e+01 -8.606145e+00
      vertex 6.014556e+00 -1.299909e+01 -8.278326e+00
    endloop
  endfacet
  facet normal 7.909317e-01 -1.823539e-01 -5.841011e-01
    outer loop
      vertex 8.278326e+00 -1.299909e+01 -6.014556e+00
      vertex 7.599976e+00 -1.200000e+01 -7.245024e+00
      vertex 9.160199e+00 -1.200000e+01 -5.132325e+00
    endloop
  endfacet
  facet normal 6.586097e-01 -3.639597e-01 -6.586097e-01
    outer loop
      vertex 6.014556e+00 -1.299909e+01 -8.278326e+00
      vertex 7.599976e+00 -1.200000e+01 -7.245024e+00
      vertex 8.278326e+00 -1.299909e+01 -6.014556e+00
    endloop
  endfacet
  facet normal 9.327044e-01 -1.298981e-01 -3.364357e-01
    outer loop
      vertex 9.731756e+00 -1.299909e+01 -3.162039e+00
      vertex 9.160199e+00 -1.200000e+01 -5.132325e+00
      vertex 1.032722e+01 -1.200000e+01 -1.896980e+00
    endloop
  endfacet
  facet normal 8.313483e-01 -3.597623e-01 -4.235931e-01
    outer loop
      vertex 8.278326e+00 -1.299909e+01 -6.014556e+00
      vertex 9.160199e+00 -1.200000e+01 -5.132325e+00
      vertex 9.731756e+00 -1.299909e+01 -3.162039e+00
    endloop
  endfacet
  facet normal 9.625557e-01 -2.566877e-01 -8.716659e-02
    outer loop
      vertex 1.023257e+01 -1.299909e+01 8.510714e-10
      vertex 1.032722e+01 -1.200000e+01 -1.896980e+00
      vertex 1.049999e+01 -1.200000e+01 1.092091e-02
    endloop
  endfacet
  facet normal 9.200012e-01 -3.638203e-01 -1.457139e-01
    outer loop
      vertex 9.731756e+00 -1.299909e+01 -3.162039e+00
      vertex 1.032722e+01 -1.200000e+01 -1.896980e+00
      vertex 1.023257e+01 -1.299909e+01 8.510714e-10
    endloop
  endfacet
  facet normal 9.619132e-01 -2.584420e-01 8.905416e-02
    outer loop
      vertex 1.023257e+01 -1.299909e+01 8.510714e-10
      vertex 1.049999e+01 -1.200000e+01 1.092091e-02
      vertex 1.032354e+01 -1.200000e+01 1.916926e+00
    endloop
  endfacet
  facet normal 9.320597e-01 -1.311995e-01 3.377151e-01
    outer loop
      vertex 9.731756e+00 -1.299909e+01 3.162039e+00
      vertex 1.032354e+01 -1.200000e+01 1.916926e+00
      vertex 9.155383e+00 -1.200000e+01 5.140911e+00
    endloop
  endfacet
  facet normal 9.201628e-01 -3.634011e-01 1.457395e-01
    outer loop
      vertex 1.023257e+01 -1.299909e+01 8.510714e-10
      vertex 1.032354e+01 -1.200000e+01 1.916926e+00
      vertex 9.731756e+00 -1.299909e+01 3.162039e+00
    endloop
  endfacet
  facet normal 7.906063e-01 -1.830923e-01 5.843106e-01
    outer loop
      vertex 8.278326e+00 -1.299909e+01 6.014556e+00
      vertex 9.155383e+00 -1.200000e+01 5.140911e+00
      vertex 7.601436e+00 -1.200000e+01 7.243492e+00
    endloop
  endfacet
  facet normal 8.314580e-01 -3.594427e-01 4.236490e-01
    outer loop
      vertex 9.731756e+00 -1.299909e+01 3.162039e+00
      vertex 9.155383e+00 -1.200000e+01 5.140911e+00
      vertex 8.278326e+00 -1.299909e+01 6.014556e+00
    endloop
  endfacet
  facet normal 6.324105e-01 -2.424303e-01 7.357205e-01
    outer loop
      vertex 6.014556e+00 -1.299909e+01 8.278326e+00
      vertex 7.601436e+00 -1.200000e+01 7.243492e+00
      vertex 6.019868e+00 -1.200000e+01 8.602976e+00
    endloop
  endfacet
  facet normal 6.586210e-01 -3.639186e-01 6.586210e-01
    outer loop
      vertex 8.278326e+00 -1.299909e+01 6.014556e+00
      vertex 7.601436e+00 -1.200000e+01 7.243492e+00
      vertex 6.014556e+00 -1.299909e+01 8.278326e+00
    endloop
  endfacet
  facet normal 4.714142e-01 -2.748102e-01 8.380024e-01
    outer loop
      vertex 6.014556e+00 -1.299909e+01 8.278326e+00
      vertex 6.019868e+00 -1.200000e+01 8.602976e+00
      vertex 4.226712e+00 -1.200000e+01 9.611707e+00
    endloop
  endfacet
  facet normal 3.029076e-01 -2.111220e-01 9.293409e-01
    outer loop
      vertex 3.162039e+00 -1.299909e+01 9.731756e+00
      vertex 4.226712e+00 -1.200000e+01 9.611707e+00
      vertex 2.249031e+00 -1.200000e+01 1.025631e+01
    endloop
  endfacet
  facet normal 4.248427e-01 -3.525408e-01 8.338008e-01
    outer loop
      vertex 6.014556e+00 -1.299909e+01 8.278326e+00
      vertex 4.226712e+00 -1.200000e+01 9.611707e+00
      vertex 3.162039e+00 -1.299909e+01 9.731756e+00
    endloop
  endfacet
  facet normal 0.000000e+00 -1.000000e+00 0.000000e+00
    outer loop
      vertex 3.464102e+00 -6.000000e+00 -6.000000e+00
      vertex 3.464102e+00 -6.000000e+00 6.000000e+00
      vertex -3.464102e+00 -6.000000e+00 6.000000e+00
    endloop
  endfacet
  facet normal 0.000000e+00 -1.000000e+00 0.000000e+00
    outer loop
      vertex -3.464102e+00 -6.000000e+00 -6.000000e+00
      vertex 3.464102e+00 -6.000000e+00 -6.000000e+00
      vertex -3.464102e+00 -6.000000e+00 6.000000e+00
    endloop
  endfacet
  facet normal 0.000000e+00 -1.000000e+00 0.000000e+00
    outer loop
      vertex -6.928203e+00 -6.000000e+00 0.000000e+00
      vertex -3.464102e+00 -6.000000e+00 -6.000000e+00
      vertex -3.464102e+00 -6.000000e+00 6.000000e+00
    endloop
  endfacet
  facet normal 0.000000e+00 0.000000e+00 -1.000000e+00
    outer loop
      vertex -5.786638e-04 -1.346425e+01 6.000000e+00
      vertex -1.701856e+00 -1.360060e+01 6.000000e+00
      vertex -3.464102e+00 -6.000000e+00 6.000000e+00
    endloop
  endfacet
  facet normal 0.000000e+00 0.000000e+00 -1.000000e+00
    outer loop
      vertex 1.700941e+00 -1.360046e+01 6.000000e+00
      vertex -5.786638e-04 -1.346425e+01 6.000000e+00
      vertex -3.464102e+00 -6.000000e+00 6.000000e+00
    endloop
  endfacet
  facet normal 0.000000e+00 -1.000000e+00 0.000000e+00
    outer loop
      vertex 3.464102e+00 -6.000000e+00 -6.000000e+00
      vertex 6.928203e+00 -6.000000e+00 0.000000e+00
      vertex 3.464102e+00 -6.000000e+00 6.000000e+00
    endloop
  endfacet
  facet normal -8.660254e-01 -1.348688e-16 -5.000000e-01
    outer loop
      vertex 5.195863e+00 -1.346425e+01 3.000501e+00
      vertex 4.345224e+00 -1.360060e+01 4.473851e+00
      vertex 3.464102e+00 -6.000000e+00 6.000000e+00
    endloop
  endfacet
  facet normal -8.660254e-01 7.263000e-17 -5.000000e-01
    outer loop
      vertex 6.046623e+00 -1.360046e+01 1.526942e+00
      vertex 5.195863e+00 -1.346425e+01 3.000501e+00
      vertex 3.464102e+00 -6.000000e+00 6.000000e+00
    endloop
  endfacet
  facet normal -8.660254e-01 6.743439e-17 5.000000e-01
    outer loop
      vertex 5.196442e+00 -1.346425e+01 -2.999499e+00
      vertex 6.047081e+00 -1.360060e+01 -1.526149e+00
      vertex 6.928203e+00 -6.000000e+00 0.000000e+00
    endloop
  endfacet
  facet normal -8.660254e-01 1.089450e-16 5.000000e-01
    outer loop
      vertex 4.345682e+00 -1.360046e+01 -4.473058e+00
      vertex 5.196442e+00 -1.346425e+01 -2.999499e+00
      vertex 6.928203e+00 -6.000000e+00 0.000000e+00
    endloop
  endfacet
  facet normal 0.000000e+00 0.000000e+00 1.000000e+00
    outer loop
      vertex 5.786638e-04 -1.346425e+01 -6.000000e+00
      vertex 1.701856e+00 -1.360060e+01 -6.000000e+00
      vertex 3.464102e+00 -6.000000e+00 -6.000000e+00
    endloop
  endfacet
  facet normal 0.000000e+00 0.000000e+00 1.000000e+00
    outer loop
      vertex -1.700941e+00 -1.360046e+01 -6.000000e+00
      vertex 5.786638e-04 -1.346425e+01 -6.000000e+00
      vertex 3.464102e+00 -6.000000e+00 -6.000000e+00
    endloop
  endfacet
  facet normal 8.660254e-01 6.743439e-17 5.000000e-01
    outer loop
      vertex -5.195863e+00 -1.346425e+01 -3.000501e+00
      vertex -4.345224e+00 -1.360060e+01 -4.473851e+00
      vertex -3.464102e+00 -6.000000e+00 -6.000000e+00
    endloop
  endfacet
  facet normal 8.660254e-01 3.631500e-17 5.000000e-01
    outer loop
      vertex -6.046623e+00 -1.360046e+01 -1.526942e+00
      vertex -5.195863e+00 -1.346425e+01 -3.000501e+00
      vertex -3.464102e+00 -6.000000e+00 -6.000000e+00
    endloop
  endfacet
  facet normal 8.660254e-01 -6.743439e-17 -5.000000e-01
    outer loop
      vertex -5.196442e+00 -1.346425e+01 2.999499e+00
      vertex -6.047081e+00 -1.360060e+01 1.526149e+00
      vertex -6.928203e+00 -6.000000e+00 0.000000e+00
    endloop
  endfacet
  facet normal 8.660254e-01 1.452600e-16 -5.000000e-01
    outer loop
      vertex -4.345682e+00 -1.360046e+01 4.473058e+00
      vertex -5.196442e+00 -1.346425e+01 2.999499e+00
      vertex -6.928203e+00 -6.000000e+00 0.000000e+00
    endloop
  endfacet
  facet normal 1.113276e-01 -7.025274e-01 7.028951e-01
    outer loop
      vertex -8.515128e-10 -1.299909e+01 1.023257e+01
      vertex -7.865080e-10 -1.373205e+01 9.500000e+00
      vertex 2.935661e+00 -1.373205e+01 9.035037e+00
    endloop
  endfacet
  facet normal -1.113276e-01 -7.025274e-01 7.028951e-01
    outer loop
      vertex -3.162039e+00 -1.299909e+01 9.731756e+00
      vertex -7.865080e-10 -1.373205e+01 9.500000e+00
      vertex -8.515128e-10 -1.299909e+01 1.023257e+01
    endloop
  endfacet
  facet normal -1.113276e-01 -7.025274e-01 7.028951e-01
    outer loop
      vertex -3.162039e+00 -1.299909e+01 9.731756e+00
      vertex -2.935661e+00 -1.373205e+01 9.035037e+00
      vertex -7.865080e-10 -1.373205e+01 9.500000e+00
    endloop
  endfacet
  facet normal 3.230854e-01 -7.025274e-01 6.340908e-01
    outer loop
      vertex 3.162039e+00 -1.299909e+01 9.731756e+00
      vertex 2.935661e+00 -1.373205e+01 9.035037e+00
      vertex 5.583960e+00 -1.373205e+01 7.685661e+00
    endloop
  endfacet
  facet normal 1.113276e-01 -7.025274e-01 7.028951e-01
    outer loop
      vertex 3.162039e+00 -1.299909e+01 9.731756e+00
      vertex -8.515128e-10 -1.299909e+01 1.023257e+01
      vertex 2.935661e+00 -1.373205e+01 9.035037e+00
    endloop
  endfacet
  facet normal 5.032173e-01 -7.025274e-01 5.032173e-01
    outer loop
      vertex 6.014556e+00 -1.299909e+01 8.278326e+00
      vertex 5.583960e+00 -1.373205e+01 7.685661e+00
      vertex 7.685661e+00 -1.373205e+01 5.583960e+00
    endloop
  endfacet
  facet normal 3.230854e-01 -7.025274e-01 6.340908e-01
    outer loop
      vertex 6.014556e+00 -1.299909e+01 8.278326e+00
      vertex 3.162039e+00 -1.299909e+01 9.731756e+00
      vertex 5.583960e+00 -1.373205e+01 7.685661e+00
    endloop
  endfacet
  facet normal 6.340908e-01 -7.025274e-01 3.230854e-01
    outer loop
      vertex 8.278326e+00 -1.299909e+01 6.014556e+00
      vertex 7.685661e+00 -1.373205e+01 5.583960e+00
      vertex 9.035037e+00 -1.373205e+01 2.935661e+00
    endloop
  endfacet
  facet normal 5.032173e-01 -7.025274e-01 5.032173e-01
    outer loop
      vertex 8.278326e+00 -1.299909e+01 6.014556e+00
      vertex 6.014556e+00 -1.299909e+01 8.278326e+00
      vertex 7.685661e+00 -1.373205e+01 5.583960e+00
    endloop
  endfacet
  facet normal 7.028951e-01 -7.025274e-01 1.113276e-01
    outer loop
      vertex 9.731756e+00 -1.299909e+01 3.162039e+00
      vertex 9.035037e+00 -1.373205e+01 2.935661e+00
      vertex 9.500000e+00 -1.373205e+01 7.865067e-10
    endloop
  endfacet
  facet normal 6.340908e-01 -7.025274e-01 3.230854e-01
    outer loop
      vertex 9.731756e+00 -1.299909e+01 3.162039e+00
      vertex 8.278326e+00 -1.299909e+01 6.014556e+00
      vertex 9.035037e+00 -1.373205e+01 2.935661e+00
    endloop
  endfacet
  facet normal 7.028951e-01 -7.025274e-01 -1.113276e-01
    outer loop
      vertex 1.023257e+01 -1.299909e+01 8.510714e-10
      vertex 9.500000e+00 -1.373205e+01 7.865067e-10
      vertex 9.035037e+00 -1.373205e+01 -2.935661e+00
    endloop
  endfacet
  facet normal 7.028951e-01 -7.025274e-01 1.113276e-01
    outer loop
      vertex 1.023257e+01 -1.299909e+01 8.510714e-10
      vertex 9.731756e+00 -1.299909e+01 3.162039e+00
      vertex 9.500000e+00 -1.373205e+01 7.865067e-10
    endloop
  endfacet
  facet normal 6.340908e-01 -7.025274e-01 -3.230854e-01
    outer loop
      vertex 9.731756e+00 -1.299909e+01 -3.162039e+00
      vertex 9.035037e+00 -1.373205e+01 -2.935661e+00
      vertex 7.685661e+00 -1.373205e+01 -5.583960e+00
    endloop
  endfacet
  facet normal 7.028951e-01 -7.025274e-01 -1.113276e-01
    outer loop
      vertex 9.731756e+00 -1.299909e+01 -3.162039e+00
      vertex 1.023257e+01 -1.299909e+01 8.510714e-10
      vertex 9.035037e+00 -1.373205e+01 -2.935661e+00
    endloop
  endfacet
  facet normal 5.032173e-01 -7.025274e-01 -5.032173e-01
    outer loop
      vertex 8.278326e+00 -1.299909e+01 -6.014556e+00
      vertex 7.685661e+00 -1.373205e+01 -5.583960e+00
      vertex 5.583960e+00 -1.373205e+01 -7.685661e+00
    endloop
  endfacet
  facet normal 6.340908e-01 -7.025274e-01 -3.230854e-01
    outer loop
      vertex 8.278326e+00 -1.299909e+01 -6.014556e+00
      vertex 9.731756e+00 -1.299909e+01 -3.162039e+00
      vertex 7.685661e+00 -1.373205e+01 -5.583960e+00
    endloop
  endfacet
  facet normal 3.230854e-01 -7.025274e-01 -6.340908e-01
    outer loop
      vertex 6.014556e+00 -1.299909e+01 -8.278326e+00
      vertex 5.583960e+00 -1.373205e+01 -7.685661e+00
      vertex 2.935661e+00 -1.373205e+01 -9.035037e+00
    endloop
  endfacet
  facet normal 5.032173e-01 -7.025274e-01 -5.032173e-01
    outer loop
      vertex 6.014556e+00 -1.299909e+01 -8.278326e+00
      vertex 8.278326e+00 -1.299909e+01 -6.014556e+00
      vertex 5.583960e+00 -1.373205e+01 -7.685661e+00
    endloop
  endfacet
  facet normal 1.113276e-01 -7.025274e-01 -7.028951e-01
    outer loop
      vertex 3.162039e+00 -1.299909e+01 -9.731756e+00
      vertex 2.935661e+00 -1.373205e+01 -9.035037e+00
      vertex 7.865072e-10 -1.373205e+01 -9.500000e+00
    endloop
  endfacet
  facet normal 3.230854e-01 -7.025274e-01 -6.340908e-01
    outer loop
      vertex 3.162039e+00 -1.299909e+01 -9.731756e+00
      vertex 6.014556e+00 -1.299909e+01 -8.278326e+00
      vertex 2.935661e+00 -1.373205e+01 -9.035037e+00
    endloop
  endfacet
  facet normal 1.113276e-01 -7.025274e-01 -7.028951e-01
    outer loop
      vertex 8.515125e-10 -1.299909e+01 -1.023257e+01
      vertex 3.162039e+00 -1.299909e+01 -9.731756e+00
      vertex 7.865072e-10 -1.373205e+01 -9.500000e+00
    endloop
  endfacet
  facet normal -1.113276e-01 -7.025274e-01 -7.028951e-01
    outer loop
      vertex -2.935661e+00 -1.373205e+01 -9.035037e+00
      vertex 8.515125e-10 -1.299909e+01 -1.023257e+01
      vertex 7.865072e-10 -1.373205e+01 -9.500000e+00
    endloop
  endfacet
  facet normal -1.113276e-01 -7.025274e-01 -7.028951e-01
    outer loop
      vertex -3.162039e+00 -1.299909e+01 -9.731756e+00
      vertex 8.515125e-10 -1.299909e+01 -1.023257e+01
      vertex -2.935661e+00 -1.373205e+01 -9.035037e+00
    endloop
  endfacet
  facet normal -3.230854e-01 -7.025274e-01 -6.340908e-01
    outer loop
      vertex -3.162039e+00 -1.299909e+01 -9.731756e+00
      vertex -2.935661e+00 -1.373205e+01 -9.035037e+00
      vertex -5.583960e+00 -1.373205e+01 -7.685661e+00
    endloop
  endfacet
  facet normal -5.032173e-01 -7.025274e-01 -5.032173e-01
    outer loop
      vertex -6.014556e+00 -1.299909e+01 -8.278326e+00
      vertex -5.583960e+00 -1.373205e+01 -7.685661e+00
      vertex -7.685661e+00 -1.373205e+01 -5.583960e+00
    endloop
  endfacet
  facet normal -3.230854e-01 -7.025274e-01 -6.340908e-01
    outer loop
      vertex -6.014556e+00 -1.299909e+01 -8.278326e+00
      vertex -3.162039e+00 -1.299909e+01 -9.731756e+00
      vertex -5.583960e+00 -1.373205e+01 -7.685661e+00
    endloop
  endfacet
  facet normal -6.340908e-01 -7.025274e-01 -3.230854e-01
    outer loop
      vertex -8.278326e+00 -1.299909e+01 -6.014556e+00
      vertex -7.685661e+00 -1.373205e+01 -5.583960e+00
      vertex -9.035037e+00 -1.373205e+01 -2.935661e+00
    endloop
  endfacet
  facet normal -5.032173e-01 -7.025274e-01 -5.032173e-01
    outer loop
      vertex -8.278326e+00 -1.299909e+01 -6.014556e+00
      vertex -6.014556e+00 -1.299909e+01 -8.278326e+00
      vertex -7.685661e+00 -1.373205e+01 -5.583960e+00
    endloop
  endfacet
  facet normal -7.028951e-01 -7.025274e-01 -1.113276e-01
    outer loop
      vertex -9.731756e+00 -1.299909e+01 -3.162039e+00
      vertex -9.035037e+00 -1.373205e+01 -2.935661e+00
      vertex -9.500000e+00 -1.373205e+01 -7.865077e-10
    endloop
  endfacet
  facet normal -6.340908e-01 -7.025274e-01 -3.230854e-01
    outer loop
      vertex -9.731756e+00 -1.299909e+01 -3.162039e+00
      vertex -8.278326e+00 -1.299909e+01 -6.014556e+00
      vertex -9.035037e+00 -1.373205e+01 -2.935661e+00
    endloop
  endfacet
  facet normal -7.028951e-01 -7.025274e-01 1.113276e-01
    outer loop
      vertex -1.023257e+01 -1.299909e+01 -8.510702e-10
      vertex -9.500000e+00 -1.373205e+01 -7.865077e-10
      vertex -9.035037e+00 -1.373205e+01 2.935661e+00
    endloop
  endfacet
  facet normal -7.028951e-01 -7.025274e-01 -1.113276e-01
    outer loop
      vertex -1.023257e+01 -1.299909e+01 -8.510702e-10
      vertex -9.731756e+00 -1.299909e+01 -3.162039e+00
      vertex -9.500000e+00 -1.373205e+01 -7.865077e-10
    endloop
  endfacet
  facet normal -6.340908e-01 -7.025274e-01 3.230854e-01
    outer loop
      vertex -9.731756e+00 -1.299909e+01 3.162039e+00
      vertex -9.035037e+00 -1.373205e+01 2.935661e+00
      vertex -7.685661e+00 -1.373205e+01 5.583960e+00
    endloop
  endfacet
  facet normal -7.028951e-01 -7.025274e-01 1.113276e-01
    outer loop
      vertex -9.731756e+00 -1.299909e+01 3.162039e+00
      vertex -1.023257e+01 -1.299909e+01 -8.510702e-10
      vertex -9.035037e+00 -1.373205e+01 2.935661e+00
    endloop
  endfacet
  facet normal -5.032173e-01 -7.025274e-01 5.032173e-01
    outer loop
      vertex -8.278326e+00 -1.299909e+01 6.014556e+00
      vertex -7.685661e+00 -1.373205e+01 5.583960e+00
      vertex -5.583960e+00 -1.373205e+01 7.685661e+00
    endloop
  endfacet
  facet normal -6.340908e-01 -7.025274e-01 3.230854e-01
    outer loop
      vertex -8.278326e+00 -1.299909e+01 6.014556e+00
      vertex -9.731756e+00 -1.299909e+01 3.162039e+00
      vertex -7.685661e+00 -1.373205e+01 5.583960e+00
    endloop
  endfacet
  facet normal -3.230854e-01 -7.025274e-01 6.340908e-01
    outer loop
      vertex -6.014556e+00 -1.299909e+01 8.278326e+00
      vertex -5.583960e+00 -1.373205e+01 7.685661e+00
      vertex -2.935661e+00 -1.373205e+01 9.035037e+00
    endloop
  endfacet
  facet normal -5.032173e-01 -7.025274e-01 5.032173e-01
    outer loop
      vertex -6.014556e+00 -1.299909e+01 8.278326e+00
      vertex -8.278326e+00 -1.299909e+01 6.014556e+00
      vertex -5.583960e+00 -1.373205e+01 7.685661e+00
    endloop
  endfacet
  facet normal -3.230854e-01 -7.025274e-01 6.340908e-01
    outer loop
      vertex -3.162039e+00 -1.299909e+01 9.731756e+00
      vertex -6.014556e+00 -1.299909e+01 8.278326e+00
      vertex -2.935661e+00 -1.373205e+01 9.035037e+00
    endloop
  endfacet
endsolid SCREW-M14X34-CSN_02_1143
