solid SCREW-M42X3X90-CSN_02_1143
  facet normal 0.000000e+00 1.000000e+00 0.000000e+00
    outer loop
      vertex 8.489906e+00 9.000000e+01 1.788714e+01
      vertex 8.492320e+00 9.000000e+01 -1.788599e+01
      vertex 0.000000e+00 9.000000e+01 -1.980000e+01
    endloop
  endfacet
  facet normal 1.573829e-01 6.982946e-01 -6.982946e-01
    outer loop
      vertex -6.754201e-15 8.880000e+01 -2.100000e+01
      vertex 0.000000e+00 9.000000e+01 -1.980000e+01
      vertex 8.492320e+00 9.000000e+01 -1.788599e+01
    endloop
  endfacet
  facet normal 0.000000e+00 1.000000e+00 0.000000e+00
    outer loop
      vertex -2.424721e-15 9.000000e+01 1.980000e+01
      vertex 8.489906e+00 9.000000e+01 1.788714e+01
      vertex 0.000000e+00 9.000000e+01 -1.980000e+01
    endloop
  endfacet
  facet normal 0.000000e+00 1.000000e+00 0.000000e+00
    outer loop
      vertex -8.489906e+00 9.000000e+01 -1.788714e+01
      vertex -2.424721e-15 9.000000e+01 1.980000e+01
      vertex 0.000000e+00 9.000000e+01 -1.980000e+01
    endloop
  endfacet
  facet normal -1.431656e-01 7.587813e-01 -6.354168e-01
    outer loop
      vertex -7.924088e+00 8.880001e+01 -1.944759e+01
      vertex -8.489906e+00 9.000000e+01 -1.788714e+01
      vertex 0.000000e+00 9.000000e+01 -1.980000e+01
    endloop
  endfacet
  facet normal -1.372181e-01 7.004182e-01 -7.004182e-01
    outer loop
      vertex -7.924088e+00 8.880001e+01 -1.944759e+01
      vertex 0.000000e+00 9.000000e+01 -1.980000e+01
      vertex -6.754201e-15 8.880000e+01 -2.100000e+01
    endloop
  endfacet
  facet normal 0.000000e+00 1.000000e+00 0.000000e+00
    outer loop
      vertex 1.544043e+01 9.000000e+01 1.239446e+01
      vertex 1.544216e+01 9.000000e+01 -1.239230e+01
      vertex 8.492320e+00 9.000000e+01 -1.788599e+01
    endloop
  endfacet
  facet normal 3.768681e-01 7.941471e-01 -4.767607e-01
    outer loop
      vertex 1.479780e+01 8.880000e+01 -1.490050e+01
      vertex 8.492320e+00 9.000000e+01 -1.788599e+01
      vertex 1.544216e+01 9.000000e+01 -1.239230e+01
    endloop
  endfacet
  facet normal 0.000000e+00 1.000000e+00 0.000000e+00
    outer loop
      vertex 8.489906e+00 9.000000e+01 1.788714e+01
      vertex 1.544043e+01 9.000000e+01 1.239446e+01
      vertex 8.492320e+00 9.000000e+01 -1.788599e+01
    endloop
  endfacet
  facet normal 1.240210e-01 7.643468e-01 -6.327660e-01
    outer loop
      vertex 7.927451e+00 8.880001e+01 -1.944622e+01
      vertex -6.754201e-15 8.880000e+01 -2.100000e+01
      vertex 8.492320e+00 9.000000e+01 -1.788599e+01
    endloop
  endfacet
  facet normal 4.257251e-01 6.361988e-01 -6.434355e-01
    outer loop
      vertex 7.927451e+00 8.880001e+01 -1.944622e+01
      vertex 8.492320e+00 9.000000e+01 -1.788599e+01
      vertex 1.479780e+01 8.880000e+01 -1.490050e+01
    endloop
  endfacet
  facet normal 0.000000e+00 1.000000e+00 0.000000e+00
    outer loop
      vertex 1.929818e+01 9.000000e+01 4.429098e+00
      vertex 1.929879e+01 9.000000e+01 -4.426445e+00
      vertex 1.544216e+01 9.000000e+01 -1.239230e+01
    endloop
  endfacet
  facet normal 5.257239e-01 8.116838e-01 -2.545266e-01
    outer loop
      vertex 1.938744e+01 8.880000e+01 -8.070135e+00
      vertex 1.544216e+01 9.000000e+01 -1.239230e+01
      vertex 1.929879e+01 9.000000e+01 -4.426445e+00
    endloop
  endfacet
  facet normal 0.000000e+00 1.000000e+00 0.000000e+00
    outer loop
      vertex 1.544043e+01 9.000000e+01 1.239446e+01
      vertex 1.929818e+01 9.000000e+01 4.429098e+00
      vertex 1.544216e+01 9.000000e+01 -1.239230e+01
    endloop
  endfacet
  facet normal 6.735731e-01 5.843359e-01 -4.526045e-01
    outer loop
      vertex 1.479780e+01 8.880000e+01 -1.490050e+01
      vertex 1.544216e+01 9.000000e+01 -1.239230e+01
      vertex 1.938744e+01 8.880000e+01 -8.070135e+00
    endloop
  endfacet
  facet normal 5.763408e-01 8.172095e-01 3.965985e-05
    outer loop
      vertex 2.100000e+01 8.880000e+01 2.037443e-03
      vertex 1.929879e+01 9.000000e+01 -4.426445e+00
      vertex 1.929818e+01 9.000000e+01 4.429098e+00
    endloop
  endfacet
  facet normal 8.157029e-01 5.550458e-01 -1.629510e-01
    outer loop
      vertex 1.938744e+01 8.880000e+01 -8.070135e+00
      vertex 1.929879e+01 9.000000e+01 -4.426445e+00
      vertex 2.100000e+01 8.880000e+01 2.037443e-03
    endloop
  endfacet
  facet normal 5.256735e-01 8.116959e-01 2.545921e-01
    outer loop
      vertex 1.938588e+01 8.880000e+01 8.073890e+00
      vertex 1.929818e+01 9.000000e+01 4.429098e+00
      vertex 1.544043e+01 9.000000e+01 1.239446e+01
    endloop
  endfacet
  facet normal 8.156805e-01 5.550317e-01 1.631109e-01
    outer loop
      vertex 2.100000e+01 8.880000e+01 2.037443e-03
      vertex 1.929818e+01 9.000000e+01 4.429098e+00
      vertex 1.938588e+01 8.880000e+01 8.073890e+00
    endloop
  endfacet
  facet normal 3.767839e-01 7.941707e-01 4.767880e-01
    outer loop
      vertex 1.479487e+01 8.880000e+01 1.490341e+01
      vertex 1.544043e+01 9.000000e+01 1.239446e+01
      vertex 8.489906e+00 9.000000e+01 1.788714e+01
    endloop
  endfacet
  facet normal 6.735112e-01 5.842915e-01 4.527538e-01
    outer loop
      vertex 1.938588e+01 8.880000e+01 8.073890e+00
      vertex 1.544043e+01 9.000000e+01 1.239446e+01
      vertex 1.479487e+01 8.880000e+01 1.490341e+01
    endloop
  endfacet
  facet normal 1.431656e-01 7.587813e-01 6.354168e-01
    outer loop
      vertex 7.924088e+00 8.880001e+01 1.944759e+01
      vertex 8.489906e+00 9.000000e+01 1.788714e+01
      vertex -2.424721e-15 9.000000e+01 1.980000e+01
    endloop
  endfacet
  facet normal 4.256235e-01 6.361608e-01 6.435403e-01
    outer loop
      vertex 1.479487e+01 8.880000e+01 1.490341e+01
      vertex 8.489906e+00 9.000000e+01 1.788714e+01
      vertex 7.924088e+00 8.880001e+01 1.944759e+01
    endloop
  endfacet
  facet normal 0.000000e+00 1.000000e+00 0.000000e+00
    outer loop
      vertex -8.489906e+00 9.000000e+01 -1.788714e+01
      vertex -8.492320e+00 9.000000e+01 1.788599e+01
      vertex -2.424721e-15 9.000000e+01 1.980000e+01
    endloop
  endfacet
  facet normal -1.573829e-01 6.982946e-01 6.982946e-01
    outer loop
      vertex -2.571673e-15 8.880000e+01 2.100000e+01
      vertex -2.424721e-15 9.000000e+01 1.980000e+01
      vertex -8.492320e+00 9.000000e+01 1.788599e+01
    endloop
  endfacet
  facet normal 1.372181e-01 7.004182e-01 7.004182e-01
    outer loop
      vertex 7.924088e+00 8.880001e+01 1.944759e+01
      vertex -2.424721e-15 9.000000e+01 1.980000e+01
      vertex -2.571673e-15 8.880000e+01 2.100000e+01
    endloop
  endfacet
  facet normal 0.000000e+00 1.000000e+00 0.000000e+00
    outer loop
      vertex -1.544043e+01 9.000000e+01 -1.239446e+01
      vertex -1.544216e+01 9.000000e+01 1.239230e+01
      vertex -8.492320e+00 9.000000e+01 1.788599e+01
    endloop
  endfacet
  facet normal -3.768681e-01 7.941471e-01 4.767607e-01
    outer loop
      vertex -1.479780e+01 8.880000e+01 1.490050e+01
      vertex -8.492320e+00 9.000000e+01 1.788599e+01
      vertex -1.544216e+01 9.000000e+01 1.239230e+01
    endloop
  endfacet
  facet normal 0.000000e+00 1.000000e+00 0.000000e+00
    outer loop
      vertex -8.489906e+00 9.000000e+01 -1.788714e+01
      vertex -1.544043e+01 9.000000e+01 -1.239446e+01
      vertex -8.492320e+00 9.000000e+01 1.788599e+01
    endloop
  endfacet
  facet normal -4.257251e-01 6.361988e-01 6.434355e-01
    outer loop
      vertex -7.927451e+00 8.880001e+01 1.944622e+01
      vertex -8.492320e+00 9.000000e+01 1.788599e+01
      vertex -1.479780e+01 8.880000e+01 1.490050e+01
    endloop
  endfacet
  facet normal -1.240210e-01 7.643468e-01 6.327660e-01
    outer loop
      vertex -2.571673e-15 8.880000e+01 2.100000e+01
      vertex -8.492320e+00 9.000000e+01 1.788599e+01
      vertex -7.927451e+00 8.880001e+01 1.944622e+01
    endloop
  endfacet
  facet normal 0.000000e+00 1.000000e+00 0.000000e+00
    outer loop
      vertex -1.929818e+01 9.000000e+01 -4.429098e+00
      vertex -1.929879e+01 9.000000e+01 4.426445e+00
      vertex -1.544216e+01 9.000000e+01 1.239230e+01
    endloop
  endfacet
  facet normal -5.257239e-01 8.116838e-01 2.545266e-01
    outer loop
      vertex -1.938744e+01 8.880000e+01 8.070135e+00
      vertex -1.544216e+01 9.000000e+01 1.239230e+01
      vertex -1.929879e+01 9.000000e+01 4.426445e+00
    endloop
  endfacet
  facet normal 0.000000e+00 1.000000e+00 0.000000e+00
    outer loop
      vertex -1.544043e+01 9.000000e+01 -1.239446e+01
      vertex -1.929818e+01 9.000000e+01 -4.429098e+00
      vertex -1.544216e+01 9.000000e+01 1.239230e+01
    endloop
  endfacet
  facet normal -6.735731e-01 5.843359e-01 4.526045e-01
    outer loop
      vertex -1.479780e+01 8.880000e+01 1.490050e+01
      vertex -1.544216e+01 9.000000e+01 1.239230e+01
      vertex -1.938744e+01 8.880000e+01 8.070135e+00
    endloop
  endfacet
  facet normal -5.763408e-01 8.172095e-01 -3.965985e-05
    outer loop
      vertex -2.100000e+01 8.880000e+01 -2.037443e-03
      vertex -1.929879e+01 9.000000e+01 4.426445e+00
      vertex -1.929818e+01 9.000000e+01 -4.429098e+00
    endloop
  endfacet
  facet normal -8.157029e-01 5.550458e-01 1.629510e-01
    outer loop
      vertex -1.938744e+01 8.880000e+01 8.070135e+00
      vertex -1.929879e+01 9.000000e+01 4.426445e+00
      vertex -2.100000e+01 8.880000e+01 -2.037443e-03
    endloop
  endfacet
  facet normal -5.256735e-01 8.116959e-01 -2.545921e-01
    outer loop
      vertex -1.938588e+01 8.880000e+01 -8.073890e+00
      vertex -1.929818e+01 9.000000e+01 -4.429098e+00
      vertex -1.544043e+01 9.000000e+01 -1.239446e+01
    endloop
  endfacet
  facet normal -8.156805e-01 5.550317e-01 -1.631109e-01
    outer loop
      vertex -2.100000e+01 8.880000e+01 -2.037443e-03
      vertex -1.929818e+01 9.000000e+01 -4.429098e+00
      vertex -1.938588e+01 8.880000e+01 -8.073890e+00
    endloop
  endfacet
  facet normal -3.767839e-01 7.941707e-01 -4.767880e-01
    outer loop
      vertex -1.479487e+01 8.880000e+01 -1.490341e+01
      vertex -1.544043e+01 9.000000e+01 -1.239446e+01
      vertex -8.489906e+00 9.000000e+01 -1.788714e+01
    endloop
  endfacet
  facet normal -6.735112e-01 5.842915e-01 -4.527538e-01
    outer loop
      vertex -1.938588e+01 8.880000e+01 -8.073890e+00
      vertex -1.544043e+01 9.000000e+01 -1.239446e+01
      vertex -1.479487e+01 8.880000e+01 -1.490341e+01
    endloop
  endfacet
  facet normal -4.256235e-01 6.361608e-01 -6.435403e-01
    outer loop
      vertex -1.479487e+01 8.880000e+01 -1.490341e+01
      vertex -8.489906e+00 9.000000e+01 -1.788714e+01
      vertex -7.924088e+00 8.880001e+01 -1.944759e+01
    endloop
  endfacet
  facet normal -1.556711e-01 3.433248e-03 9.878030e-01
    outer loop
      vertex -7.927451e+00 8.880001e+01 1.944622e+01
      vertex -6.458515e+00 1.200000e+00 1.998218e+01
      vertex -2.571673e-15 1.200000e+00 2.100000e+01
    endloop
  endfacet
  facet normal -1.440781e-01 3.786907e-01 9.142401e-01
    outer loop
      vertex 1.296574e-12 3.514718e-01 2.135147e+01
      vertex -2.571673e-15 1.200000e+00 2.100000e+01
      vertex -6.458515e+00 1.200000e+00 1.998218e+01
    endloop
  endfacet
  facet normal -1.923401e-01 0.000000e+00 9.813283e-01
    outer loop
      vertex -2.571673e-15 8.880000e+01 2.100000e+01
      vertex -7.927451e+00 8.880001e+01 1.944622e+01
      vertex -2.571673e-15 1.200000e+00 2.100000e+01
    endloop
  endfacet
  facet normal 1.594172e-01 0.000000e+00 9.872113e-01
    outer loop
      vertex 6.609896e+00 1.200000e+00 1.993262e+01
      vertex -2.571673e-15 8.880000e+01 2.100000e+01
      vertex -2.571673e-15 1.200000e+00 2.100000e+01
    endloop
  endfacet
  facet normal 1.534012e-01 2.721220e-01 9.499567e-01
    outer loop
      vertex 7.302633e+00 3.514718e-01 2.006382e+01
      vertex 6.609896e+00 1.200000e+00 1.993262e+01
      vertex -2.571673e-15 1.200000e+00 2.100000e+01
    endloop
  endfacet
  facet normal 1.607854e-01 3.777045e-01 9.118593e-01
    outer loop
      vertex 7.302633e+00 3.514718e-01 2.006382e+01
      vertex -2.571673e-15 1.200000e+00 2.100000e+01
      vertex 1.296574e-12 3.514718e-01 2.135147e+01
    endloop
  endfacet
  facet normal -4.043728e-01 -1.185068e-03 9.145935e-01
    outer loop
      vertex -7.927451e+00 8.880001e+01 1.944622e+01
      vertex -1.043396e+01 1.200000e+00 1.822450e+01
      vertex -6.458515e+00 1.200000e+00 1.998218e+01
    endloop
  endfacet
  facet normal -3.630848e-01 4.402086e-01 8.212100e-01
    outer loop
      vertex -7.302633e+00 3.514718e-01 2.006382e+01
      vertex -6.458515e+00 1.200000e+00 1.998218e+01
      vertex -1.043396e+01 1.200000e+00 1.822450e+01
    endloop
  endfacet
  facet normal -1.677502e-01 2.584109e-01 9.513588e-01
    outer loop
      vertex -7.302633e+00 3.514718e-01 2.006382e+01
      vertex 1.296574e-12 3.514718e-01 2.135147e+01
      vertex -6.458515e+00 1.200000e+00 1.998218e+01
    endloop
  endfacet
  facet normal -5.848676e-01 1.642857e-03 8.111271e-01
    outer loop
      vertex -1.479780e+01 8.880000e+01 1.490050e+01
      vertex -1.399588e+01 1.200000e+00 1.565616e+01
      vertex -1.043396e+01 1.200000e+00 1.822450e+01
    endloop
  endfacet
  facet normal -5.268440e-01 4.342537e-01 7.306566e-01
    outer loop
      vertex -1.372446e+01 3.514718e-01 1.635618e+01
      vertex -1.043396e+01 1.200000e+00 1.822450e+01
      vertex -1.399588e+01 1.200000e+00 1.565616e+01
    endloop
  endfacet
  facet normal -5.517913e-01 4.157424e-03 8.339719e-01
    outer loop
      vertex -7.927451e+00 8.880001e+01 1.944622e+01
      vertex -1.479780e+01 8.880000e+01 1.490050e+01
      vertex -1.043396e+01 1.200000e+00 1.822450e+01
    endloop
  endfacet
  facet normal -4.997427e-01 3.207818e-02 8.655797e-01
    outer loop
      vertex -1.372446e+01 3.514718e-01 1.635618e+01
      vertex -7.302633e+00 3.514718e-01 2.006382e+01
      vertex -1.043396e+01 1.200000e+00 1.822450e+01
    endloop
  endfacet
  facet normal -7.407707e-01 -9.865747e-04 6.717573e-01
    outer loop
      vertex -1.479780e+01 8.880000e+01 1.490050e+01
      vertex -1.694596e+01 1.200000e+00 1.240300e+01
      vertex -1.399588e+01 1.200000e+00 1.565616e+01
    endloop
  endfacet
  facet normal -7.060928e-01 3.023837e-01 6.403101e-01
    outer loop
      vertex -1.372446e+01 3.514718e-01 1.635618e+01
      vertex -1.399588e+01 1.200000e+00 1.565616e+01
      vertex -1.694596e+01 1.200000e+00 1.240300e+01
    endloop
  endfacet
  facet normal -8.642109e-01 7.994888e-04 5.031291e-01
    outer loop
      vertex -1.938744e+01 8.880000e+01 8.070135e+00
      vertex -1.915249e+01 1.200000e+00 8.612908e+00
      vertex -1.694596e+01 1.200000e+00 1.240300e+01
    endloop
  endfacet
  facet normal -7.574461e-01 4.814756e-01 4.409724e-01
    outer loop
      vertex -1.849092e+01 3.514718e-01 1.067574e+01
      vertex -1.694596e+01 1.200000e+00 1.240300e+01
      vertex -1.915249e+01 1.200000e+00 8.612908e+00
    endloop
  endfacet
  facet normal -8.300141e-01 4.452983e-03 5.577246e-01
    outer loop
      vertex -1.479780e+01 8.880000e+01 1.490050e+01
      vertex -1.938744e+01 8.880000e+01 8.070135e+00
      vertex -1.694596e+01 1.200000e+00 1.240300e+01
    endloop
  endfacet
  facet normal -7.632067e-01 8.599548e-02 6.404064e-01
    outer loop
      vertex -1.849092e+01 3.514718e-01 1.067574e+01
      vertex -1.372446e+01 3.514718e-01 1.635618e+01
      vertex -1.694596e+01 1.200000e+00 1.240300e+01
    endloop
  endfacet
  facet normal -9.498664e-01 -6.104319e-04 3.126555e-01
    outer loop
      vertex -1.938744e+01 8.880000e+01 8.070135e+00
      vertex -2.052378e+01 1.200000e+00 4.446827e+00
      vertex -1.915249e+01 1.200000e+00 8.612908e+00
    endloop
  endfacet
  facet normal -9.496860e-01 1.950067e-02 3.125961e-01
    outer loop
      vertex -1.849092e+01 3.514718e-01 1.067574e+01
      vertex -1.915249e+01 1.200000e+00 8.612908e+00
      vertex -2.052378e+01 1.200000e+00 4.446827e+00
    endloop
  endfacet
  facet normal -9.940929e-01 1.078296e-04 1.085329e-01
    outer loop
      vertex -2.100000e+01 8.880000e+01 -2.037443e-03
      vertex -2.099982e+01 1.200000e+00 8.663069e-02
      vertex -2.052378e+01 1.200000e+00 4.446827e+00
    endloop
  endfacet
  facet normal -8.908807e-01 4.437018e-01 9.726443e-02
    outer loop
      vertex -2.102710e+01 3.514718e-01 3.707644e+00
      vertex -2.052378e+01 1.200000e+00 4.446827e+00
      vertex -2.099982e+01 1.200000e+00 8.663069e-02
    endloop
  endfacet
  facet normal -9.806140e-01 4.617876e-03 1.958948e-01
    outer loop
      vertex -1.938744e+01 8.880000e+01 8.070135e+00
      vertex -2.100000e+01 8.880000e+01 -2.037443e-03
      vertex -2.052378e+01 1.200000e+00 4.446827e+00
    endloop
  endfacet
  facet normal -9.095797e-01 2.511258e-01 3.310599e-01
    outer loop
      vertex -2.102710e+01 3.514718e-01 3.707644e+00
      vertex -1.849092e+01 3.514718e-01 1.067574e+01
      vertex -2.052378e+01 1.200000e+00 4.446827e+00
    endloop
  endfacet
  facet normal -9.949543e-01 -1.035804e-04 -1.003287e-01
    outer loop
      vertex -2.100000e+01 8.880000e+01 -2.037443e-03
      vertex -2.055976e+01 1.200000e+00 -4.277395e+00
      vertex -2.099982e+01 1.200000e+00 8.663069e-02
    endloop
  endfacet
  facet normal -8.967609e-01 4.331776e-01 -9.042711e-02
    outer loop
      vertex -2.102710e+01 3.514718e-01 -3.707644e+00
      vertex -2.099982e+01 1.200000e+00 8.663069e-02
      vertex -2.055976e+01 1.200000e+00 -4.277395e+00
    endloop
  endfacet
  facet normal -9.994838e-01 3.212586e-02 6.081513e-14
    outer loop
      vertex -2.102710e+01 3.514718e-01 -3.707644e+00
      vertex -2.102710e+01 3.514718e-01 3.707644e+00
      vertex -2.099982e+01 1.200000e+00 8.663069e-02
    endloop
  endfacet
  facet normal -9.524083e-01 -4.480484e-04 -3.048251e-01
    outer loop
      vertex -1.938588e+01 8.880000e+01 -8.073890e+00
      vertex -1.922261e+01 1.200000e+00 -8.455239e+00
      vertex -2.055976e+01 1.200000e+00 -4.277395e+00
    endloop
  endfacet
  facet normal -9.071318e-01 3.046605e-01 -2.903340e-01
    outer loop
      vertex -2.102710e+01 3.514718e-01 -3.707644e+00
      vertex -2.055976e+01 1.200000e+00 -4.277395e+00
      vertex -1.922261e+01 1.200000e+00 -8.455239e+00
    endloop
  endfacet
  facet normal -9.805759e-01 4.642102e-03 -1.960849e-01
    outer loop
      vertex -2.100000e+01 8.880000e+01 -2.037443e-03
      vertex -1.938588e+01 8.880000e+01 -8.073890e+00
      vertex -2.055976e+01 1.200000e+00 -4.277395e+00
    endloop
  endfacet
  facet normal -8.682945e-01 7.378152e-03 -4.959942e-01
    outer loop
      vertex -1.479487e+01 8.880000e+01 -1.490341e+01
      vertex -1.704739e+01 1.200000e+00 -1.226321e+01
      vertex -1.922261e+01 1.200000e+00 -8.455239e+00
    endloop
  endfacet
  facet normal -7.610816e-01 4.814003e-01 -4.347512e-01
    outer loop
      vertex -1.849092e+01 3.514718e-01 -1.067574e+01
      vertex -1.922261e+01 1.200000e+00 -8.455239e+00
      vertex -1.704739e+01 1.200000e+00 -1.226321e+01
    endloop
  endfacet
  facet normal -8.299132e-01 8.819277e-04 -5.578919e-01
    outer loop
      vertex -1.938588e+01 8.880000e+01 -8.073890e+00
      vertex -1.479487e+01 8.880000e+01 -1.490341e+01
      vertex -1.922261e+01 1.200000e+00 -8.455239e+00
    endloop
  endfacet
  facet normal -9.363387e-01 8.441309e-02 -3.407994e-01
    outer loop
      vertex -1.849092e+01 3.514718e-01 -1.067574e+01
      vertex -2.102710e+01 3.514718e-01 -3.707644e+00
      vertex -1.922261e+01 1.200000e+00 -8.455239e+00
    endloop
  endfacet
  facet normal -7.462871e-01 -8.716189e-04 -6.656236e-01
    outer loop
      vertex -1.479487e+01 8.880000e+01 -1.490341e+01
      vertex -1.412494e+01 1.200000e+00 -1.553982e+01
      vertex -1.704739e+01 1.200000e+00 -1.226321e+01
    endloop
  endfacet
  facet normal -7.460671e-01 2.429551e-02 -6.654274e-01
    outer loop
      vertex -1.849092e+01 3.514718e-01 -1.067574e+01
      vertex -1.704739e+01 1.200000e+00 -1.226321e+01
      vertex -1.412494e+01 1.200000e+00 -1.553982e+01
    endloop
  endfacet
  facet normal -5.916465e-01 5.917386e-03 -8.061758e-01
    outer loop
      vertex -7.924088e+00 8.880001e+01 -1.944759e+01
      vertex -1.058876e+01 1.200000e+00 -1.813500e+01
      vertex -1.412494e+01 1.200000e+00 -1.553982e+01
    endloop
  endfacet
  facet normal -5.299595e-01 4.446164e-01 -7.221213e-01
    outer loop
      vertex -1.372446e+01 3.514718e-01 -1.635618e+01
      vertex -1.412494e+01 1.200000e+00 -1.553982e+01
      vertex -1.058876e+01 1.200000e+00 -1.813500e+01
    endloop
  endfacet
  facet normal -5.516410e-01 1.840791e-03 -8.340796e-01
    outer loop
      vertex -1.479487e+01 8.880000e+01 -1.490341e+01
      vertex -7.924088e+00 8.880001e+01 -1.944759e+01
      vertex -1.412494e+01 1.200000e+00 -1.553982e+01
    endloop
  endfacet
  facet normal -7.419581e-01 2.487896e-01 -6.225768e-01
    outer loop
      vertex -1.372446e+01 3.514718e-01 -1.635618e+01
      vertex -1.849092e+01 3.514718e-01 -1.067574e+01
      vertex -1.412494e+01 1.200000e+00 -1.553982e+01
    endloop
  endfacet
  facet normal -4.117223e-01 -1.130974e-03 -9.113087e-01
    outer loop
      vertex -7.924088e+00 8.880001e+01 -1.944759e+01
      vertex -6.609896e+00 1.200000e+00 -1.993262e+01
      vertex -1.058876e+01 1.200000e+00 -1.813500e+01
    endloop
  endfacet
  facet normal -3.716055e-01 4.305582e-01 -8.225139e-01
    outer loop
      vertex -7.302633e+00 3.514718e-01 -2.006382e+01
      vertex -1.058876e+01 1.200000e+00 -1.813500e+01
      vertex -6.609896e+00 1.200000e+00 -1.993262e+01
    endloop
  endfacet
  facet normal -4.997405e-01 3.221075e-02 -8.655760e-01
    outer loop
      vertex -7.302633e+00 3.514718e-01 -2.006382e+01
      vertex -1.372446e+01 3.514718e-01 -1.635618e+01
      vertex -1.058876e+01 1.200000e+00 -1.813500e+01
    endloop
  endfacet
  facet normal -1.594172e-01 -1.688847e-17 -9.872113e-01
    outer loop
      vertex -6.754201e-15 8.880000e+01 -2.100000e+01
      vertex 2.526037e-15 1.200000e+00 -2.100000e+01
      vertex -6.609896e+00 1.200000e+00 -1.993262e+01
    endloop
  endfacet
  facet normal -1.534012e-01 2.721220e-01 -9.499567e-01
    outer loop
      vertex -7.302633e+00 3.514718e-01 -2.006382e+01
      vertex -6.609896e+00 1.200000e+00 -1.993262e+01
      vertex 2.526037e-15 1.200000e+00 -2.100000e+01
    endloop
  endfacet
  facet normal -1.922547e-01 2.549283e-03 -9.813418e-01
    outer loop
      vertex -7.924088e+00 8.880001e+01 -1.944759e+01
      vertex -6.754201e-15 8.880000e+01 -2.100000e+01
      vertex -6.609896e+00 1.200000e+00 -1.993262e+01
    endloop
  endfacet
  facet normal 1.923401e-01 2.259172e-17 -9.813283e-01
    outer loop
      vertex 7.927451e+00 8.880001e+01 -1.944622e+01
      vertex 2.526037e-15 1.200000e+00 -2.100000e+01
      vertex -6.754201e-15 8.880000e+01 -2.100000e+01
    endloop
  endfacet
  facet normal 1.556711e-01 3.433248e-03 -9.878030e-01
    outer loop
      vertex 7.927451e+00 8.880001e+01 -1.944622e+01
      vertex 6.458515e+00 1.200000e+00 -1.998218e+01
      vertex 2.526037e-15 1.200000e+00 -2.100000e+01
    endloop
  endfacet
  facet normal 1.440781e-01 3.786907e-01 -9.142401e-01
    outer loop
      vertex -1.297767e-12 3.514718e-01 -2.135147e+01
      vertex 2.526037e-15 1.200000e+00 -2.100000e+01
      vertex 6.458515e+00 1.200000e+00 -1.998218e+01
    endloop
  endfacet
  facet normal -1.607854e-01 3.777045e-01 -9.118593e-01
    outer loop
      vertex -1.297767e-12 3.514718e-01 -2.135147e+01
      vertex -7.302633e+00 3.514718e-01 -2.006382e+01
      vertex 2.526037e-15 1.200000e+00 -2.100000e+01
    endloop
  endfacet
  facet normal 1.922547e-01 2.549283e-03 9.813418e-01
    outer loop
      vertex 7.924088e+00 8.880001e+01 1.944759e+01
      vertex -2.571673e-15 8.880000e+01 2.100000e+01
      vertex 6.609896e+00 1.200000e+00 1.993262e+01
    endloop
  endfacet
  facet normal 4.043728e-01 -1.185068e-03 -9.145935e-01
    outer loop
      vertex 7.927451e+00 8.880001e+01 -1.944622e+01
      vertex 1.043396e+01 1.200000e+00 -1.822450e+01
      vertex 6.458515e+00 1.200000e+00 -1.998218e+01
    endloop
  endfacet
  facet normal 3.630848e-01 4.402086e-01 -8.212100e-01
    outer loop
      vertex 7.302633e+00 3.514718e-01 -2.006382e+01
      vertex 6.458515e+00 1.200000e+00 -1.998218e+01
      vertex 1.043396e+01 1.200000e+00 -1.822450e+01
    endloop
  endfacet
  facet normal 1.677502e-01 2.584109e-01 -9.513588e-01
    outer loop
      vertex 7.302633e+00 3.514718e-01 -2.006382e+01
      vertex -1.297767e-12 3.514718e-01 -2.135147e+01
      vertex 6.458515e+00 1.200000e+00 -1.998218e+01
    endloop
  endfacet
  facet normal 5.848676e-01 1.642857e-03 -8.111271e-01
    outer loop
      vertex 1.479780e+01 8.880000e+01 -1.490050e+01
      vertex 1.399588e+01 1.200000e+00 -1.565616e+01
      vertex 1.043396e+01 1.200000e+00 -1.822450e+01
    endloop
  endfacet
  facet normal 5.268440e-01 4.342537e-01 -7.306566e-01
    outer loop
      vertex 1.372446e+01 3.514718e-01 -1.635618e+01
      vertex 1.043396e+01 1.200000e+00 -1.822450e+01
      vertex 1.399588e+01 1.200000e+00 -1.565616e+01
    endloop
  endfacet
  facet normal 5.517913e-01 4.157424e-03 -8.339719e-01
    outer loop
      vertex 7.927451e+00 8.880001e+01 -1.944622e+01
      vertex 1.479780e+01 8.880000e+01 -1.490050e+01
      vertex 1.043396e+01 1.200000e+00 -1.822450e+01
    endloop
  endfacet
  facet normal 4.997427e-01 3.207818e-02 -8.655797e-01
    outer loop
      vertex 1.372446e+01 3.514718e-01 -1.635618e+01
      vertex 7.302633e+00 3.514718e-01 -2.006382e+01
      vertex 1.043396e+01 1.200000e+00 -1.822450e+01
    endloop
  endfacet
  facet normal 7.407707e-01 -9.865747e-04 -6.717573e-01
    outer loop
      vertex 1.479780e+01 8.880000e+01 -1.490050e+01
      vertex 1.694596e+01 1.200000e+00 -1.240300e+01
      vertex 1.399588e+01 1.200000e+00 -1.565616e+01
    endloop
  endfacet
  facet normal 7.060928e-01 3.023837e-01 -6.403101e-01
    outer loop
      vertex 1.372446e+01 3.514718e-01 -1.635618e+01
      vertex 1.399588e+01 1.200000e+00 -1.565616e+01
      vertex 1.694596e+01 1.200000e+00 -1.240300e+01
    endloop
  endfacet
  facet normal 8.642109e-01 7.994888e-04 -5.031291e-01
    outer loop
      vertex 1.938744e+01 8.880000e+01 -8.070135e+00
      vertex 1.915249e+01 1.200000e+00 -8.612908e+00
      vertex 1.694596e+01 1.200000e+00 -1.240300e+01
    endloop
  endfacet
  facet normal 7.574461e-01 4.814756e-01 -4.409724e-01
    outer loop
      vertex 1.849092e+01 3.514718e-01 -1.067574e+01
      vertex 1.694596e+01 1.200000e+00 -1.240300e+01
      vertex 1.915249e+01 1.200000e+00 -8.612908e+00
    endloop
  endfacet
  facet normal 8.300141e-01 4.452983e-03 -5.577246e-01
    outer loop
      vertex 1.479780e+01 8.880000e+01 -1.490050e+01
      vertex 1.938744e+01 8.880000e+01 -8.070135e+00
      vertex 1.694596e+01 1.200000e+00 -1.240300e+01
    endloop
  endfacet
  facet normal 7.632067e-01 8.599548e-02 -6.404064e-01
    outer loop
      vertex 1.849092e+01 3.514718e-01 -1.067574e+01
      vertex 1.372446e+01 3.514718e-01 -1.635618e+01
      vertex 1.694596e+01 1.200000e+00 -1.240300e+01
    endloop
  endfacet
  facet normal 9.498664e-01 -6.104319e-04 -3.126555e-01
    outer loop
      vertex 1.938744e+01 8.880000e+01 -8.070135e+00
      vertex 2.052378e+01 1.200000e+00 -4.446827e+00
      vertex 1.915249e+01 1.200000e+00 -8.612908e+00
    endloop
  endfacet
  facet normal 9.496860e-01 1.950067e-02 -3.125961e-01
    outer loop
      vertex 1.849092e+01 3.514718e-01 -1.067574e+01
      vertex 1.915249e+01 1.200000e+00 -8.612908e+00
      vertex 2.052378e+01 1.200000e+00 -4.446827e+00
    endloop
  endfacet
  facet normal 9.940929e-01 1.078296e-04 -1.085329e-01
    outer loop
      vertex 2.100000e+01 8.880000e+01 2.037443e-03
      vertex 2.099982e+01 1.200000e+00 -8.663069e-02
      vertex 2.052378e+01 1.200000e+00 -4.446827e+00
    endloop
  endfacet
  facet normal 8.908807e-01 4.437018e-01 -9.726443e-02
    outer loop
      vertex 2.102710e+01 3.514718e-01 -3.707644e+00
      vertex 2.052378e+01 1.200000e+00 -4.446827e+00
      vertex 2.099982e+01 1.200000e+00 -8.663069e-02
    endloop
  endfacet
  facet normal 9.806140e-01 4.617876e-03 -1.958948e-01
    outer loop
      vertex 1.938744e+01 8.880000e+01 -8.070135e+00
      vertex 2.100000e+01 8.880000e+01 2.037443e-03
      vertex 2.052378e+01 1.200000e+00 -4.446827e+00
    endloop
  endfacet
  facet normal 9.095797e-01 2.511258e-01 -3.310599e-01
    outer loop
      vertex 2.102710e+01 3.514718e-01 -3.707644e+00
      vertex 1.849092e+01 3.514718e-01 -1.067574e+01
      vertex 2.052378e+01 1.200000e+00 -4.446827e+00
    endloop
  endfacet
  facet normal 9.949543e-01 -1.035804e-04 1.003287e-01
    outer loop
      vertex 2.100000e+01 8.880000e+01 2.037443e-03
      vertex 2.055976e+01 1.200000e+00 4.277395e+00
      vertex 2.099982e+01 1.200000e+00 -8.663069e-02
    endloop
  endfacet
  facet normal 8.967609e-01 4.331776e-01 9.042711e-02
    outer loop
      vertex 2.102710e+01 3.514718e-01 3.707644e+00
      vertex 2.099982e+01 1.200000e+00 -8.663069e-02
      vertex 2.055976e+01 1.200000e+00 4.277395e+00
    endloop
  endfacet
  facet normal 9.994838e-01 3.212586e-02 -6.033627e-14
    outer loop
      vertex 2.102710e+01 3.514718e-01 3.707644e+00
      vertex 2.102710e+01 3.514718e-01 -3.707644e+00
      vertex 2.099982e+01 1.200000e+00 -8.663069e-02
    endloop
  endfacet
  facet normal 9.524083e-01 -4.480484e-04 3.048251e-01
    outer loop
      vertex 1.938588e+01 8.880000e+01 8.073890e+00
      vertex 1.922261e+01 1.200000e+00 8.455239e+00
      vertex 2.055976e+01 1.200000e+00 4.277395e+00
    endloop
  endfacet
  facet normal 9.071318e-01 3.046605e-01 2.903340e-01
    outer loop
      vertex 2.102710e+01 3.514718e-01 3.707644e+00
      vertex 2.055976e+01 1.200000e+00 4.277395e+00
      vertex 1.922261e+01 1.200000e+00 8.455239e+00
    endloop
  endfacet
  facet normal 9.805759e-01 4.642102e-03 1.960849e-01
    outer loop
      vertex 2.100000e+01 8.880000e+01 2.037443e-03
      vertex 1.938588e+01 8.880000e+01 8.073890e+00
      vertex 2.055976e+01 1.200000e+00 4.277395e+00
    endloop
  endfacet
  facet normal 8.682945e-01 7.378152e-03 4.959942e-01
    outer loop
      vertex 1.479487e+01 8.880000e+01 1.490341e+01
      vertex 1.704739e+01 1.200000e+00 1.226321e+01
      vertex 1.922261e+01 1.200000e+00 8.455239e+00
    endloop
  endfacet
  facet normal 7.610816e-01 4.814003e-01 4.347512e-01
    outer loop
      vertex 1.849092e+01 3.514718e-01 1.067574e+01
      vertex 1.922261e+01 1.200000e+00 8.455239e+00
      vertex 1.704739e+01 1.200000e+00 1.226321e+01
    endloop
  endfacet
  facet normal 8.299132e-01 8.819277e-04 5.578919e-01
    outer loop
      vertex 1.938588e+01 8.880000e+01 8.073890e+00
      vertex 1.479487e+01 8.880000e+01 1.490341e+01
      vertex 1.922261e+01 1.200000e+00 8.455239e+00
    endloop
  endfacet
  facet normal 9.363387e-01 8.441309e-02 3.407994e-01
    outer loop
      vertex 1.849092e+01 3.514718e-01 1.067574e+01
      vertex 2.102710e+01 3.514718e-01 3.707644e+00
      vertex 1.922261e+01 1.200000e+00 8.455239e+00
    endloop
  endfacet
  facet normal 7.462871e-01 -8.716189e-04 6.656236e-01
    outer loop
      vertex 1.479487e+01 8.880000e+01 1.490341e+01
      vertex 1.412494e+01 1.200000e+00 1.553982e+01
      vertex 1.704739e+01 1.200000e+00 1.226321e+01
    endloop
  endfacet
  facet normal 7.460671e-01 2.429551e-02 6.654274e-01
    outer loop
      vertex 1.849092e+01 3.514718e-01 1.067574e+01
      vertex 1.704739e+01 1.200000e+00 1.226321e+01
      vertex 1.412494e+01 1.200000e+00 1.553982e+01
    endloop
  endfacet
  facet normal 5.916465e-01 5.917386e-03 8.061758e-01
    outer loop
      vertex 7.924088e+00 8.880001e+01 1.944759e+01
      vertex 1.058876e+01 1.200000e+00 1.813500e+01
      vertex 1.412494e+01 1.200000e+00 1.553982e+01
    endloop
  endfacet
  facet normal 5.299595e-01 4.446164e-01 7.221213e-01
    outer loop
      vertex 1.372446e+01 3.514718e-01 1.635618e+01
      vertex 1.412494e+01 1.200000e+00 1.553982e+01
      vertex 1.058876e+01 1.200000e+00 1.813500e+01
    endloop
  endfacet
  facet normal 5.516410e-01 1.840791e-03 8.340796e-01
    outer loop
      vertex 1.479487e+01 8.880000e+01 1.490341e+01
      vertex 7.924088e+00 8.880001e+01 1.944759e+01
      vertex 1.412494e+01 1.200000e+00 1.553982e+01
    endloop
  endfacet
  facet normal 7.419581e-01 2.487896e-01 6.225768e-01
    outer loop
      vertex 1.372446e+01 3.514718e-01 1.635618e+01
      vertex 1.849092e+01 3.514718e-01 1.067574e+01
      vertex 1.412494e+01 1.200000e+00 1.553982e+01
    endloop
  endfacet
  facet normal 4.117223e-01 -1.130974e-03 9.113087e-01
    outer loop
      vertex 7.924088e+00 8.880001e+01 1.944759e+01
      vertex 6.609896e+00 1.200000e+00 1.993262e+01
      vertex 1.058876e+01 1.200000e+00 1.813500e+01
    endloop
  endfacet
  facet normal 3.716055e-01 4.305582e-01 8.225139e-01
    outer loop
      vertex 7.302633e+00 3.514718e-01 2.006382e+01
      vertex 1.058876e+01 1.200000e+00 1.813500e+01
      vertex 6.609896e+00 1.200000e+00 1.993262e+01
    endloop
  endfacet
  facet normal 4.997405e-01 3.221075e-02 8.655760e-01
    outer loop
      vertex 7.302633e+00 3.514718e-01 2.006382e+01
      vertex 1.372446e+01 3.514718e-01 1.635618e+01
      vertex 1.058876e+01 1.200000e+00 1.813500e+01
    endloop
  endfacet
  facet normal 0.000000e+00 1.000000e+00 0.000000e+00
    outer loop
      vertex 6.827309e+00 0.000000e+00 -2.112408e+01
      vertex 1.077231e+01 0.000000e+00 -2.960049e+01
      vertex 3.857510e-15 0.000000e+00 -3.150000e+01
    endloop
  endfacet
  facet normal 1.736536e-01 0.000000e+00 -9.848068e-01
    outer loop
      vertex 3.857510e-15 -3.800000e+01 -3.150000e+01
      vertex 3.857510e-15 0.000000e+00 -3.150000e+01
      vertex 1.077231e+01 0.000000e+00 -2.960049e+01
    endloop
  endfacet
  facet normal 0.000000e+00 1.000000e+00 0.000000e+00
    outer loop
      vertex -9.648858e-17 0.000000e+00 -2.220000e+01
      vertex 3.857510e-15 0.000000e+00 -3.150000e+01
      vertex -1.077231e+01 0.000000e+00 -2.960049e+01
    endloop
  endfacet
  facet normal -1.736529e-01 2.910459e-03 -9.848026e-01
    outer loop
      vertex -1.013406e+01 -3.800000e+01 -2.982534e+01
      vertex -1.077231e+01 0.000000e+00 -2.960049e+01
      vertex 3.857510e-15 0.000000e+00 -3.150000e+01
    endloop
  endfacet
  facet normal 0.000000e+00 1.000000e+00 0.000000e+00
    outer loop
      vertex -9.648858e-17 0.000000e+00 -2.220000e+01
      vertex 6.827309e+00 0.000000e+00 -2.112408e+01
      vertex 3.857510e-15 0.000000e+00 -3.150000e+01
    endloop
  endfacet
  facet normal -1.630397e-01 0.000000e+00 -9.866195e-01
    outer loop
      vertex 3.857510e-15 -3.800000e+01 -3.150000e+01
      vertex -1.013406e+01 -3.800000e+01 -2.982534e+01
      vertex 3.857510e-15 0.000000e+00 -3.150000e+01
    endloop
  endfacet
  facet normal 0.000000e+00 1.000000e+00 0.000000e+00
    outer loop
      vertex 2.024680e+01 0.000000e+00 -9.105235e+00
      vertex 2.024862e+01 0.000000e+00 -2.412934e+01
      vertex 1.077231e+01 0.000000e+00 -2.960049e+01
    endloop
  endfacet
  facet normal 4.999851e-01 7.712969e-03 -8.659996e-01
    outer loop
      vertex 1.861692e+01 -3.800000e+01 -2.540984e+01
      vertex 1.077231e+01 0.000000e+00 -2.960049e+01
      vertex 2.024862e+01 0.000000e+00 -2.412934e+01
    endloop
  endfacet
  facet normal 0.000000e+00 1.000000e+00 0.000000e+00
    outer loop
      vertex 1.791395e+01 0.000000e+00 -1.311222e+01
      vertex 2.024680e+01 0.000000e+00 -9.105235e+00
      vertex 1.077231e+01 0.000000e+00 -2.960049e+01
    endloop
  endfacet
  facet normal 0.000000e+00 1.000000e+00 0.000000e+00
    outer loop
      vertex 1.479534e+01 0.000000e+00 -1.655107e+01
      vertex 1.791395e+01 0.000000e+00 -1.311222e+01
      vertex 1.077231e+01 0.000000e+00 -2.960049e+01
    endloop
  endfacet
  facet normal 0.000000e+00 1.000000e+00 0.000000e+00
    outer loop
      vertex 1.102974e+01 0.000000e+00 -1.926556e+01
      vertex 1.479534e+01 0.000000e+00 -1.655107e+01
      vertex 1.077231e+01 0.000000e+00 -2.960049e+01
    endloop
  endfacet
  facet normal 0.000000e+00 1.000000e+00 0.000000e+00
    outer loop
      vertex 6.827309e+00 0.000000e+00 -2.112408e+01
      vertex 1.102974e+01 0.000000e+00 -1.926556e+01
      vertex 1.077231e+01 0.000000e+00 -2.960049e+01
    endloop
  endfacet
  facet normal 1.628249e-01 3.161870e-03 -9.866499e-01
    outer loop
      vertex 1.012113e+01 -3.800000e+01 -2.982973e+01
      vertex 3.857510e-15 -3.800000e+01 -3.150000e+01
      vertex 1.077231e+01 0.000000e+00 -2.960049e+01
    endloop
  endfacet
  facet normal 4.615215e-01 -2.557093e-03 -8.871253e-01
    outer loop
      vertex 1.861692e+01 -3.800000e+01 -2.540984e+01
      vertex 1.012113e+01 -3.800000e+01 -2.982973e+01
      vertex 1.077231e+01 0.000000e+00 -2.960049e+01
    endloop
  endfacet
  facet normal 0.000000e+00 1.000000e+00 0.000000e+00
    outer loop
      vertex 2.727980e+01 0.000000e+00 1.575000e+01
      vertex 2.727980e+01 0.000000e+00 -1.575000e+01
      vertex 2.024862e+01 0.000000e+00 -2.412934e+01
    endloop
  endfacet
  facet normal 7.659958e-01 1.084984e-02 -6.427540e-01
    outer loop
      vertex 2.539222e+01 -3.800000e+01 -1.864096e+01
      vertex 2.024862e+01 0.000000e+00 -2.412934e+01
      vertex 2.727980e+01 0.000000e+00 -1.575000e+01
    endloop
  endfacet
  facet normal 0.000000e+00 1.000000e+00 0.000000e+00
    outer loop
      vertex 2.219981e+01 0.000000e+00 -9.152588e-02
      vertex 2.727980e+01 0.000000e+00 1.575000e+01
      vertex 2.024862e+01 0.000000e+00 -2.412934e+01
    endloop
  endfacet
  facet normal 0.000000e+00 1.000000e+00 0.000000e+00
    outer loop
      vertex 2.169660e+01 0.000000e+00 -4.700727e+00
      vertex 2.219981e+01 0.000000e+00 -9.152588e-02
      vertex 2.024862e+01 0.000000e+00 -2.412934e+01
    endloop
  endfacet
  facet normal 0.000000e+00 1.000000e+00 0.000000e+00
    outer loop
      vertex 2.024680e+01 0.000000e+00 -9.105235e+00
      vertex 2.169660e+01 0.000000e+00 -4.700727e+00
      vertex 2.024862e+01 0.000000e+00 -2.412934e+01
    endloop
  endfacet
  facet normal 7.067572e-01 -6.509242e-03 -7.074262e-01
    outer loop
      vertex 2.539222e+01 -3.800000e+01 -1.864096e+01
      vertex 1.861692e+01 -3.800000e+01 -2.540984e+01
      vertex 2.024862e+01 0.000000e+00 -2.412934e+01
    endloop
  endfacet
  facet normal 0.000000e+00 1.000000e+00 0.000000e+00
    outer loop
      vertex 3.102093e+01 0.000000e+00 5.471152e+00
      vertex 3.102093e+01 0.000000e+00 -5.471152e+00
      vertex 2.727980e+01 0.000000e+00 -1.575000e+01
    endloop
  endfacet
  facet normal 9.396221e-01 1.241509e-02 -3.419886e-01
    outer loop
      vertex 2.981746e+01 -3.800000e+01 -1.015720e+01
      vertex 2.727980e+01 0.000000e+00 -1.575000e+01
      vertex 3.102093e+01 0.000000e+00 -5.471152e+00
    endloop
  endfacet
  facet normal 0.000000e+00 1.000000e+00 0.000000e+00
    outer loop
      vertex 2.727980e+01 0.000000e+00 1.575000e+01
      vertex 3.102093e+01 0.000000e+00 5.471152e+00
      vertex 2.727980e+01 0.000000e+00 -1.575000e+01
    endloop
  endfacet
  facet normal 8.865954e-01 -8.857039e-03 -4.624609e-01
    outer loop
      vertex 2.981746e+01 -3.800000e+01 -1.015720e+01
      vertex 2.539222e+01 -3.800000e+01 -1.864096e+01
      vertex 2.727980e+01 0.000000e+00 -1.575000e+01
    endloop
  endfacet
  facet normal 9.999205e-01 1.260609e-02 -3.246512e-16
    outer loop
      vertex 3.150000e+01 -3.800000e+01 -1.172120e-03
      vertex 3.102093e+01 0.000000e+00 -5.471152e+00
      vertex 3.102093e+01 0.000000e+00 5.471152e+00
    endloop
  endfacet
  facet normal 9.864925e-01 -1.108854e-02 -1.634308e-01
    outer loop
      vertex 3.150000e+01 -3.800000e+01 -1.172120e-03
      vertex 2.981746e+01 -3.800000e+01 -1.015720e+01
      vertex 3.102093e+01 0.000000e+00 -5.471152e+00
    endloop
  endfacet
  facet normal 9.396222e-01 1.240973e-02 3.419886e-01
    outer loop
      vertex 2.982061e+01 -3.800000e+01 1.014798e+01
      vertex 3.102093e+01 0.000000e+00 5.471152e+00
      vertex 2.727980e+01 0.000000e+00 1.575000e+01
    endloop
  endfacet
  facet normal 9.865240e-01 -1.107098e-02 1.632415e-01
    outer loop
      vertex 2.982061e+01 -3.800000e+01 1.014798e+01
      vertex 3.150000e+01 -3.800000e+01 -1.172120e-03
      vertex 3.102093e+01 0.000000e+00 5.471152e+00
    endloop
  endfacet
  facet normal 0.000000e+00 1.000000e+00 0.000000e+00
    outer loop
      vertex 2.032089e+01 0.000000e+00 8.938644e+00
      vertex 2.024862e+01 0.000000e+00 2.412934e+01
      vertex 2.727980e+01 0.000000e+00 1.575000e+01
    endloop
  endfacet
  facet normal 7.659959e-01 1.083186e-02 6.427541e-01
    outer loop
      vertex 2.539844e+01 -3.800000e+01 1.863248e+01
      vertex 2.727980e+01 0.000000e+00 1.575000e+01
      vertex 2.024862e+01 0.000000e+00 2.412934e+01
    endloop
  endfacet
  facet normal 0.000000e+00 1.000000e+00 0.000000e+00
    outer loop
      vertex 2.173461e+01 0.000000e+00 4.521714e+00
      vertex 2.032089e+01 0.000000e+00 8.938644e+00
      vertex 2.727980e+01 0.000000e+00 1.575000e+01
    endloop
  endfacet
  facet normal 0.000000e+00 1.000000e+00 0.000000e+00
    outer loop
      vertex 2.219981e+01 0.000000e+00 -9.152588e-02
      vertex 2.173461e+01 0.000000e+00 4.521714e+00
      vertex 2.727980e+01 0.000000e+00 1.575000e+01
    endloop
  endfacet
  facet normal 8.867442e-01 -8.844044e-03 4.621758e-01
    outer loop
      vertex 2.539844e+01 -3.800000e+01 1.863248e+01
      vertex 2.982061e+01 -3.800000e+01 1.014798e+01
      vertex 2.727980e+01 0.000000e+00 1.575000e+01
    endloop
  endfacet
  facet normal 0.000000e+00 1.000000e+00 0.000000e+00
    outer loop
      vertex 1.119336e+01 0.000000e+00 1.917107e+01
      vertex 1.077231e+01 0.000000e+00 2.960049e+01
      vertex 2.024862e+01 0.000000e+00 2.412934e+01
    endloop
  endfacet
  facet normal 4.999853e-01 7.678829e-03 8.659999e-01
    outer loop
      vertex 1.862655e+01 -3.800000e+01 2.540279e+01
      vertex 2.024862e+01 0.000000e+00 2.412934e+01
      vertex 1.077231e+01 0.000000e+00 2.960049e+01
    endloop
  endfacet
  facet normal 0.000000e+00 1.000000e+00 0.000000e+00
    outer loop
      vertex 1.493172e+01 0.000000e+00 1.642814e+01
      vertex 1.119336e+01 0.000000e+00 1.917107e+01
      vertex 2.024862e+01 0.000000e+00 2.412934e+01
    endloop
  endfacet
  facet normal 0.000000e+00 1.000000e+00 0.000000e+00
    outer loop
      vertex 1.802114e+01 0.000000e+00 1.296451e+01
      vertex 1.493172e+01 0.000000e+00 1.642814e+01
      vertex 2.024862e+01 0.000000e+00 2.412934e+01
    endloop
  endfacet
  facet normal 0.000000e+00 1.000000e+00 0.000000e+00
    outer loop
      vertex 2.032089e+01 0.000000e+00 8.938644e+00
      vertex 1.802114e+01 0.000000e+00 1.296451e+01
      vertex 2.024862e+01 0.000000e+00 2.412934e+01
    endloop
  endfacet
  facet normal 7.070094e-01 -6.480754e-03 7.071744e-01
    outer loop
      vertex 1.862655e+01 -3.800000e+01 2.540279e+01
      vertex 2.539844e+01 -3.800000e+01 1.863248e+01
      vertex 2.024862e+01 0.000000e+00 2.412934e+01
    endloop
  endfacet
  facet normal 0.000000e+00 1.000000e+00 0.000000e+00
    outer loop
      vertex -2.718626e-15 0.000000e+00 2.220000e+01
      vertex -3.857510e-15 0.000000e+00 3.150000e+01
      vertex 1.077231e+01 0.000000e+00 2.960049e+01
    endloop
  endfacet
  facet normal 1.736529e-01 2.910459e-03 9.848026e-01
    outer loop
      vertex 1.013406e+01 -3.800000e+01 2.982534e+01
      vertex 1.077231e+01 0.000000e+00 2.960049e+01
      vertex -3.857510e-15 0.000000e+00 3.150000e+01
    endloop
  endfacet
  facet normal 0.000000e+00 1.000000e+00 0.000000e+00
    outer loop
      vertex 6.987210e+00 0.000000e+00 2.107158e+01
      vertex -2.718626e-15 0.000000e+00 2.220000e+01
      vertex 1.077231e+01 0.000000e+00 2.960049e+01
    endloop
  endfacet
  facet normal 0.000000e+00 1.000000e+00 0.000000e+00
    outer loop
      vertex 1.119336e+01 0.000000e+00 1.917107e+01
      vertex 6.987210e+00 0.000000e+00 2.107158e+01
      vertex 1.077231e+01 0.000000e+00 2.960049e+01
    endloop
  endfacet
  facet normal 4.618820e-01 -2.509684e-03 8.869378e-01
    outer loop
      vertex 1.013406e+01 -3.800000e+01 2.982534e+01
      vertex 1.862655e+01 -3.800000e+01 2.540279e+01
      vertex 1.077231e+01 0.000000e+00 2.960049e+01
    endloop
  endfacet
  facet normal 0.000000e+00 1.000000e+00 0.000000e+00
    outer loop
      vertex -6.827309e+00 0.000000e+00 2.112408e+01
      vertex -1.077231e+01 0.000000e+00 2.960049e+01
      vertex -3.857510e-15 0.000000e+00 3.150000e+01
    endloop
  endfacet
  facet normal -1.736536e-01 0.000000e+00 9.848068e-01
    outer loop
      vertex -3.857510e-15 -3.800000e+01 3.150000e+01
      vertex -3.857510e-15 0.000000e+00 3.150000e+01
      vertex -1.077231e+01 0.000000e+00 2.960049e+01
    endloop
  endfacet
  facet normal 0.000000e+00 1.000000e+00 0.000000e+00
    outer loop
      vertex -6.827309e+00 0.000000e+00 2.112408e+01
      vertex -3.857510e-15 0.000000e+00 3.150000e+01
      vertex -2.718626e-15 0.000000e+00 2.220000e+01
    endloop
  endfacet
  facet normal 1.630397e-01 0.000000e+00 9.866195e-01
    outer loop
      vertex 1.013406e+01 -3.800000e+01 2.982534e+01
      vertex -3.857510e-15 0.000000e+00 3.150000e+01
      vertex -3.857510e-15 -3.800000e+01 3.150000e+01
    endloop
  endfacet
  facet normal 0.000000e+00 1.000000e+00 0.000000e+00
    outer loop
      vertex -2.024680e+01 0.000000e+00 9.105235e+00
      vertex -2.024862e+01 0.000000e+00 2.412934e+01
      vertex -1.077231e+01 0.000000e+00 2.960049e+01
    endloop
  endfacet
  facet normal -4.999851e-01 7.712969e-03 8.659996e-01
    outer loop
      vertex -1.861692e+01 -3.800000e+01 2.540984e+01
      vertex -1.077231e+01 0.000000e+00 2.960049e+01
      vertex -2.024862e+01 0.000000e+00 2.412934e+01
    endloop
  endfacet
  facet normal 0.000000e+00 1.000000e+00 0.000000e+00
    outer loop
      vertex -1.791395e+01 0.000000e+00 1.311222e+01
      vertex -2.024680e+01 0.000000e+00 9.105235e+00
      vertex -1.077231e+01 0.000000e+00 2.960049e+01
    endloop
  endfacet
  facet normal 0.000000e+00 1.000000e+00 0.000000e+00
    outer loop
      vertex -1.479534e+01 0.000000e+00 1.655107e+01
      vertex -1.791395e+01 0.000000e+00 1.311222e+01
      vertex -1.077231e+01 0.000000e+00 2.960049e+01
    endloop
  endfacet
  facet normal 0.000000e+00 1.000000e+00 0.000000e+00
    outer loop
      vertex -1.102974e+01 0.000000e+00 1.926556e+01
      vertex -1.479534e+01 0.000000e+00 1.655107e+01
      vertex -1.077231e+01 0.000000e+00 2.960049e+01
    endloop
  endfacet
  facet normal 0.000000e+00 1.000000e+00 0.000000e+00
    outer loop
      vertex -6.827309e+00 0.000000e+00 2.112408e+01
      vertex -1.102974e+01 0.000000e+00 1.926556e+01
      vertex -1.077231e+01 0.000000e+00 2.960049e+01
    endloop
  endfacet
  facet normal -1.628249e-01 3.161870e-03 9.866499e-01
    outer loop
      vertex -1.012113e+01 -3.800000e+01 2.982973e+01
      vertex -3.857510e-15 -3.800000e+01 3.150000e+01
      vertex -1.077231e+01 0.000000e+00 2.960049e+01
    endloop
  endfacet
  facet normal -4.615215e-01 -2.557093e-03 8.871253e-01
    outer loop
      vertex -1.861692e+01 -3.800000e+01 2.540984e+01
      vertex -1.012113e+01 -3.800000e+01 2.982973e+01
      vertex -1.077231e+01 0.000000e+00 2.960049e+01
    endloop
  endfacet
  facet normal 0.000000e+00 1.000000e+00 0.000000e+00
    outer loop
      vertex -2.727980e+01 0.000000e+00 -1.575000e+01
      vertex -2.727980e+01 0.000000e+00 1.575000e+01
      vertex -2.024862e+01 0.000000e+00 2.412934e+01
    endloop
  endfacet
  facet normal -7.659958e-01 1.084984e-02 6.427540e-01
    outer loop
      vertex -2.539222e+01 -3.800000e+01 1.864096e+01
      vertex -2.024862e+01 0.000000e+00 2.412934e+01
      vertex -2.727980e+01 0.000000e+00 1.575000e+01
    endloop
  endfacet
  facet normal 0.000000e+00 1.000000e+00 0.000000e+00
    outer loop
      vertex -2.219981e+01 0.000000e+00 9.152588e-02
      vertex -2.727980e+01 0.000000e+00 -1.575000e+01
      vertex -2.024862e+01 0.000000e+00 2.412934e+01
    endloop
  endfacet
  facet normal 0.000000e+00 1.000000e+00 0.000000e+00
    outer loop
      vertex -2.169660e+01 0.000000e+00 4.700727e+00
      vertex -2.219981e+01 0.000000e+00 9.152588e-02
      vertex -2.024862e+01 0.000000e+00 2.412934e+01
    endloop
  endfacet
  facet normal 0.000000e+00 1.000000e+00 0.000000e+00
    outer loop
      vertex -2.024680e+01 0.000000e+00 9.105235e+00
      vertex -2.169660e+01 0.000000e+00 4.700727e+00
      vertex -2.024862e+01 0.000000e+00 2.412934e+01
    endloop
  endfacet
  facet normal -7.067572e-01 -6.509242e-03 7.074262e-01
    outer loop
      vertex -2.539222e+01 -3.800000e+01 1.864096e+01
      vertex -1.861692e+01 -3.800000e+01 2.540984e+01
      vertex -2.024862e+01 0.000000e+00 2.412934e+01
    endloop
  endfacet
  facet normal 0.000000e+00 1.000000e+00 0.000000e+00
    outer loop
      vertex -3.102093e+01 0.000000e+00 -5.471152e+00
      vertex -3.102093e+01 0.000000e+00 5.471152e+00
      vertex -2.727980e+01 0.000000e+00 1.575000e+01
    endloop
  endfacet
  facet normal -9.396221e-01 1.241509e-02 3.419886e-01
    outer loop
      vertex -2.981746e+01 -3.800000e+01 1.015720e+01
      vertex -2.727980e+01 0.000000e+00 1.575000e+01
      vertex -3.102093e+01 0.000000e+00 5.471152e+00
    endloop
  endfacet
  facet normal 0.000000e+00 1.000000e+00 0.000000e+00
    outer loop
      vertex -2.727980e+01 0.000000e+00 -1.575000e+01
      vertex -3.102093e+01 0.000000e+00 -5.471152e+00
      vertex -2.727980e+01 0.000000e+00 1.575000e+01
    endloop
  endfacet
  facet normal -8.865954e-01 -8.857039e-03 4.624609e-01
    outer loop
      vertex -2.981746e+01 -3.800000e+01 1.015720e+01
      vertex -2.539222e+01 -3.800000e+01 1.864096e+01
      vertex -2.727980e+01 0.000000e+00 1.575000e+01
    endloop
  endfacet
  facet normal -9.999205e-01 1.260609e-02 3.246512e-16
    outer loop
      vertex -3.150000e+01 -3.800000e+01 1.172120e-03
      vertex -3.102093e+01 0.000000e+00 5.471152e+00
      vertex -3.102093e+01 0.000000e+00 -5.471152e+00
    endloop
  endfacet
  facet normal -9.864925e-01 -1.108854e-02 1.634308e-01
    outer loop
      vertex -3.150000e+01 -3.800000e+01 1.172120e-03
      vertex -2.981746e+01 -3.800000e+01 1.015720e+01
      vertex -3.102093e+01 0.000000e+00 5.471152e+00
    endloop
  endfacet
  facet normal -9.396222e-01 1.240973e-02 -3.419886e-01
    outer loop
      vertex -2.982061e+01 -3.800000e+01 -1.014798e+01
      vertex -3.102093e+01 0.000000e+00 -5.471152e+00
      vertex -2.727980e+01 0.000000e+00 -1.575000e+01
    endloop
  endfacet
  facet normal -9.865240e-01 -1.107098e-02 -1.632415e-01
    outer loop
      vertex -2.982061e+01 -3.800000e+01 -1.014798e+01
      vertex -3.150000e+01 -3.800000e+01 1.172120e-03
      vertex -3.102093e+01 0.000000e+00 -5.471152e+00
    endloop
  endfacet
  facet normal 0.000000e+00 1.000000e+00 0.000000e+00
    outer loop
      vertex -2.032089e+01 0.000000e+00 -8.938644e+00
      vertex -2.024862e+01 0.000000e+00 -2.412934e+01
      vertex -2.727980e+01 0.000000e+00 -1.575000e+01
    endloop
  endfacet
  facet normal -7.659959e-01 1.083186e-02 -6.427541e-01
    outer loop
      vertex -2.539844e+01 -3.800000e+01 -1.863248e+01
      vertex -2.727980e+01 0.000000e+00 -1.575000e+01
      vertex -2.024862e+01 0.000000e+00 -2.412934e+01
    endloop
  endfacet
  facet normal 0.000000e+00 1.000000e+00 0.000000e+00
    outer loop
      vertex -2.173461e+01 0.000000e+00 -4.521714e+00
      vertex -2.032089e+01 0.000000e+00 -8.938644e+00
      vertex -2.727980e+01 0.000000e+00 -1.575000e+01
    endloop
  endfacet
  facet normal 0.000000e+00 1.000000e+00 0.000000e+00
    outer loop
      vertex -2.219981e+01 0.000000e+00 9.152588e-02
      vertex -2.173461e+01 0.000000e+00 -4.521714e+00
      vertex -2.727980e+01 0.000000e+00 -1.575000e+01
    endloop
  endfacet
  facet normal -8.867442e-01 -8.844044e-03 -4.621758e-01
    outer loop
      vertex -2.539844e+01 -3.800000e+01 -1.863248e+01
      vertex -2.982061e+01 -3.800000e+01 -1.014798e+01
      vertex -2.727980e+01 0.000000e+00 -1.575000e+01
    endloop
  endfacet
  facet normal 0.000000e+00 1.000000e+00 0.000000e+00
    outer loop
      vertex -1.119336e+01 0.000000e+00 -1.917107e+01
      vertex -1.077231e+01 0.000000e+00 -2.960049e+01
      vertex -2.024862e+01 0.000000e+00 -2.412934e+01
    endloop
  endfacet
  facet normal -4.999853e-01 7.678829e-03 -8.659999e-01
    outer loop
      vertex -1.862655e+01 -3.800000e+01 -2.540279e+01
      vertex -2.024862e+01 0.000000e+00 -2.412934e+01
      vertex -1.077231e+01 0.000000e+00 -2.960049e+01
    endloop
  endfacet
  facet normal 0.000000e+00 1.000000e+00 0.000000e+00
    outer loop
      vertex -1.493172e+01 0.000000e+00 -1.642814e+01
      vertex -1.119336e+01 0.000000e+00 -1.917107e+01
      vertex -2.024862e+01 0.000000e+00 -2.412934e+01
    endloop
  endfacet
  facet normal 0.000000e+00 1.000000e+00 0.000000e+00
    outer loop
      vertex -1.802114e+01 0.000000e+00 -1.296451e+01
      vertex -1.493172e+01 0.000000e+00 -1.642814e+01
      vertex -2.024862e+01 0.000000e+00 -2.412934e+01
    endloop
  endfacet
  facet normal 0.000000e+00 1.000000e+00 0.000000e+00
    outer loop
      vertex -2.032089e+01 0.000000e+00 -8.938644e+00
      vertex -1.802114e+01 0.000000e+00 -1.296451e+01
      vertex -2.024862e+01 0.000000e+00 -2.412934e+01
    endloop
  endfacet
  facet normal -7.070094e-01 -6.480754e-03 -7.071744e-01
    outer loop
      vertex -1.862655e+01 -3.800000e+01 -2.540279e+01
      vertex -2.539844e+01 -3.800000e+01 -1.863248e+01
      vertex -2.024862e+01 0.000000e+00 -2.412934e+01
    endloop
  endfacet
  facet normal 0.000000e+00 1.000000e+00 0.000000e+00
    outer loop
      vertex -6.987210e+00 0.000000e+00 -2.107158e+01
      vertex -9.648858e-17 0.000000e+00 -2.220000e+01
      vertex -1.077231e+01 0.000000e+00 -2.960049e+01
    endloop
  endfacet
  facet normal 0.000000e+00 1.000000e+00 0.000000e+00
    outer loop
      vertex -1.119336e+01 0.000000e+00 -1.917107e+01
      vertex -6.987210e+00 0.000000e+00 -2.107158e+01
      vertex -1.077231e+01 0.000000e+00 -2.960049e+01
    endloop
  endfacet
  facet normal -4.618820e-01 -2.509684e-03 -8.869378e-01
    outer loop
      vertex -1.013406e+01 -3.800000e+01 -2.982534e+01
      vertex -1.862655e+01 -3.800000e+01 -2.540279e+01
      vertex -1.077231e+01 0.000000e+00 -2.960049e+01
    endloop
  endfacet
  facet normal 6.168486e-02 9.221202e-01 3.819546e-01
    outer loop
      vertex 1.296574e-12 3.514718e-01 2.135147e+01
      vertex -2.718626e-15 0.000000e+00 2.220000e+01
      vertex 6.987210e+00 0.000000e+00 2.107158e+01
    endloop
  endfacet
  facet normal -5.287055e-02 9.405578e-01 3.354933e-01
    outer loop
      vertex -7.302633e+00 3.514718e-01 2.006382e+01
      vertex -6.827309e+00 0.000000e+00 2.112408e+01
      vertex -2.718626e-15 0.000000e+00 2.220000e+01
    endloop
  endfacet
  facet normal -6.732431e-02 9.217834e-01 3.818151e-01
    outer loop
      vertex -7.302633e+00 3.514718e-01 2.006382e+01
      vertex -2.718626e-15 0.000000e+00 2.220000e+01
      vertex 1.296574e-12 3.514718e-01 2.135147e+01
    endloop
  endfacet
  facet normal 1.676432e-01 9.133665e-01 3.710221e-01
    outer loop
      vertex 7.302633e+00 3.514718e-01 2.006382e+01
      vertex 6.987210e+00 0.000000e+00 2.107158e+01
      vertex 1.119336e+01 0.000000e+00 1.917107e+01
    endloop
  endfacet
  facet normal 6.094806e-02 9.363807e-01 3.456536e-01
    outer loop
      vertex 7.302633e+00 3.514718e-01 2.006382e+01
      vertex 1.296574e-12 3.514718e-01 2.135147e+01
      vertex 6.987210e+00 0.000000e+00 2.107158e+01
    endloop
  endfacet
  facet normal 2.450668e-01 9.101561e-01 3.340034e-01
    outer loop
      vertex 1.372446e+01 3.514718e-01 1.635618e+01
      vertex 1.119336e+01 0.000000e+00 1.917107e+01
      vertex 1.493172e+01 0.000000e+00 1.642814e+01
    endloop
  endfacet
  facet normal 1.436016e-01 9.578697e-01 2.487252e-01
    outer loop
      vertex 7.302633e+00 3.514718e-01 2.006382e+01
      vertex 1.119336e+01 0.000000e+00 1.917107e+01
      vertex 1.372446e+01 3.514718e-01 1.635618e+01
    endloop
  endfacet
  facet normal 2.592221e-01 9.377329e-01 2.312160e-01
    outer loop
      vertex 1.372446e+01 3.514718e-01 1.635618e+01
      vertex 1.493172e+01 0.000000e+00 1.642814e+01
      vertex 1.802114e+01 0.000000e+00 1.296451e+01
    endloop
  endfacet
  facet normal 3.777878e-01 9.003904e-01 2.158090e-01
    outer loop
      vertex 1.849092e+01 3.514718e-01 1.067574e+01
      vertex 1.802114e+01 0.000000e+00 1.296451e+01
      vertex 2.032089e+01 0.000000e+00 8.938644e+00
    endloop
  endfacet
  facet normal 2.309949e-01 9.534528e-01 1.938277e-01
    outer loop
      vertex 1.372446e+01 3.514718e-01 1.635618e+01
      vertex 1.802114e+01 0.000000e+00 1.296451e+01
      vertex 1.849092e+01 3.514718e-01 1.067574e+01
    endloop
  endfacet
  facet normal 2.649896e-01 9.605139e-01 8.481455e-02
    outer loop
      vertex 1.849092e+01 3.514718e-01 1.067574e+01
      vertex 2.032089e+01 0.000000e+00 8.938644e+00
      vertex 2.173461e+01 0.000000e+00 4.521714e+00
    endloop
  endfacet
  facet normal 4.063157e-01 9.128137e-01 4.097334e-02
    outer loop
      vertex 2.102710e+01 3.514718e-01 3.707644e+00
      vertex 2.173461e+01 0.000000e+00 4.521714e+00
      vertex 2.219981e+01 0.000000e+00 -9.152588e-02
    endloop
  endfacet
  facet normal 3.281017e-01 9.370637e-01 1.194193e-01
    outer loop
      vertex 1.849092e+01 3.514718e-01 1.067574e+01
      vertex 2.173461e+01 0.000000e+00 4.521714e+00
      vertex 2.102710e+01 3.514718e-01 3.707644e+00
    endloop
  endfacet
  facet normal 4.113198e-01 9.103842e-01 -4.490644e-02
    outer loop
      vertex 2.102710e+01 3.514718e-01 -3.707644e+00
      vertex 2.219981e+01 0.000000e+00 -9.152588e-02
      vertex 2.169660e+01 0.000000e+00 -4.700727e+00
    endloop
  endfacet
  facet normal 2.870908e-01 9.579034e-01 -1.733093e-14
    outer loop
      vertex 2.102710e+01 3.514718e-01 3.707644e+00
      vertex 2.219981e+01 0.000000e+00 -9.152588e-02
      vertex 2.102710e+01 3.514718e-01 -3.707644e+00
    endloop
  endfacet
  facet normal 3.306807e-01 9.374447e-01 -1.088476e-01
    outer loop
      vertex 2.102710e+01 3.514718e-01 -3.707644e+00
      vertex 2.169660e+01 0.000000e+00 -4.700727e+00
      vertex 2.024680e+01 0.000000e+00 -9.105235e+00
    endloop
  endfacet
  facet normal 3.760403e-01 9.003688e-01 -2.189286e-01
    outer loop
      vertex 1.849092e+01 3.514718e-01 -1.067574e+01
      vertex 2.024680e+01 0.000000e+00 -9.105235e+00
      vertex 1.791395e+01 0.000000e+00 -1.311222e+01
    endloop
  endfacet
  facet normal 2.830054e-01 9.535711e-01 -1.030055e-01
    outer loop
      vertex 2.102710e+01 3.514718e-01 -3.707644e+00
      vertex 2.024680e+01 0.000000e+00 -9.105235e+00
      vertex 1.849092e+01 3.514718e-01 -1.067574e+01
    endloop
  endfacet
  facet normal 2.067267e-01 9.602692e-01 -1.874757e-01
    outer loop
      vertex 1.849092e+01 3.514718e-01 -1.067574e+01
      vertex 1.791395e+01 0.000000e+00 -1.311222e+01
      vertex 1.479534e+01 0.000000e+00 -1.655107e+01
    endloop
  endfacet
  facet normal 2.391365e-01 9.125595e-01 -3.317362e-01
    outer loop
      vertex 1.372446e+01 3.514718e-01 -1.635618e+01
      vertex 1.479534e+01 0.000000e+00 -1.655107e+01
      vertex 1.102974e+01 0.000000e+00 -1.926556e+01
    endloop
  endfacet
  facet normal 2.668886e-01 9.373466e-01 -2.239461e-01
    outer loop
      vertex 1.849092e+01 3.514718e-01 -1.067574e+01
      vertex 1.479534e+01 0.000000e+00 -1.655107e+01
      vertex 1.372446e+01 3.514718e-01 -1.635618e+01
    endloop
  endfacet
  facet normal 1.666213e-01 9.112030e-01 -3.767578e-01
    outer loop
      vertex 7.302633e+00 3.514718e-01 -2.006382e+01
      vertex 1.102974e+01 0.000000e+00 -1.926556e+01
      vertex 6.827309e+00 0.000000e+00 -2.112408e+01
    endloop
  endfacet
  facet normal 1.435997e-01 9.578708e-01 -2.487219e-01
    outer loop
      vertex 1.372446e+01 3.514718e-01 -1.635618e+01
      vertex 1.102974e+01 0.000000e+00 -1.926556e+01
      vertex 7.302633e+00 3.514718e-01 -2.006382e+01
    endloop
  endfacet
  facet normal 5.287055e-02 9.405578e-01 -3.354933e-01
    outer loop
      vertex 7.302633e+00 3.514718e-01 -2.006382e+01
      vertex 6.827309e+00 0.000000e+00 -2.112408e+01
      vertex -9.648858e-17 0.000000e+00 -2.220000e+01
    endloop
  endfacet
  facet normal -6.168486e-02 9.221202e-01 -3.819546e-01
    outer loop
      vertex -1.297767e-12 3.514718e-01 -2.135147e+01
      vertex -9.648858e-17 0.000000e+00 -2.220000e+01
      vertex -6.987210e+00 0.000000e+00 -2.107158e+01
    endloop
  endfacet
  facet normal 6.732431e-02 9.217834e-01 -3.818151e-01
    outer loop
      vertex 7.302633e+00 3.514718e-01 -2.006382e+01
      vertex -9.648858e-17 0.000000e+00 -2.220000e+01
      vertex -1.297767e-12 3.514718e-01 -2.135147e+01
    endloop
  endfacet
  facet normal -1.676432e-01 9.133665e-01 -3.710221e-01
    outer loop
      vertex -7.302633e+00 3.514718e-01 -2.006382e+01
      vertex -6.987210e+00 0.000000e+00 -2.107158e+01
      vertex -1.119336e+01 0.000000e+00 -1.917107e+01
    endloop
  endfacet
  facet normal -6.094806e-02 9.363807e-01 -3.456536e-01
    outer loop
      vertex -1.297767e-12 3.514718e-01 -2.135147e+01
      vertex -6.987210e+00 0.000000e+00 -2.107158e+01
      vertex -7.302633e+00 3.514718e-01 -2.006382e+01
    endloop
  endfacet
  facet normal -2.450668e-01 9.101561e-01 -3.340034e-01
    outer loop
      vertex -1.372446e+01 3.514718e-01 -1.635618e+01
      vertex -1.119336e+01 0.000000e+00 -1.917107e+01
      vertex -1.493172e+01 0.000000e+00 -1.642814e+01
    endloop
  endfacet
  facet normal -1.436016e-01 9.578697e-01 -2.487252e-01
    outer loop
      vertex -7.302633e+00 3.514718e-01 -2.006382e+01
      vertex -1.119336e+01 0.000000e+00 -1.917107e+01
      vertex -1.372446e+01 3.514718e-01 -1.635618e+01
    endloop
  endfacet
  facet normal -2.592221e-01 9.377329e-01 -2.312160e-01
    outer loop
      vertex -1.372446e+01 3.514718e-01 -1.635618e+01
      vertex -1.493172e+01 0.000000e+00 -1.642814e+01
      vertex -1.802114e+01 0.000000e+00 -1.296451e+01
    endloop
  endfacet
  facet normal -3.777878e-01 9.003904e-01 -2.158090e-01
    outer loop
      vertex -1.849092e+01 3.514718e-01 -1.067574e+01
      vertex -1.802114e+01 0.000000e+00 -1.296451e+01
      vertex -2.032089e+01 0.000000e+00 -8.938644e+00
    endloop
  endfacet
  facet normal -2.309949e-01 9.534528e-01 -1.938277e-01
    outer loop
      vertex -1.372446e+01 3.514718e-01 -1.635618e+01
      vertex -1.802114e+01 0.000000e+00 -1.296451e+01
      vertex -1.849092e+01 3.514718e-01 -1.067574e+01
    endloop
  endfacet
  facet normal -2.649896e-01 9.605139e-01 -8.481455e-02
    outer loop
      vertex -1.849092e+01 3.514718e-01 -1.067574e+01
      vertex -2.032089e+01 0.000000e+00 -8.938644e+00
      vertex -2.173461e+01 0.000000e+00 -4.521714e+00
    endloop
  endfacet
  facet normal -4.063157e-01 9.128137e-01 -4.097334e-02
    outer loop
      vertex -2.102710e+01 3.514718e-01 -3.707644e+00
      vertex -2.173461e+01 0.000000e+00 -4.521714e+00
      vertex -2.219981e+01 0.000000e+00 9.152588e-02
    endloop
  endfacet
  facet normal -3.281017e-01 9.370637e-01 -1.194193e-01
    outer loop
      vertex -1.849092e+01 3.514718e-01 -1.067574e+01
      vertex -2.173461e+01 0.000000e+00 -4.521714e+00
      vertex -2.102710e+01 3.514718e-01 -3.707644e+00
    endloop
  endfacet
  facet normal -4.113198e-01 9.103842e-01 4.490644e-02
    outer loop
      vertex -2.102710e+01 3.514718e-01 3.707644e+00
      vertex -2.219981e+01 0.000000e+00 9.152588e-02
      vertex -2.169660e+01 0.000000e+00 4.700727e+00
    endloop
  endfacet
  facet normal -2.870908e-01 9.579034e-01 1.746848e-14
    outer loop
      vertex -2.102710e+01 3.514718e-01 -3.707644e+00
      vertex -2.219981e+01 0.000000e+00 9.152588e-02
      vertex -2.102710e+01 3.514718e-01 3.707644e+00
    endloop
  endfacet
  facet normal -3.306807e-01 9.374447e-01 1.088476e-01
    outer loop
      vertex -2.102710e+01 3.514718e-01 3.707644e+00
      vertex -2.169660e+01 0.000000e+00 4.700727e+00
      vertex -2.024680e+01 0.000000e+00 9.105235e+00
    endloop
  endfacet
  facet normal -3.760403e-01 9.003688e-01 2.189286e-01
    outer loop
      vertex -1.849092e+01 3.514718e-01 1.067574e+01
      vertex -2.024680e+01 0.000000e+00 9.105235e+00
      vertex -1.791395e+01 0.000000e+00 1.311222e+01
    endloop
  endfacet
  facet normal -2.830054e-01 9.535711e-01 1.030055e-01
    outer loop
      vertex -2.102710e+01 3.514718e-01 3.707644e+00
      vertex -2.024680e+01 0.000000e+00 9.105235e+00
      vertex -1.849092e+01 3.514718e-01 1.067574e+01
    endloop
  endfacet
  facet normal -2.067267e-01 9.602692e-01 1.874757e-01
    outer loop
      vertex -1.849092e+01 3.514718e-01 1.067574e+01
      vertex -1.791395e+01 0.000000e+00 1.311222e+01
      vertex -1.479534e+01 0.000000e+00 1.655107e+01
    endloop
  endfacet
  facet normal -2.391365e-01 9.125595e-01 3.317362e-01
    outer loop
      vertex -1.372446e+01 3.514718e-01 1.635618e+01
      vertex -1.479534e+01 0.000000e+00 1.655107e+01
      vertex -1.102974e+01 0.000000e+00 1.926556e+01
    endloop
  endfacet
  facet normal -2.668886e-01 9.373466e-01 2.239461e-01
    outer loop
      vertex -1.849092e+01 3.514718e-01 1.067574e+01
      vertex -1.479534e+01 0.000000e+00 1.655107e+01
      vertex -1.372446e+01 3.514718e-01 1.635618e+01
    endloop
  endfacet
  facet normal -1.666213e-01 9.112030e-01 3.767578e-01
    outer loop
      vertex -7.302633e+00 3.514718e-01 2.006382e+01
      vertex -1.102974e+01 0.000000e+00 1.926556e+01
      vertex -6.827309e+00 0.000000e+00 2.112408e+01
    endloop
  endfacet
  facet normal -1.435997e-01 9.578708e-01 2.487219e-01
    outer loop
      vertex -1.372446e+01 3.514718e-01 1.635618e+01
      vertex -1.102974e+01 0.000000e+00 1.926556e+01
      vertex -7.302633e+00 3.514718e-01 2.006382e+01
    endloop
  endfacet
  facet normal 0.000000e+00 -1.000000e+00 0.000000e+00
    outer loop
      vertex 9.717153e+00 -4.200000e+01 -2.572600e+01
      vertex -9.728740e+00 -4.200000e+01 -2.572162e+01
      vertex -2.516863e-29 -4.200000e+01 -2.750000e+01
    endloop
  endfacet
  facet normal -4.725840e-02 -9.648466e-01 -2.585297e-01
    outer loop
      vertex 1.404689e-09 -4.146410e+01 -2.950000e+01
      vertex -2.516863e-29 -4.200000e+01 -2.750000e+01
      vertex -9.728740e+00 -4.200000e+01 -2.572162e+01
    endloop
  endfacet
  facet normal 4.279273e-02 -9.711983e-01 -2.343984e-01
    outer loop
      vertex 9.116001e+00 -4.146410e+01 -2.805617e+01
      vertex 9.717153e+00 -4.200000e+01 -2.572600e+01
      vertex -2.516863e-29 -4.200000e+01 -2.750000e+01
    endloop
  endfacet
  facet normal 4.095849e-02 -9.651153e-01 -2.586017e-01
    outer loop
      vertex 9.116001e+00 -4.146410e+01 -2.805617e+01
      vertex -2.516863e-29 -4.200000e+01 -2.750000e+01
      vertex 1.404689e-09 -4.146410e+01 -2.950000e+01
    endloop
  endfacet
  facet normal 0.000000e+00 -1.000000e+00 0.000000e+00
    outer loop
      vertex 1.771950e+01 -4.200000e+01 -2.103020e+01
      vertex -1.772748e+01 -4.200000e+01 -2.102348e+01
      vertex -9.728740e+00 -4.200000e+01 -2.572162e+01
    endloop
  endfacet
  facet normal -1.171181e-01 -9.728947e-01 -1.993974e-01
    outer loop
      vertex -1.733966e+01 -4.146410e+01 -2.386600e+01
      vertex -9.728740e+00 -4.200000e+01 -2.572162e+01
      vertex -1.772748e+01 -4.200000e+01 -2.102348e+01
    endloop
  endfacet
  facet normal 0.000000e+00 -1.000000e+00 0.000000e+00
    outer loop
      vertex 9.717153e+00 -4.200000e+01 -2.572600e+01
      vertex 1.771950e+01 -4.200000e+01 -2.103020e+01
      vertex -9.728740e+00 -4.200000e+01 -2.572162e+01
    endloop
  endfacet
  facet normal -3.686581e-02 -9.718348e-01 -2.327616e-01
    outer loop
      vertex -9.116001e+00 -4.146410e+01 -2.805617e+01
      vertex 1.404689e-09 -4.146410e+01 -2.950000e+01
      vertex -9.728740e+00 -4.200000e+01 -2.572162e+01
    endloop
  endfacet
  facet normal -1.294163e-01 -9.585085e-01 -2.539938e-01
    outer loop
      vertex -1.733966e+01 -4.146410e+01 -2.386600e+01
      vertex -9.116001e+00 -4.146410e+01 -2.805617e+01
      vertex -9.728740e+00 -4.200000e+01 -2.572162e+01
    endloop
  endfacet
  facet normal 0.000000e+00 -1.000000e+00 0.000000e+00
    outer loop
      vertex -9.237604e+00 -4.200000e+01 -1.600000e+01
      vertex -2.371251e+01 -4.200000e+01 -1.392720e+01
      vertex -1.772748e+01 -4.200000e+01 -2.102348e+01
    endloop
  endfacet
  facet normal -1.722268e-01 -9.742887e-01 -1.452569e-01
    outer loop
      vertex -2.386600e+01 -4.146410e+01 -1.733966e+01
      vertex -1.772748e+01 -4.200000e+01 -2.102348e+01
      vertex -2.371251e+01 -4.200000e+01 -1.392720e+01
    endloop
  endfacet
  facet normal 0.000000e+00 -1.000000e+00 0.000000e+00
    outer loop
      vertex 3.208186e+00 -4.200000e+01 -1.819453e+01
      vertex -1.772748e+01 -4.200000e+01 -2.102348e+01
      vertex 1.771950e+01 -4.200000e+01 -2.103020e+01
    endloop
  endfacet
  facet normal 0.000000e+00 -1.000000e+00 0.000000e+00
    outer loop
      vertex -3.208186e+00 -4.200000e+01 -1.819453e+01
      vertex -9.237604e+00 -4.200000e+01 -1.600000e+01
      vertex -1.772748e+01 -4.200000e+01 -2.102348e+01
    endloop
  endfacet
  facet normal 0.000000e+00 -1.000000e+00 0.000000e+00
    outer loop
      vertex 3.208186e+00 -4.200000e+01 -1.819453e+01
      vertex -3.208186e+00 -4.200000e+01 -1.819453e+01
      vertex -1.772748e+01 -4.200000e+01 -2.102348e+01
    endloop
  endfacet
  facet normal -2.085982e-01 -9.554965e-01 -2.085982e-01
    outer loop
      vertex -2.386600e+01 -4.146410e+01 -1.733966e+01
      vertex -1.733966e+01 -4.146410e+01 -2.386600e+01
      vertex -1.772748e+01 -4.200000e+01 -2.102348e+01
    endloop
  endfacet
  facet normal 0.000000e+00 -1.000000e+00 0.000000e+00
    outer loop
      vertex -1.736102e+01 -4.200000e+01 -6.318893e+00
      vertex -2.702734e+01 -4.200000e+01 -5.076704e+00
      vertex -2.371251e+01 -4.200000e+01 -1.392720e+01
    endloop
  endfacet
  facet normal -2.056942e-01 -9.755792e-01 -7.703989e-02
    outer loop
      vertex -2.805617e+01 -4.146410e+01 -9.116001e+00
      vertex -2.371251e+01 -4.200000e+01 -1.392720e+01
      vertex -2.702734e+01 -4.200000e+01 -5.076704e+00
    endloop
  endfacet
  facet normal 0.000000e+00 -1.000000e+00 0.000000e+00
    outer loop
      vertex -1.415283e+01 -4.200000e+01 -1.187564e+01
      vertex -1.736102e+01 -4.200000e+01 -6.318893e+00
      vertex -2.371251e+01 -4.200000e+01 -1.392720e+01
    endloop
  endfacet
  facet normal 0.000000e+00 -1.000000e+00 0.000000e+00
    outer loop
      vertex -9.237604e+00 -4.200000e+01 -1.600000e+01
      vertex -1.415283e+01 -4.200000e+01 -1.187564e+01
      vertex -2.371251e+01 -4.200000e+01 -1.392720e+01
    endloop
  endfacet
  facet normal -2.699035e-01 -9.530160e-01 -1.375227e-01
    outer loop
      vertex -2.805617e+01 -4.146410e+01 -9.116001e+00
      vertex -2.386600e+01 -4.146410e+01 -1.733966e+01
      vertex -2.371251e+01 -4.200000e+01 -1.392720e+01
    endloop
  endfacet
  facet normal 0.000000e+00 -1.000000e+00 0.000000e+00
    outer loop
      vertex -1.847521e+01 -4.200000e+01 -4.187419e-15
      vertex -2.750000e+01 -4.200000e+01 1.166429e-03
      vertex -2.702734e+01 -4.200000e+01 -5.076704e+00
    endloop
  endfacet
  facet normal -2.587307e-01 -9.656492e-01 -2.408328e-02
    outer loop
      vertex -2.950000e+01 -4.146410e+01 -1.404684e-09
      vertex -2.702734e+01 -4.200000e+01 -5.076704e+00
      vertex -2.750000e+01 -4.200000e+01 1.166429e-03
    endloop
  endfacet
  facet normal 0.000000e+00 -1.000000e+00 0.000000e+00
    outer loop
      vertex -1.736102e+01 -4.200000e+01 -6.318893e+00
      vertex -1.847521e+01 -4.200000e+01 -4.187419e-15
      vertex -2.702734e+01 -4.200000e+01 -5.076704e+00
    endloop
  endfacet
  facet normal -3.054266e-01 -9.509861e-01 -4.837482e-02
    outer loop
      vertex -2.950000e+01 -4.146410e+01 -1.404684e-09
      vertex -2.805617e+01 -4.146410e+01 -9.116001e+00
      vertex -2.702734e+01 -4.200000e+01 -5.076704e+00
    endloop
  endfacet
  facet normal 0.000000e+00 -1.000000e+00 0.000000e+00
    outer loop
      vertex -1.736102e+01 -4.200000e+01 6.318893e+00
      vertex -2.702651e+01 -4.200000e+01 5.081129e+00
      vertex -2.750000e+01 -4.200000e+01 1.166429e-03
    endloop
  endfacet
  facet normal -2.587567e-01 -9.656414e-01 2.411814e-02
    outer loop
      vertex -2.950000e+01 -4.146410e+01 -1.404684e-09
      vertex -2.750000e+01 -4.200000e+01 1.166429e-03
      vertex -2.702651e+01 -4.200000e+01 5.081129e+00
    endloop
  endfacet
  facet normal 0.000000e+00 -1.000000e+00 0.000000e+00
    outer loop
      vertex -1.847521e+01 -4.200000e+01 -4.187419e-15
      vertex -1.736102e+01 -4.200000e+01 6.318893e+00
      vertex -2.750000e+01 -4.200000e+01 1.166429e-03
    endloop
  endfacet
  facet normal 0.000000e+00 -1.000000e+00 0.000000e+00
    outer loop
      vertex -1.415283e+01 -4.200000e+01 1.187564e+01
      vertex -2.370750e+01 -4.200000e+01 1.393572e+01
      vertex -2.702651e+01 -4.200000e+01 5.081129e+00
    endloop
  endfacet
  facet normal -2.056641e-01 -9.755816e-01 7.708997e-02
    outer loop
      vertex -2.805617e+01 -4.146410e+01 9.116001e+00
      vertex -2.702651e+01 -4.200000e+01 5.081129e+00
      vertex -2.370750e+01 -4.200000e+01 1.393572e+01
    endloop
  endfacet
  facet normal 0.000000e+00 -1.000000e+00 0.000000e+00
    outer loop
      vertex -1.736102e+01 -4.200000e+01 6.318893e+00
      vertex -1.415283e+01 -4.200000e+01 1.187564e+01
      vertex -2.702651e+01 -4.200000e+01 5.081129e+00
    endloop
  endfacet
  facet normal -3.054049e-01 -9.509932e-01 4.837139e-02
    outer loop
      vertex -2.805617e+01 -4.146410e+01 9.116001e+00
      vertex -2.950000e+01 -4.146410e+01 -1.404684e-09
      vertex -2.702651e+01 -4.200000e+01 5.081129e+00
    endloop
  endfacet
  facet normal 0.000000e+00 -1.000000e+00 0.000000e+00
    outer loop
      vertex -3.208186e+00 -4.200000e+01 1.819453e+01
      vertex -1.771950e+01 -4.200000e+01 2.103020e+01
      vertex -2.370750e+01 -4.200000e+01 1.393572e+01
    endloop
  endfacet
  facet normal -1.722255e-01 -9.742728e-01 1.453647e-01
    outer loop
      vertex -2.386600e+01 -4.146410e+01 1.733966e+01
      vertex -2.370750e+01 -4.200000e+01 1.393572e+01
      vertex -1.771950e+01 -4.200000e+01 2.103020e+01
    endloop
  endfacet
  facet normal 0.000000e+00 -1.000000e+00 0.000000e+00
    outer loop
      vertex -9.237604e+00 -4.200000e+01 1.600000e+01
      vertex -3.208186e+00 -4.200000e+01 1.819453e+01
      vertex -2.370750e+01 -4.200000e+01 1.393572e+01
    endloop
  endfacet
  facet normal 0.000000e+00 -1.000000e+00 0.000000e+00
    outer loop
      vertex -1.415283e+01 -4.200000e+01 1.187564e+01
      vertex -9.237604e+00 -4.200000e+01 1.600000e+01
      vertex -2.370750e+01 -4.200000e+01 1.393572e+01
    endloop
  endfacet
  facet normal -2.698174e-01 -9.530468e-01 1.374788e-01
    outer loop
      vertex -2.386600e+01 -4.146410e+01 1.733966e+01
      vertex -2.805617e+01 -4.146410e+01 9.116001e+00
      vertex -2.370750e+01 -4.200000e+01 1.393572e+01
    endloop
  endfacet
  facet normal 0.000000e+00 -1.000000e+00 0.000000e+00
    outer loop
      vertex 9.728740e+00 -4.200000e+01 2.572162e+01
      vertex -9.717153e+00 -4.200000e+01 2.572600e+01
      vertex -1.771950e+01 -4.200000e+01 2.103020e+01
    endloop
  endfacet
  facet normal -1.170858e-01 -9.728710e-01 1.995318e-01
    outer loop
      vertex -1.733966e+01 -4.146410e+01 2.386600e+01
      vertex -1.771950e+01 -4.200000e+01 2.103020e+01
      vertex -9.717153e+00 -4.200000e+01 2.572600e+01
    endloop
  endfacet
  facet normal 0.000000e+00 -1.000000e+00 0.000000e+00
    outer loop
      vertex 1.772748e+01 -4.200000e+01 2.102348e+01
      vertex 9.728740e+00 -4.200000e+01 2.572162e+01
      vertex -1.771950e+01 -4.200000e+01 2.103020e+01
    endloop
  endfacet
  facet normal 0.000000e+00 -1.000000e+00 0.000000e+00
    outer loop
      vertex -3.208186e+00 -4.200000e+01 1.819453e+01
      vertex 1.772748e+01 -4.200000e+01 2.102348e+01
      vertex -1.771950e+01 -4.200000e+01 2.103020e+01
    endloop
  endfacet
  facet normal -2.085011e-01 -9.555389e-01 2.085011e-01
    outer loop
      vertex -1.733966e+01 -4.146410e+01 2.386600e+01
      vertex -2.386600e+01 -4.146410e+01 1.733966e+01
      vertex -1.771950e+01 -4.200000e+01 2.103020e+01
    endloop
  endfacet
  facet normal 0.000000e+00 -1.000000e+00 0.000000e+00
    outer loop
      vertex 9.728740e+00 -4.200000e+01 2.572162e+01
      vertex 8.844786e-15 -4.200000e+01 2.750000e+01
      vertex -9.717153e+00 -4.200000e+01 2.572600e+01
    endloop
  endfacet
  facet normal -4.279273e-02 -9.711983e-01 2.343984e-01
    outer loop
      vertex -9.116001e+00 -4.146410e+01 2.805617e+01
      vertex -9.717153e+00 -4.200000e+01 2.572600e+01
      vertex 8.844786e-15 -4.200000e+01 2.750000e+01
    endloop
  endfacet
  facet normal -1.293267e-01 -9.585672e-01 2.538180e-01
    outer loop
      vertex -9.116001e+00 -4.146410e+01 2.805617e+01
      vertex -1.733966e+01 -4.146410e+01 2.386600e+01
      vertex -9.717153e+00 -4.200000e+01 2.572600e+01
    endloop
  endfacet
  facet normal 4.725840e-02 -9.648466e-01 2.585297e-01
    outer loop
      vertex -1.404678e-09 -4.146410e+01 2.950000e+01
      vertex 8.844786e-15 -4.200000e+01 2.750000e+01
      vertex 9.728740e+00 -4.200000e+01 2.572162e+01
    endloop
  endfacet
  facet normal -4.095849e-02 -9.651153e-01 2.586017e-01
    outer loop
      vertex -1.404678e-09 -4.146410e+01 2.950000e+01
      vertex -9.116001e+00 -4.146410e+01 2.805617e+01
      vertex 8.844786e-15 -4.200000e+01 2.750000e+01
    endloop
  endfacet
  facet normal 1.171181e-01 -9.728947e-01 1.993974e-01
    outer loop
      vertex 1.733966e+01 -4.146410e+01 2.386600e+01
      vertex 9.728740e+00 -4.200000e+01 2.572162e+01
      vertex 1.772748e+01 -4.200000e+01 2.102348e+01
    endloop
  endfacet
  facet normal 3.686581e-02 -9.718348e-01 2.327616e-01
    outer loop
      vertex 9.116001e+00 -4.146410e+01 2.805617e+01
      vertex -1.404678e-09 -4.146410e+01 2.950000e+01
      vertex 9.728740e+00 -4.200000e+01 2.572162e+01
    endloop
  endfacet
  facet normal 1.294163e-01 -9.585085e-01 2.539938e-01
    outer loop
      vertex 1.733966e+01 -4.146410e+01 2.386600e+01
      vertex 9.116001e+00 -4.146410e+01 2.805617e+01
      vertex 9.728740e+00 -4.200000e+01 2.572162e+01
    endloop
  endfacet
  facet normal 0.000000e+00 -1.000000e+00 0.000000e+00
    outer loop
      vertex 9.237604e+00 -4.200000e+01 1.600000e+01
      vertex 2.371251e+01 -4.200000e+01 1.392720e+01
      vertex 1.772748e+01 -4.200000e+01 2.102348e+01
    endloop
  endfacet
  facet normal 1.722268e-01 -9.742887e-01 1.452569e-01
    outer loop
      vertex 2.386600e+01 -4.146410e+01 1.733966e+01
      vertex 1.772748e+01 -4.200000e+01 2.102348e+01
      vertex 2.371251e+01 -4.200000e+01 1.392720e+01
    endloop
  endfacet
  facet normal 0.000000e+00 -1.000000e+00 0.000000e+00
    outer loop
      vertex 3.208186e+00 -4.200000e+01 1.819453e+01
      vertex 9.237604e+00 -4.200000e+01 1.600000e+01
      vertex 1.772748e+01 -4.200000e+01 2.102348e+01
    endloop
  endfacet
  facet normal 0.000000e+00 -1.000000e+00 0.000000e+00
    outer loop
      vertex -3.208186e+00 -4.200000e+01 1.819453e+01
      vertex 3.208186e+00 -4.200000e+01 1.819453e+01
      vertex 1.772748e+01 -4.200000e+01 2.102348e+01
    endloop
  endfacet
  facet normal 2.085982e-01 -9.554965e-01 2.085982e-01
    outer loop
      vertex 2.386600e+01 -4.146410e+01 1.733966e+01
      vertex 1.733966e+01 -4.146410e+01 2.386600e+01
      vertex 1.772748e+01 -4.200000e+01 2.102348e+01
    endloop
  endfacet
  facet normal 0.000000e+00 -1.000000e+00 0.000000e+00
    outer loop
      vertex 1.736102e+01 -4.200000e+01 6.318893e+00
      vertex 2.702734e+01 -4.200000e+01 5.076704e+00
      vertex 2.371251e+01 -4.200000e+01 1.392720e+01
    endloop
  endfacet
  facet normal 2.056942e-01 -9.755792e-01 7.703989e-02
    outer loop
      vertex 2.805617e+01 -4.146410e+01 9.116001e+00
      vertex 2.371251e+01 -4.200000e+01 1.392720e+01
      vertex 2.702734e+01 -4.200000e+01 5.076704e+00
    endloop
  endfacet
  facet normal 0.000000e+00 -1.000000e+00 0.000000e+00
    outer loop
      vertex 1.415283e+01 -4.200000e+01 1.187564e+01
      vertex 1.736102e+01 -4.200000e+01 6.318893e+00
      vertex 2.371251e+01 -4.200000e+01 1.392720e+01
    endloop
  endfacet
  facet normal 0.000000e+00 -1.000000e+00 0.000000e+00
    outer loop
      vertex 9.237604e+00 -4.200000e+01 1.600000e+01
      vertex 1.415283e+01 -4.200000e+01 1.187564e+01
      vertex 2.371251e+01 -4.200000e+01 1.392720e+01
    endloop
  endfacet
  facet normal 2.699035e-01 -9.530160e-01 1.375227e-01
    outer loop
      vertex 2.805617e+01 -4.146410e+01 9.116001e+00
      vertex 2.386600e+01 -4.146410e+01 1.733966e+01
      vertex 2.371251e+01 -4.200000e+01 1.392720e+01
    endloop
  endfacet
  facet normal 0.000000e+00 -1.000000e+00 0.000000e+00
    outer loop
      vertex 1.847521e+01 -4.200000e+01 5.417809e-15
      vertex 2.750000e+01 -4.200000e+01 -1.166429e-03
      vertex 2.702734e+01 -4.200000e+01 5.076704e+00
    endloop
  endfacet
  facet normal 2.587307e-01 -9.656492e-01 2.408328e-02
    outer loop
      vertex 2.950000e+01 -4.146410e+01 1.404681e-09
      vertex 2.702734e+01 -4.200000e+01 5.076704e+00
      vertex 2.750000e+01 -4.200000e+01 -1.166429e-03
    endloop
  endfacet
  facet normal 0.000000e+00 -1.000000e+00 0.000000e+00
    outer loop
      vertex 1.736102e+01 -4.200000e+01 6.318893e+00
      vertex 1.847521e+01 -4.200000e+01 5.417809e-15
      vertex 2.702734e+01 -4.200000e+01 5.076704e+00
    endloop
  endfacet
  facet normal 3.054266e-01 -9.509861e-01 4.837482e-02
    outer loop
      vertex 2.950000e+01 -4.146410e+01 1.404681e-09
      vertex 2.805617e+01 -4.146410e+01 9.116001e+00
      vertex 2.702734e+01 -4.200000e+01 5.076704e+00
    endloop
  endfacet
  facet normal 0.000000e+00 -1.000000e+00 0.000000e+00
    outer loop
      vertex 1.736102e+01 -4.200000e+01 -6.318893e+00
      vertex 2.702651e+01 -4.200000e+01 -5.081129e+00
      vertex 2.750000e+01 -4.200000e+01 -1.166429e-03
    endloop
  endfacet
  facet normal 2.587567e-01 -9.656414e-01 -2.411814e-02
    outer loop
      vertex 2.950000e+01 -4.146410e+01 1.404681e-09
      vertex 2.750000e+01 -4.200000e+01 -1.166429e-03
      vertex 2.702651e+01 -4.200000e+01 -5.081129e+00
    endloop
  endfacet
  facet normal 0.000000e+00 -1.000000e+00 0.000000e+00
    outer loop
      vertex 1.736102e+01 -4.200000e+01 -6.318893e+00
      vertex 2.750000e+01 -4.200000e+01 -1.166429e-03
      vertex 1.847521e+01 -4.200000e+01 5.417809e-15
    endloop
  endfacet
  facet normal 0.000000e+00 -1.000000e+00 0.000000e+00
    outer loop
      vertex 1.415283e+01 -4.200000e+01 -1.187564e+01
      vertex 2.370750e+01 -4.200000e+01 -1.393572e+01
      vertex 2.702651e+01 -4.200000e+01 -5.081129e+00
    endloop
  endfacet
  facet normal 2.056641e-01 -9.755816e-01 -7.708997e-02
    outer loop
      vertex 2.805617e+01 -4.146410e+01 -9.116001e+00
      vertex 2.702651e+01 -4.200000e+01 -5.081129e+00
      vertex 2.370750e+01 -4.200000e+01 -1.393572e+01
    endloop
  endfacet
  facet normal 0.000000e+00 -1.000000e+00 0.000000e+00
    outer loop
      vertex 1.736102e+01 -4.200000e+01 -6.318893e+00
      vertex 1.415283e+01 -4.200000e+01 -1.187564e+01
      vertex 2.702651e+01 -4.200000e+01 -5.081129e+00
    endloop
  endfacet
  facet normal 3.054049e-01 -9.509932e-01 -4.837139e-02
    outer loop
      vertex 2.805617e+01 -4.146410e+01 -9.116001e+00
      vertex 2.950000e+01 -4.146410e+01 1.404681e-09
      vertex 2.702651e+01 -4.200000e+01 -5.081129e+00
    endloop
  endfacet
  facet normal 0.000000e+00 -1.000000e+00 0.000000e+00
    outer loop
      vertex 3.208186e+00 -4.200000e+01 -1.819453e+01
      vertex 1.771950e+01 -4.200000e+01 -2.103020e+01
      vertex 2.370750e+01 -4.200000e+01 -1.393572e+01
    endloop
  endfacet
  facet normal 1.722255e-01 -9.742728e-01 -1.453647e-01
    outer loop
      vertex 2.386600e+01 -4.146410e+01 -1.733966e+01
      vertex 2.370750e+01 -4.200000e+01 -1.393572e+01
      vertex 1.771950e+01 -4.200000e+01 -2.103020e+01
    endloop
  endfacet
  facet normal 0.000000e+00 -1.000000e+00 0.000000e+00
    outer loop
      vertex 9.237604e+00 -4.200000e+01 -1.600000e+01
      vertex 3.208186e+00 -4.200000e+01 -1.819453e+01
      vertex 2.370750e+01 -4.200000e+01 -1.393572e+01
    endloop
  endfacet
  facet normal 0.000000e+00 -1.000000e+00 0.000000e+00
    outer loop
      vertex 1.415283e+01 -4.200000e+01 -1.187564e+01
      vertex 9.237604e+00 -4.200000e+01 -1.600000e+01
      vertex 2.370750e+01 -4.200000e+01 -1.393572e+01
    endloop
  endfacet
  facet normal 2.698174e-01 -9.530468e-01 -1.374788e-01
    outer loop
      vertex 2.386600e+01 -4.146410e+01 -1.733966e+01
      vertex 2.805617e+01 -4.146410e+01 -9.116001e+00
      vertex 2.370750e+01 -4.200000e+01 -1.393572e+01
    endloop
  endfacet
  facet normal 1.170858e-01 -9.728710e-01 -1.995318e-01
    outer loop
      vertex 1.733966e+01 -4.146410e+01 -2.386600e+01
      vertex 1.771950e+01 -4.200000e+01 -2.103020e+01
      vertex 9.717153e+00 -4.200000e+01 -2.572600e+01
    endloop
  endfacet
  facet normal 2.085011e-01 -9.555389e-01 -2.085011e-01
    outer loop
      vertex 1.733966e+01 -4.146410e+01 -2.386600e+01
      vertex 2.386600e+01 -4.146410e+01 -1.733966e+01
      vertex 1.771950e+01 -4.200000e+01 -2.103020e+01
    endloop
  endfacet
  facet normal 1.293267e-01 -9.585672e-01 -2.538180e-01
    outer loop
      vertex 9.116001e+00 -4.146410e+01 -2.805617e+01
      vertex 1.733966e+01 -4.146410e+01 -2.386600e+01
      vertex 9.717153e+00 -4.200000e+01 -2.572600e+01
    endloop
  endfacet
  facet normal -5.439320e-01 -8.336302e-01 -9.590989e-02
    outer loop
      vertex 1.612433e+01 -4.093455e+01 4.071845e+00
      vertex 1.847521e+01 -4.200000e+01 5.417809e-15
      vertex 1.736102e+01 -4.200000e+01 6.318893e+00
    endloop
  endfacet
  facet normal -5.439967e-01 -8.335866e-01 9.592130e-02
    outer loop
      vertex 1.612555e+01 -4.093492e+01 -4.069731e+00
      vertex 1.736102e+01 -4.200000e+01 -6.318893e+00
      vertex 1.847521e+01 -4.200000e+01 5.417809e-15
    endloop
  endfacet
  facet normal -8.660254e-01 1.414753e-17 -5.000000e-01
    outer loop
      vertex 1.847521e+01 -1.600000e+01 0.000000e+00
      vertex 1.847521e+01 -4.200000e+01 5.417809e-15
      vertex 9.237604e+00 -1.600000e+01 1.600000e+01
    endloop
  endfacet
  facet normal -8.660254e-01 -2.078392e-16 -5.000000e-01
    outer loop
      vertex 1.612433e+01 -4.093455e+01 4.071845e+00
      vertex 9.237604e+00 -1.600000e+01 1.600000e+01
      vertex 1.847521e+01 -4.200000e+01 5.417809e-15
    endloop
  endfacet
  facet normal -8.660254e-01 2.180786e-16 5.000000e-01
    outer loop
      vertex 1.612555e+01 -4.093492e+01 -4.069731e+00
      vertex 1.847521e+01 -4.200000e+01 5.417809e-15
      vertex 1.847521e+01 -1.600000e+01 0.000000e+00
    endloop
  endfacet
  facet normal -4.724908e-01 -8.380553e-01 -2.727927e-01
    outer loop
      vertex 1.385563e+01 -4.057133e+01 8.001336e+00
      vertex 1.736102e+01 -4.200000e+01 6.318893e+00
      vertex 1.415283e+01 -4.200000e+01 1.187564e+01
    endloop
  endfacet
  facet normal -4.421036e-01 -8.799427e-01 -1.739116e-01
    outer loop
      vertex 1.612433e+01 -4.093455e+01 4.071845e+00
      vertex 1.736102e+01 -4.200000e+01 6.318893e+00
      vertex 1.385563e+01 -4.057133e+01 8.001336e+00
    endloop
  endfacet
  facet normal -3.550686e-01 -8.335866e-01 -4.231543e-01
    outer loop
      vertex 1.158726e+01 -4.093492e+01 1.193027e+01
      vertex 1.415283e+01 -4.200000e+01 1.187564e+01
      vertex 9.237604e+00 -4.200000e+01 1.600000e+01
    endloop
  endfacet
  facet normal -3.716062e-01 -8.799462e-01 -2.959790e-01
    outer loop
      vertex 1.385563e+01 -4.057133e+01 8.001336e+00
      vertex 1.415283e+01 -4.200000e+01 1.187564e+01
      vertex 1.158726e+01 -4.093492e+01 1.193027e+01
    endloop
  endfacet
  facet normal -1.889056e-01 -8.336302e-01 -5.190139e-01
    outer loop
      vertex 4.535843e+00 -4.093455e+01 1.600000e+01
      vertex 9.237604e+00 -4.200000e+01 1.600000e+01
      vertex 3.208186e+00 -4.200000e+01 1.819453e+01
    endloop
  endfacet
  facet normal 0.000000e+00 6.832142e-17 -1.000000e+00
    outer loop
      vertex 9.237604e+00 -1.600000e+01 1.600000e+01
      vertex 9.237604e+00 -4.200000e+01 1.600000e+01
      vertex -9.237604e+00 -1.600000e+01 1.600000e+01
    endloop
  endfacet
  facet normal -4.318647e-16 -2.385551e-16 -1.000000e+00
    outer loop
      vertex 4.535843e+00 -4.093455e+01 1.600000e+01
      vertex -9.237604e+00 -1.600000e+01 1.600000e+01
      vertex 9.237604e+00 -4.200000e+01 1.600000e+01
    endloop
  endfacet
  facet normal -8.660254e-01 4.361572e-17 -5.000000e-01
    outer loop
      vertex 1.158726e+01 -4.093492e+01 1.193027e+01
      vertex 9.237604e+00 -4.200000e+01 1.600000e+01
      vertex 9.237604e+00 -1.600000e+01 1.600000e+01
    endloop
  endfacet
  facet normal -2.907400e-16 -8.380553e-01 -5.455854e-01
    outer loop
      vertex -1.543104e-03 -4.057133e+01 1.600000e+01
      vertex 3.208186e+00 -4.200000e+01 1.819453e+01
      vertex -3.208186e+00 -4.200000e+01 1.819453e+01
    endloop
  endfacet
  facet normal -7.043997e-02 -8.799427e-01 -4.698288e-01
    outer loop
      vertex 4.535843e+00 -4.093455e+01 1.600000e+01
      vertex 3.208186e+00 -4.200000e+01 1.819453e+01
      vertex -1.543104e-03 -4.057133e+01 1.600000e+01
    endloop
  endfacet
  facet normal 1.889281e-01 -8.335866e-01 -5.190756e-01
    outer loop
      vertex -4.538284e+00 -4.093492e+01 1.600000e+01
      vertex -3.208186e+00 -4.200000e+01 1.819453e+01
      vertex -9.237604e+00 -4.200000e+01 1.600000e+01
    endloop
  endfacet
  facet normal 7.052220e-02 -8.799462e-01 -4.698099e-01
    outer loop
      vertex -1.543104e-03 -4.057133e+01 1.600000e+01
      vertex -3.208186e+00 -4.200000e+01 1.819453e+01
      vertex -4.538284e+00 -4.093492e+01 1.600000e+01
    endloop
  endfacet
  facet normal 3.550264e-01 -8.336302e-01 -4.231040e-01
    outer loop
      vertex -1.158848e+01 -4.093455e+01 1.192816e+01
      vertex -9.237604e+00 -4.200000e+01 1.600000e+01
      vertex -1.415283e+01 -4.200000e+01 1.187564e+01
    endloop
  endfacet
  facet normal 8.660254e-01 1.775042e-16 -5.000000e-01
    outer loop
      vertex -1.847521e+01 -1.600000e+01 0.000000e+00
      vertex -9.237604e+00 -1.600000e+01 1.600000e+01
      vertex -9.237604e+00 -4.200000e+01 1.600000e+01
    endloop
  endfacet
  facet normal 0.000000e+00 0.000000e+00 -1.000000e+00
    outer loop
      vertex -4.538284e+00 -4.093492e+01 1.600000e+01
      vertex -9.237604e+00 -4.200000e+01 1.600000e+01
      vertex -9.237604e+00 -1.600000e+01 1.600000e+01
    endloop
  endfacet
  facet normal 8.660254e-01 -8.659965e-16 -5.000000e-01
    outer loop
      vertex -1.158848e+01 -4.093455e+01 1.192816e+01
      vertex -1.847521e+01 -1.600000e+01 0.000000e+00
      vertex -9.237604e+00 -4.200000e+01 1.600000e+01
    endloop
  endfacet
  facet normal 4.724908e-01 -8.380553e-01 -2.727927e-01
    outer loop
      vertex -1.385718e+01 -4.057133e+01 7.998664e+00
      vertex -1.415283e+01 -4.200000e+01 1.187564e+01
      vertex -1.736102e+01 -4.200000e+01 6.318893e+00
    endloop
  endfacet
  facet normal 3.716637e-01 -8.799427e-01 -2.959172e-01
    outer loop
      vertex -1.158848e+01 -4.093455e+01 1.192816e+01
      vertex -1.415283e+01 -4.200000e+01 1.187564e+01
      vertex -1.385718e+01 -4.057133e+01 7.998664e+00
    endloop
  endfacet
  facet normal 5.439967e-01 -8.335866e-01 -9.592130e-02
    outer loop
      vertex -1.612555e+01 -4.093492e+01 4.069731e+00
      vertex -1.736102e+01 -4.200000e+01 6.318893e+00
      vertex -1.847521e+01 -4.200000e+01 -4.187419e-15
    endloop
  endfacet
  facet normal 4.421284e-01 -8.799462e-01 -1.738310e-01
    outer loop
      vertex -1.385718e+01 -4.057133e+01 7.998664e+00
      vertex -1.736102e+01 -4.200000e+01 6.318893e+00
      vertex -1.612555e+01 -4.093492e+01 4.069731e+00
    endloop
  endfacet
  facet normal 5.439320e-01 -8.336302e-01 9.590989e-02
    outer loop
      vertex -1.612433e+01 -4.093455e+01 -4.071845e+00
      vertex -1.847521e+01 -4.200000e+01 -4.187419e-15
      vertex -1.736102e+01 -4.200000e+01 -6.318893e+00
    endloop
  endfacet
  facet normal 8.660254e-01 3.780887e-17 5.000000e-01
    outer loop
      vertex -1.847521e+01 -1.600000e+01 0.000000e+00
      vertex -1.847521e+01 -4.200000e+01 -4.187419e-15
      vertex -9.237604e+00 -1.600000e+01 -1.600000e+01
    endloop
  endfacet
  facet normal 8.660254e-01 -6.927972e-17 5.000000e-01
    outer loop
      vertex -1.612433e+01 -4.093455e+01 -4.071845e+00
      vertex -9.237604e+00 -1.600000e+01 -1.600000e+01
      vertex -1.847521e+01 -4.200000e+01 -4.187419e-15
    endloop
  endfacet
  facet normal 8.660254e-01 2.035400e-16 -5.000000e-01
    outer loop
      vertex -1.612555e+01 -4.093492e+01 4.069731e+00
      vertex -1.847521e+01 -4.200000e+01 -4.187419e-15
      vertex -1.847521e+01 -1.600000e+01 0.000000e+00
    endloop
  endfacet
  facet normal 4.724908e-01 -8.380553e-01 2.727927e-01
    outer loop
      vertex -1.385563e+01 -4.057133e+01 -8.001336e+00
      vertex -1.736102e+01 -4.200000e+01 -6.318893e+00
      vertex -1.415283e+01 -4.200000e+01 -1.187564e+01
    endloop
  endfacet
  facet normal 4.421036e-01 -8.799427e-01 1.739116e-01
    outer loop
      vertex -1.612433e+01 -4.093455e+01 -4.071845e+00
      vertex -1.736102e+01 -4.200000e+01 -6.318893e+00
      vertex -1.385563e+01 -4.057133e+01 -8.001336e+00
    endloop
  endfacet
  facet normal 3.550686e-01 -8.335866e-01 4.231543e-01
    outer loop
      vertex -1.158726e+01 -4.093492e+01 -1.193027e+01
      vertex -1.415283e+01 -4.200000e+01 -1.187564e+01
      vertex -9.237604e+00 -4.200000e+01 -1.600000e+01
    endloop
  endfacet
  facet normal 3.716062e-01 -8.799462e-01 2.959790e-01
    outer loop
      vertex -1.385563e+01 -4.057133e+01 -8.001336e+00
      vertex -1.415283e+01 -4.200000e+01 -1.187564e+01
      vertex -1.158726e+01 -4.093492e+01 -1.193027e+01
    endloop
  endfacet
  facet normal 1.889056e-01 -8.336302e-01 5.190139e-01
    outer loop
      vertex -4.535843e+00 -4.093455e+01 -1.600000e+01
      vertex -9.237604e+00 -4.200000e+01 -1.600000e+01
      vertex -3.208186e+00 -4.200000e+01 -1.819453e+01
    endloop
  endfacet
  facet normal 0.000000e+00 6.832142e-17 1.000000e+00
    outer loop
      vertex -9.237604e+00 -1.600000e+01 -1.600000e+01
      vertex -9.237604e+00 -4.200000e+01 -1.600000e+01
      vertex 9.237604e+00 -1.600000e+01 -1.600000e+01
    endloop
  endfacet
  facet normal 4.318647e-16 -2.385551e-16 1.000000e+00
    outer loop
      vertex -4.535843e+00 -4.093455e+01 -1.600000e+01
      vertex 9.237604e+00 -1.600000e+01 -1.600000e+01
      vertex -9.237604e+00 -4.200000e+01 -1.600000e+01
    endloop
  endfacet
  facet normal 8.660254e-01 -8.723144e-17 5.000000e-01
    outer loop
      vertex -1.158726e+01 -4.093492e+01 -1.193027e+01
      vertex -9.237604e+00 -4.200000e+01 -1.600000e+01
      vertex -9.237604e+00 -1.600000e+01 -1.600000e+01
    endloop
  endfacet
  facet normal 2.907400e-16 -8.380553e-01 5.455854e-01
    outer loop
      vertex 1.543104e-03 -4.057133e+01 -1.600000e+01
      vertex -3.208186e+00 -4.200000e+01 -1.819453e+01
      vertex 3.208186e+00 -4.200000e+01 -1.819453e+01
    endloop
  endfacet
  facet normal 7.043997e-02 -8.799427e-01 4.698288e-01
    outer loop
      vertex -4.535843e+00 -4.093455e+01 -1.600000e+01
      vertex -3.208186e+00 -4.200000e+01 -1.819453e+01
      vertex 1.543104e-03 -4.057133e+01 -1.600000e+01
    endloop
  endfacet
  facet normal -1.889281e-01 -8.335866e-01 5.190756e-01
    outer loop
      vertex 4.538284e+00 -4.093492e+01 -1.600000e+01
      vertex 3.208186e+00 -4.200000e+01 -1.819453e+01
      vertex 9.237604e+00 -4.200000e+01 -1.600000e+01
    endloop
  endfacet
  facet normal -7.052220e-02 -8.799462e-01 4.698099e-01
    outer loop
      vertex 1.543104e-03 -4.057133e+01 -1.600000e+01
      vertex 3.208186e+00 -4.200000e+01 -1.819453e+01
      vertex 4.538284e+00 -4.093492e+01 -1.600000e+01
    endloop
  endfacet
  facet normal -3.550264e-01 -8.336302e-01 4.231040e-01
    outer loop
      vertex 1.158848e+01 -4.093455e+01 -1.192816e+01
      vertex 9.237604e+00 -4.200000e+01 -1.600000e+01
      vertex 1.415283e+01 -4.200000e+01 -1.187564e+01
    endloop
  endfacet
  facet normal -8.660254e-01 1.775042e-16 5.000000e-01
    outer loop
      vertex 9.237604e+00 -1.600000e+01 -1.600000e+01
      vertex 9.237604e+00 -4.200000e+01 -1.600000e+01
      vertex 1.847521e+01 -1.600000e+01 0.000000e+00
    endloop
  endfacet
  facet normal -8.660254e-01 -6.927972e-16 5.000000e-01
    outer loop
      vertex 1.158848e+01 -4.093455e+01 -1.192816e+01
      vertex 1.847521e+01 -1.600000e+01 0.000000e+00
      vertex 9.237604e+00 -4.200000e+01 -1.600000e+01
    endloop
  endfacet
  facet normal 0.000000e+00 0.000000e+00 1.000000e+00
    outer loop
      vertex 4.538284e+00 -4.093492e+01 -1.600000e+01
      vertex 9.237604e+00 -4.200000e+01 -1.600000e+01
      vertex 9.237604e+00 -1.600000e+01 -1.600000e+01
    endloop
  endfacet
  facet normal -4.724908e-01 -8.380553e-01 2.727927e-01
    outer loop
      vertex 1.385718e+01 -4.057133e+01 -7.998664e+00
      vertex 1.415283e+01 -4.200000e+01 -1.187564e+01
      vertex 1.736102e+01 -4.200000e+01 -6.318893e+00
    endloop
  endfacet
  facet normal -3.716637e-01 -8.799427e-01 2.959172e-01
    outer loop
      vertex 1.158848e+01 -4.093455e+01 -1.192816e+01
      vertex 1.415283e+01 -4.200000e+01 -1.187564e+01
      vertex 1.385718e+01 -4.057133e+01 -7.998664e+00
    endloop
  endfacet
  facet normal -4.421284e-01 -8.799462e-01 1.738310e-01
    outer loop
      vertex 1.385718e+01 -4.057133e+01 -7.998664e+00
      vertex 1.736102e+01 -4.200000e+01 -6.318893e+00
      vertex 1.612555e+01 -4.093492e+01 -4.069731e+00
    endloop
  endfacet
  facet normal -1.574282e-01 -2.553420e-01 9.539480e-01
    outer loop
      vertex -1.559742e-09 -3.999819e+01 3.096515e+01
      vertex -3.857510e-15 -3.800000e+01 3.150000e+01
      vertex -1.012113e+01 -3.800000e+01 2.982973e+01
    endloop
  endfacet
  facet normal 1.588339e-01 -2.256702e-01 9.611684e-01
    outer loop
      vertex 9.568757e+00 -3.999819e+01 2.944961e+01
      vertex 1.013406e+01 -3.800000e+01 2.982534e+01
      vertex -3.857510e-15 -3.800000e+01 3.150000e+01
    endloop
  endfacet
  facet normal 1.512385e-01 -2.555920e-01 9.548820e-01
    outer loop
      vertex 9.568757e+00 -3.999819e+01 2.944961e+01
      vertex -3.857510e-15 -3.800000e+01 3.150000e+01
      vertex -1.559742e-09 -3.999819e+01 3.096515e+01
    endloop
  endfacet
  facet normal -4.471834e-01 -2.473358e-01 8.595650e-01
    outer loop
      vertex -1.820086e+01 -3.999819e+01 2.505133e+01
      vertex -1.012113e+01 -3.800000e+01 2.982973e+01
      vertex -1.861692e+01 -3.800000e+01 2.540984e+01
    endloop
  endfacet
  facet normal -4.354387e-01 -2.829447e-01 8.545966e-01
    outer loop
      vertex -9.568757e+00 -3.999819e+01 2.944961e+01
      vertex -1.012113e+01 -3.800000e+01 2.982973e+01
      vertex -1.820086e+01 -3.999819e+01 2.505133e+01
    endloop
  endfacet
  facet normal -1.524161e-01 -2.251992e-01 9.623173e-01
    outer loop
      vertex -1.559742e-09 -3.999819e+01 3.096515e+01
      vertex -1.012113e+01 -3.800000e+01 2.982973e+01
      vertex -9.568757e+00 -3.999819e+01 2.944961e+01
    endloop
  endfacet
  facet normal -6.816312e-01 -2.643439e-01 6.822765e-01
    outer loop
      vertex -1.820086e+01 -3.999819e+01 2.505133e+01
      vertex -1.861692e+01 -3.800000e+01 2.540984e+01
      vertex -2.539222e+01 -3.800000e+01 1.864096e+01
    endloop
  endfacet
  facet normal -8.595233e-01 -2.453796e-01 4.483397e-01
    outer loop
      vertex -2.505133e+01 -3.999819e+01 1.820086e+01
      vertex -2.539222e+01 -3.800000e+01 1.864096e+01
      vertex -2.981746e+01 -3.800000e+01 1.015720e+01
    endloop
  endfacet
  facet normal -6.815567e-01 -2.663848e-01 6.815567e-01
    outer loop
      vertex -1.820086e+01 -3.999819e+01 2.505133e+01
      vertex -2.539222e+01 -3.800000e+01 1.864096e+01
      vertex -2.505133e+01 -3.999819e+01 1.820086e+01
    endloop
  endfacet
  facet normal -9.615024e-01 -2.239188e-01 1.592907e-01
    outer loop
      vertex -2.944961e+01 -3.999819e+01 9.568757e+00
      vertex -2.981746e+01 -3.800000e+01 1.015720e+01
      vertex -3.150000e+01 -3.800000e+01 1.172120e-03
    endloop
  endfacet
  facet normal -8.539618e-01 -2.853487e-01 4.351153e-01
    outer loop
      vertex -2.505133e+01 -3.999819e+01 1.820086e+01
      vertex -2.981746e+01 -3.800000e+01 1.015720e+01
      vertex -2.944961e+01 -3.999819e+01 9.568757e+00
    endloop
  endfacet
  facet normal -9.539070e-01 -2.552384e-01 -1.578444e-01
    outer loop
      vertex -3.096515e+01 -3.999819e+01 -1.558875e-09
      vertex -3.150000e+01 -3.800000e+01 1.172120e-03
      vertex -2.982061e+01 -3.800000e+01 -1.014798e+01
    endloop
  endfacet
  facet normal -9.548604e-01 -2.556749e-01 1.512350e-01
    outer loop
      vertex -2.944961e+01 -3.999819e+01 9.568757e+00
      vertex -3.150000e+01 -3.800000e+01 1.172120e-03
      vertex -3.096515e+01 -3.999819e+01 -1.558875e-09
    endloop
  endfacet
  facet normal -8.595113e-01 -2.460743e-01 -4.479818e-01
    outer loop
      vertex -2.505133e+01 -3.999819e+01 -1.820086e+01
      vertex -2.982061e+01 -3.800000e+01 -1.014798e+01
      vertex -2.539844e+01 -3.800000e+01 -1.863248e+01
    endloop
  endfacet
  facet normal -8.541241e-01 -2.847364e-01 -4.351980e-01
    outer loop
      vertex -2.944961e+01 -3.999819e+01 -9.568757e+00
      vertex -2.982061e+01 -3.800000e+01 -1.014798e+01
      vertex -2.505133e+01 -3.999819e+01 -1.820086e+01
    endloop
  endfacet
  facet normal -9.628235e-01 -2.229703e-01 -1.524963e-01
    outer loop
      vertex -3.096515e+01 -3.999819e+01 -1.558875e-09
      vertex -2.982061e+01 -3.800000e+01 -1.014798e+01
      vertex -2.944961e+01 -3.999819e+01 -9.568757e+00
    endloop
  endfacet
  facet normal -6.816161e-01 -2.656727e-01 -6.817752e-01
    outer loop
      vertex -2.505133e+01 -3.999819e+01 -1.820086e+01
      vertex -2.539844e+01 -3.800000e+01 -1.863248e+01
      vertex -1.862655e+01 -3.800000e+01 -2.540279e+01
    endloop
  endfacet
  facet normal -4.476253e-01 -2.465483e-01 -8.595612e-01
    outer loop
      vertex -1.820086e+01 -3.999819e+01 -2.505133e+01
      vertex -1.862655e+01 -3.800000e+01 -2.540279e+01
      vertex -1.013406e+01 -3.800000e+01 -2.982534e+01
    endloop
  endfacet
  facet normal -6.817939e-01 -2.651684e-01 -6.817939e-01
    outer loop
      vertex -2.505133e+01 -3.999819e+01 -1.820086e+01
      vertex -1.862655e+01 -3.800000e+01 -2.540279e+01
      vertex -1.820086e+01 -3.999819e+01 -2.505133e+01
    endloop
  endfacet
  facet normal -1.588339e-01 -2.256702e-01 -9.611684e-01
    outer loop
      vertex -9.568757e+00 -3.999819e+01 -2.944961e+01
      vertex -1.013406e+01 -3.800000e+01 -2.982534e+01
      vertex 3.857510e-15 -3.800000e+01 -3.150000e+01
    endloop
  endfacet
  facet normal -4.353227e-01 -2.838095e-01 -8.543689e-01
    outer loop
      vertex -1.820086e+01 -3.999819e+01 -2.505133e+01
      vertex -1.013406e+01 -3.800000e+01 -2.982534e+01
      vertex -9.568757e+00 -3.999819e+01 -2.944961e+01
    endloop
  endfacet
  facet normal 1.574282e-01 -2.553420e-01 -9.539480e-01
    outer loop
      vertex 1.559755e-09 -3.999819e+01 -3.096515e+01
      vertex 3.857510e-15 -3.800000e+01 -3.150000e+01
      vertex 1.012113e+01 -3.800000e+01 -2.982973e+01
    endloop
  endfacet
  facet normal -1.512385e-01 -2.555920e-01 -9.548820e-01
    outer loop
      vertex -9.568757e+00 -3.999819e+01 -2.944961e+01
      vertex 3.857510e-15 -3.800000e+01 -3.150000e+01
      vertex 1.559755e-09 -3.999819e+01 -3.096515e+01
    endloop
  endfacet
  facet normal 4.471834e-01 -2.473358e-01 -8.595650e-01
    outer loop
      vertex 1.820086e+01 -3.999819e+01 -2.505133e+01
      vertex 1.012113e+01 -3.800000e+01 -2.982973e+01
      vertex 1.861692e+01 -3.800000e+01 -2.540984e+01
    endloop
  endfacet
  facet normal 1.524161e-01 -2.251992e-01 -9.623173e-01
    outer loop
      vertex 9.568757e+00 -3.999819e+01 -2.944961e+01
      vertex 1.559755e-09 -3.999819e+01 -3.096515e+01
      vertex 1.012113e+01 -3.800000e+01 -2.982973e+01
    endloop
  endfacet
  facet normal 4.354387e-01 -2.829447e-01 -8.545966e-01
    outer loop
      vertex 9.568757e+00 -3.999819e+01 -2.944961e+01
      vertex 1.012113e+01 -3.800000e+01 -2.982973e+01
      vertex 1.820086e+01 -3.999819e+01 -2.505133e+01
    endloop
  endfacet
  facet normal 6.816312e-01 -2.643439e-01 -6.822765e-01
    outer loop
      vertex 1.820086e+01 -3.999819e+01 -2.505133e+01
      vertex 1.861692e+01 -3.800000e+01 -2.540984e+01
      vertex 2.539222e+01 -3.800000e+01 -1.864096e+01
    endloop
  endfacet
  facet normal 8.595233e-01 -2.453796e-01 -4.483397e-01
    outer loop
      vertex 2.505133e+01 -3.999819e+01 -1.820086e+01
      vertex 2.539222e+01 -3.800000e+01 -1.864096e+01
      vertex 2.981746e+01 -3.800000e+01 -1.015720e+01
    endloop
  endfacet
  facet normal 6.815567e-01 -2.663848e-01 -6.815567e-01
    outer loop
      vertex 1.820086e+01 -3.999819e+01 -2.505133e+01
      vertex 2.539222e+01 -3.800000e+01 -1.864096e+01
      vertex 2.505133e+01 -3.999819e+01 -1.820086e+01
    endloop
  endfacet
  facet normal 9.615024e-01 -2.239188e-01 -1.592907e-01
    outer loop
      vertex 2.944961e+01 -3.999819e+01 -9.568757e+00
      vertex 2.981746e+01 -3.800000e+01 -1.015720e+01
      vertex 3.150000e+01 -3.800000e+01 -1.172120e-03
    endloop
  endfacet
  facet normal 8.539618e-01 -2.853487e-01 -4.351153e-01
    outer loop
      vertex 2.505133e+01 -3.999819e+01 -1.820086e+01
      vertex 2.981746e+01 -3.800000e+01 -1.015720e+01
      vertex 2.944961e+01 -3.999819e+01 -9.568757e+00
    endloop
  endfacet
  facet normal 9.539070e-01 -2.552384e-01 1.578444e-01
    outer loop
      vertex 3.096515e+01 -3.999819e+01 1.558865e-09
      vertex 3.150000e+01 -3.800000e+01 -1.172120e-03
      vertex 2.982061e+01 -3.800000e+01 1.014798e+01
    endloop
  endfacet
  facet normal 9.548604e-01 -2.556749e-01 -1.512350e-01
    outer loop
      vertex 2.944961e+01 -3.999819e+01 -9.568757e+00
      vertex 3.150000e+01 -3.800000e+01 -1.172120e-03
      vertex 3.096515e+01 -3.999819e+01 1.558865e-09
    endloop
  endfacet
  facet normal 8.595113e-01 -2.460743e-01 4.479818e-01
    outer loop
      vertex 2.505133e+01 -3.999819e+01 1.820086e+01
      vertex 2.982061e+01 -3.800000e+01 1.014798e+01
      vertex 2.539844e+01 -3.800000e+01 1.863248e+01
    endloop
  endfacet
  facet normal 8.541241e-01 -2.847364e-01 4.351980e-01
    outer loop
      vertex 2.944961e+01 -3.999819e+01 9.568757e+00
      vertex 2.982061e+01 -3.800000e+01 1.014798e+01
      vertex 2.505133e+01 -3.999819e+01 1.820086e+01
    endloop
  endfacet
  facet normal 9.628235e-01 -2.229703e-01 1.524963e-01
    outer loop
      vertex 3.096515e+01 -3.999819e+01 1.558865e-09
      vertex 2.982061e+01 -3.800000e+01 1.014798e+01
      vertex 2.944961e+01 -3.999819e+01 9.568757e+00
    endloop
  endfacet
  facet normal 6.816161e-01 -2.656727e-01 6.817752e-01
    outer loop
      vertex 2.505133e+01 -3.999819e+01 1.820086e+01
      vertex 2.539844e+01 -3.800000e+01 1.863248e+01
      vertex 1.862655e+01 -3.800000e+01 2.540279e+01
    endloop
  endfacet
  facet normal 4.476253e-01 -2.465483e-01 8.595612e-01
    outer loop
      vertex 1.820086e+01 -3.999819e+01 2.505133e+01
      vertex 1.862655e+01 -3.800000e+01 2.540279e+01
      vertex 1.013406e+01 -3.800000e+01 2.982534e+01
    endloop
  endfacet
  facet normal 6.817939e-01 -2.651684e-01 6.817939e-01
    outer loop
      vertex 2.505133e+01 -3.999819e+01 1.820086e+01
      vertex 1.862655e+01 -3.800000e+01 2.540279e+01
      vertex 1.820086e+01 -3.999819e+01 2.505133e+01
    endloop
  endfacet
  facet normal 4.353227e-01 -2.838095e-01 8.543689e-01
    outer loop
      vertex 1.820086e+01 -3.999819e+01 2.505133e+01
      vertex 1.013406e+01 -3.800000e+01 2.982534e+01
      vertex 9.568757e+00 -3.999819e+01 2.944961e+01
    endloop
  endfacet
  facet normal 0.000000e+00 -1.000000e+00 0.000000e+00
    outer loop
      vertex 9.237604e+00 -1.600000e+01 -1.600000e+01
      vertex 9.237604e+00 -1.600000e+01 1.600000e+01
      vertex -9.237604e+00 -1.600000e+01 1.600000e+01
    endloop
  endfacet
  facet normal 0.000000e+00 -1.000000e+00 0.000000e+00
    outer loop
      vertex -9.237604e+00 -1.600000e+01 -1.600000e+01
      vertex 9.237604e+00 -1.600000e+01 -1.600000e+01
      vertex -9.237604e+00 -1.600000e+01 1.600000e+01
    endloop
  endfacet
  facet normal 0.000000e+00 -1.000000e+00 0.000000e+00
    outer loop
      vertex -1.847521e+01 -1.600000e+01 0.000000e+00
      vertex -9.237604e+00 -1.600000e+01 -1.600000e+01
      vertex -9.237604e+00 -1.600000e+01 1.600000e+01
    endloop
  endfacet
  facet normal 0.000000e+00 0.000000e+00 -1.000000e+00
    outer loop
      vertex -1.543104e-03 -4.057133e+01 1.600000e+01
      vertex -4.538284e+00 -4.093492e+01 1.600000e+01
      vertex -9.237604e+00 -1.600000e+01 1.600000e+01
    endloop
  endfacet
  facet normal 0.000000e+00 0.000000e+00 -1.000000e+00
    outer loop
      vertex 4.535843e+00 -4.093455e+01 1.600000e+01
      vertex -1.543104e-03 -4.057133e+01 1.600000e+01
      vertex -9.237604e+00 -1.600000e+01 1.600000e+01
    endloop
  endfacet
  facet normal 0.000000e+00 -1.000000e+00 0.000000e+00
    outer loop
      vertex 9.237604e+00 -1.600000e+01 -1.600000e+01
      vertex 1.847521e+01 -1.600000e+01 0.000000e+00
      vertex 9.237604e+00 -1.600000e+01 1.600000e+01
    endloop
  endfacet
  facet normal -8.660254e-01 3.093838e-17 -5.000000e-01
    outer loop
      vertex 1.385563e+01 -4.057133e+01 8.001336e+00
      vertex 1.158726e+01 -4.093492e+01 1.193027e+01
      vertex 9.237604e+00 -1.600000e+01 1.600000e+01
    endloop
  endfacet
  facet normal -8.660254e-01 9.856339e-17 -5.000000e-01
    outer loop
      vertex 1.612433e+01 -4.093455e+01 4.071845e+00
      vertex 1.385563e+01 -4.057133e+01 8.001336e+00
      vertex 9.237604e+00 -1.600000e+01 1.600000e+01
    endloop
  endfacet
  facet normal -8.660254e-01 -1.856303e-16 5.000000e-01
    outer loop
      vertex 1.385718e+01 -4.057133e+01 -7.998664e+00
      vertex 1.612555e+01 -4.093492e+01 -4.069731e+00
      vertex 1.847521e+01 -1.600000e+01 0.000000e+00
    endloop
  endfacet
  facet normal -8.660254e-01 6.570892e-17 5.000000e-01
    outer loop
      vertex 1.158848e+01 -4.093455e+01 -1.192816e+01
      vertex 1.385718e+01 -4.057133e+01 -7.998664e+00
      vertex 1.847521e+01 -1.600000e+01 0.000000e+00
    endloop
  endfacet
  facet normal 0.000000e+00 0.000000e+00 1.000000e+00
    outer loop
      vertex 1.543104e-03 -4.057133e+01 -1.600000e+01
      vertex 4.538284e+00 -4.093492e+01 -1.600000e+01
      vertex 9.237604e+00 -1.600000e+01 -1.600000e+01
    endloop
  endfacet
  facet normal 0.000000e+00 0.000000e+00 1.000000e+00
    outer loop
      vertex -4.535843e+00 -4.093455e+01 -1.600000e+01
      vertex 1.543104e-03 -4.057133e+01 -1.600000e+01
      vertex 9.237604e+00 -1.600000e+01 -1.600000e+01
    endloop
  endfacet
  facet normal 8.660254e-01 0.000000e+00 5.000000e-01
    outer loop
      vertex -1.385563e+01 -4.057133e+01 -8.001336e+00
      vertex -1.158726e+01 -4.093492e+01 -1.193027e+01
      vertex -9.237604e+00 -1.600000e+01 -1.600000e+01
    endloop
  endfacet
  facet normal 8.660254e-01 -3.285446e-17 5.000000e-01
    outer loop
      vertex -1.612433e+01 -4.093455e+01 -4.071845e+00
      vertex -1.385563e+01 -4.057133e+01 -8.001336e+00
      vertex -9.237604e+00 -1.600000e+01 -1.600000e+01
    endloop
  endfacet
  facet normal 8.660254e-01 1.546919e-16 -5.000000e-01
    outer loop
      vertex -1.385718e+01 -4.057133e+01 7.998664e+00
      vertex -1.612555e+01 -4.093492e+01 4.069731e+00
      vertex -1.847521e+01 -1.600000e+01 0.000000e+00
    endloop
  endfacet
  facet normal 8.660254e-01 6.570892e-17 -5.000000e-01
    outer loop
      vertex -1.158848e+01 -4.093455e+01 1.192816e+01
      vertex -1.385718e+01 -4.057133e+01 7.998664e+00
      vertex -1.847521e+01 -1.600000e+01 0.000000e+00
    endloop
  endfacet
  facet normal -1.113276e-01 -7.025274e-01 -7.028950e-01
    outer loop
      vertex 1.559755e-09 -3.999819e+01 -3.096515e+01
      vertex 1.404689e-09 -4.146410e+01 -2.950000e+01
      vertex -9.116001e+00 -4.146410e+01 -2.805617e+01
    endloop
  endfacet
  facet normal 1.113276e-01 -7.025274e-01 -7.028950e-01
    outer loop
      vertex 9.568757e+00 -3.999819e+01 -2.944961e+01
      vertex 1.404689e-09 -4.146410e+01 -2.950000e+01
      vertex 1.559755e-09 -3.999819e+01 -3.096515e+01
    endloop
  endfacet
  facet normal 1.113276e-01 -7.025274e-01 -7.028950e-01
    outer loop
      vertex 9.568757e+00 -3.999819e+01 -2.944961e+01
      vertex 9.116001e+00 -4.146410e+01 -2.805617e+01
      vertex 1.404689e-09 -4.146410e+01 -2.950000e+01
    endloop
  endfacet
  facet normal -3.230854e-01 -7.025274e-01 -6.340907e-01
    outer loop
      vertex -9.568757e+00 -3.999819e+01 -2.944961e+01
      vertex -9.116001e+00 -4.146410e+01 -2.805617e+01
      vertex -1.733966e+01 -4.146410e+01 -2.386600e+01
    endloop
  endfacet
  facet normal -1.113276e-01 -7.025274e-01 -7.028950e-01
    outer loop
      vertex -9.568757e+00 -3.999819e+01 -2.944961e+01
      vertex 1.559755e-09 -3.999819e+01 -3.096515e+01
      vertex -9.116001e+00 -4.146410e+01 -2.805617e+01
    endloop
  endfacet
  facet normal -5.032173e-01 -7.025274e-01 -5.032173e-01
    outer loop
      vertex -1.820086e+01 -3.999819e+01 -2.505133e+01
      vertex -1.733966e+01 -4.146410e+01 -2.386600e+01
      vertex -2.386600e+01 -4.146410e+01 -1.733966e+01
    endloop
  endfacet
  facet normal -3.230854e-01 -7.025274e-01 -6.340907e-01
    outer loop
      vertex -1.820086e+01 -3.999819e+01 -2.505133e+01
      vertex -9.568757e+00 -3.999819e+01 -2.944961e+01
      vertex -1.733966e+01 -4.146410e+01 -2.386600e+01
    endloop
  endfacet
  facet normal -6.340907e-01 -7.025274e-01 -3.230854e-01
    outer loop
      vertex -2.505133e+01 -3.999819e+01 -1.820086e+01
      vertex -2.386600e+01 -4.146410e+01 -1.733966e+01
      vertex -2.805617e+01 -4.146410e+01 -9.116001e+00
    endloop
  endfacet
  facet normal -5.032173e-01 -7.025274e-01 -5.032173e-01
    outer loop
      vertex -2.505133e+01 -3.999819e+01 -1.820086e+01
      vertex -1.820086e+01 -3.999819e+01 -2.505133e+01
      vertex -2.386600e+01 -4.146410e+01 -1.733966e+01
    endloop
  endfacet
  facet normal -7.028950e-01 -7.025274e-01 -1.113276e-01
    outer loop
      vertex -2.944961e+01 -3.999819e+01 -9.568757e+00
      vertex -2.805617e+01 -4.146410e+01 -9.116001e+00
      vertex -2.950000e+01 -4.146410e+01 -1.404684e-09
    endloop
  endfacet
  facet normal -6.340907e-01 -7.025274e-01 -3.230854e-01
    outer loop
      vertex -2.944961e+01 -3.999819e+01 -9.568757e+00
      vertex -2.505133e+01 -3.999819e+01 -1.820086e+01
      vertex -2.805617e+01 -4.146410e+01 -9.116001e+00
    endloop
  endfacet
  facet normal -7.028950e-01 -7.025274e-01 1.113276e-01
    outer loop
      vertex -3.096515e+01 -3.999819e+01 -1.558875e-09
      vertex -2.950000e+01 -4.146410e+01 -1.404684e-09
      vertex -2.805617e+01 -4.146410e+01 9.116001e+00
    endloop
  endfacet
  facet normal -7.028950e-01 -7.025274e-01 -1.113276e-01
    outer loop
      vertex -3.096515e+01 -3.999819e+01 -1.558875e-09
      vertex -2.944961e+01 -3.999819e+01 -9.568757e+00
      vertex -2.950000e+01 -4.146410e+01 -1.404684e-09
    endloop
  endfacet
  facet normal -6.340907e-01 -7.025274e-01 3.230854e-01
    outer loop
      vertex -2.944961e+01 -3.999819e+01 9.568757e+00
      vertex -2.805617e+01 -4.146410e+01 9.116001e+00
      vertex -2.386600e+01 -4.146410e+01 1.733966e+01
    endloop
  endfacet
  facet normal -7.028950e-01 -7.025274e-01 1.113276e-01
    outer loop
      vertex -2.944961e+01 -3.999819e+01 9.568757e+00
      vertex -3.096515e+01 -3.999819e+01 -1.558875e-09
      vertex -2.805617e+01 -4.146410e+01 9.116001e+00
    endloop
  endfacet
  facet normal -5.032173e-01 -7.025274e-01 5.032173e-01
    outer loop
      vertex -2.505133e+01 -3.999819e+01 1.820086e+01
      vertex -2.386600e+01 -4.146410e+01 1.733966e+01
      vertex -1.733966e+01 -4.146410e+01 2.386600e+01
    endloop
  endfacet
  facet normal -6.340907e-01 -7.025274e-01 3.230854e-01
    outer loop
      vertex -2.505133e+01 -3.999819e+01 1.820086e+01
      vertex -2.944961e+01 -3.999819e+01 9.568757e+00
      vertex -2.386600e+01 -4.146410e+01 1.733966e+01
    endloop
  endfacet
  facet normal -3.230854e-01 -7.025274e-01 6.340907e-01
    outer loop
      vertex -1.820086e+01 -3.999819e+01 2.505133e+01
      vertex -1.733966e+01 -4.146410e+01 2.386600e+01
      vertex -9.116001e+00 -4.146410e+01 2.805617e+01
    endloop
  endfacet
  facet normal -5.032173e-01 -7.025274e-01 5.032173e-01
    outer loop
      vertex -1.820086e+01 -3.999819e+01 2.505133e+01
      vertex -2.505133e+01 -3.999819e+01 1.820086e+01
      vertex -1.733966e+01 -4.146410e+01 2.386600e+01
    endloop
  endfacet
  facet normal -1.113276e-01 -7.025274e-01 7.028950e-01
    outer loop
      vertex -9.568757e+00 -3.999819e+01 2.944961e+01
      vertex -9.116001e+00 -4.146410e+01 2.805617e+01
      vertex -1.404678e-09 -4.146410e+01 2.950000e+01
    endloop
  endfacet
  facet normal -3.230854e-01 -7.025274e-01 6.340907e-01
    outer loop
      vertex -9.568757e+00 -3.999819e+01 2.944961e+01
      vertex -1.820086e+01 -3.999819e+01 2.505133e+01
      vertex -9.116001e+00 -4.146410e+01 2.805617e+01
    endloop
  endfacet
  facet normal -1.113276e-01 -7.025274e-01 7.028950e-01
    outer loop
      vertex -1.559742e-09 -3.999819e+01 3.096515e+01
      vertex -9.568757e+00 -3.999819e+01 2.944961e+01
      vertex -1.404678e-09 -4.146410e+01 2.950000e+01
    endloop
  endfacet
  facet normal 1.113276e-01 -7.025274e-01 7.028950e-01
    outer loop
      vertex 9.116001e+00 -4.146410e+01 2.805617e+01
      vertex -1.559742e-09 -3.999819e+01 3.096515e+01
      vertex -1.404678e-09 -4.146410e+01 2.950000e+01
    endloop
  endfacet
  facet normal 1.113276e-01 -7.025274e-01 7.028950e-01
    outer loop
      vertex 9.568757e+00 -3.999819e+01 2.944961e+01
      vertex -1.559742e-09 -3.999819e+01 3.096515e+01
      vertex 9.116001e+00 -4.146410e+01 2.805617e+01
    endloop
  endfacet
  facet normal 3.230854e-01 -7.025274e-01 6.340907e-01
    outer loop
      vertex 9.568757e+00 -3.999819e+01 2.944961e+01
      vertex 9.116001e+00 -4.146410e+01 2.805617e+01
      vertex 1.733966e+01 -4.146410e+01 2.386600e+01
    endloop
  endfacet
  facet normal 5.032173e-01 -7.025274e-01 5.032173e-01
    outer loop
      vertex 1.820086e+01 -3.999819e+01 2.505133e+01
      vertex 1.733966e+01 -4.146410e+01 2.386600e+01
      vertex 2.386600e+01 -4.146410e+01 1.733966e+01
    endloop
  endfacet
  facet normal 3.230854e-01 -7.025274e-01 6.340907e-01
    outer loop
      vertex 1.820086e+01 -3.999819e+01 2.505133e+01
      vertex 9.568757e+00 -3.999819e+01 2.944961e+01
      vertex 1.733966e+01 -4.146410e+01 2.386600e+01
    endloop
  endfacet
  facet normal 6.340907e-01 -7.025274e-01 3.230854e-01
    outer loop
      vertex 2.505133e+01 -3.999819e+01 1.820086e+01
      vertex 2.386600e+01 -4.146410e+01 1.733966e+01
      vertex 2.805617e+01 -4.146410e+01 9.116001e+00
    endloop
  endfacet
  facet normal 5.032173e-01 -7.025274e-01 5.032173e-01
    outer loop
      vertex 2.505133e+01 -3.999819e+01 1.820086e+01
      vertex 1.820086e+01 -3.999819e+01 2.505133e+01
      vertex 2.386600e+01 -4.146410e+01 1.733966e+01
    endloop
  endfacet
  facet normal 7.028950e-01 -7.025274e-01 1.113276e-01
    outer loop
      vertex 2.944961e+01 -3.999819e+01 9.568757e+00
      vertex 2.805617e+01 -4.146410e+01 9.116001e+00
      vertex 2.950000e+01 -4.146410e+01 1.404681e-09
    endloop
  endfacet
  facet normal 6.340907e-01 -7.025274e-01 3.230854e-01
    outer loop
      vertex 2.944961e+01 -3.999819e+01 9.568757e+00
      vertex 2.505133e+01 -3.999819e+01 1.820086e+01
      vertex 2.805617e+01 -4.146410e+01 9.116001e+00
    endloop
  endfacet
  facet normal 7.028950e-01 -7.025274e-01 -1.113276e-01
    outer loop
      vertex 3.096515e+01 -3.999819e+01 1.558865e-09
      vertex 2.950000e+01 -4.146410e+01 1.404681e-09
      vertex 2.805617e+01 -4.146410e+01 -9.116001e+00
    endloop
  endfacet
  facet normal 7.028950e-01 -7.025274e-01 1.113276e-01
    outer loop
      vertex 3.096515e+01 -3.999819e+01 1.558865e-09
      vertex 2.944961e+01 -3.999819e+01 9.568757e+00
      vertex 2.950000e+01 -4.146410e+01 1.404681e-09
    endloop
  endfacet
  facet normal 6.340907e-01 -7.025274e-01 -3.230854e-01
    outer loop
      vertex 2.944961e+01 -3.999819e+01 -9.568757e+00
      vertex 2.805617e+01 -4.146410e+01 -9.116001e+00
      vertex 2.386600e+01 -4.146410e+01 -1.733966e+01
    endloop
  endfacet
  facet normal 7.028950e-01 -7.025274e-01 -1.113276e-01
    outer loop
      vertex 2.944961e+01 -3.999819e+01 -9.568757e+00
      vertex 3.096515e+01 -3.999819e+01 1.558865e-09
      vertex 2.805617e+01 -4.146410e+01 -9.116001e+00
    endloop
  endfacet
  facet normal 5.032173e-01 -7.025274e-01 -5.032173e-01
    outer loop
      vertex 2.505133e+01 -3.999819e+01 -1.820086e+01
      vertex 2.386600e+01 -4.146410e+01 -1.733966e+01
      vertex 1.733966e+01 -4.146410e+01 -2.386600e+01
    endloop
  endfacet
  facet normal 6.340907e-01 -7.025274e-01 -3.230854e-01
    outer loop
      vertex 2.505133e+01 -3.999819e+01 -1.820086e+01
      vertex 2.944961e+01 -3.999819e+01 -9.568757e+00
      vertex 2.386600e+01 -4.146410e+01 -1.733966e+01
    endloop
  endfacet
  facet normal 3.230854e-01 -7.025274e-01 -6.340907e-01
    outer loop
      vertex 1.820086e+01 -3.999819e+01 -2.505133e+01
      vertex 1.733966e+01 -4.146410e+01 -2.386600e+01
      vertex 9.116001e+00 -4.146410e+01 -2.805617e+01
    endloop
  endfacet
  facet normal 5.032173e-01 -7.025274e-01 -5.032173e-01
    outer loop
      vertex 1.820086e+01 -3.999819e+01 -2.505133e+01
      vertex 2.505133e+01 -3.999819e+01 -1.820086e+01
      vertex 1.733966e+01 -4.146410e+01 -2.386600e+01
    endloop
  endfacet
  facet normal 3.230854e-01 -7.025274e-01 -6.340907e-01
    outer loop
      vertex 9.568757e+00 -3.999819e+01 -2.944961e+01
      vertex 1.820086e+01 -3.999819e+01 -2.505133e+01
      vertex 9.116001e+00 -4.146410e+01 -2.805617e+01
    endloop
  endfacet
endsolid SCREW-M42X3X90-CSN_02_1143
