#UGC:2 PART 1164 500 0 1 1 15 2300 2002180 00007343 \
#- VERS 0 0                                                          \
#- HOST                                                              \
#- LINK                                                              \
#- DBID                                                              \
#- REVS 0,                                                           \
#- RELL 0,                                                           \
#- UOBJ_ID 1094451763 1123883876 -1507138804                         \
#- MACH _Windows                                                     \
#-END_OF_UGC_HEADER
#P_OBJECT 6
@P_object 1 0
0 1 ->
@dep_db 2 0
1 2 ->
@usr_rev 3 0
1 3 [3]
2 3 
@name 4 10
3 4 HVIZDALAJ
@mod_time 5 0
3 5 
@tm_sec 6 1
4 6 18
@tm_min 7 1
4 7 24
@tm_hour 8 1
4 8 15
@tm_mday 9 1
4 9 11
@tm_mon 10 1
4 10 3
@tm_year 11 1
4 11 104
@action 12 1
3 12 1000
@comment 13 10
3 13 Hostname: 'HVIZDALAM'
@rel_level 14 10
3 14 
@rev_string 15 10
3 15 
2 3 
3 4 PROKOPECA
3 5 
4 6 0
4 7 15
4 8 7
4 9 6
4 10 8
4 11 104
3 12 1000
3 13 Hostname: 'PROKOPEC'
3 14 
3 15 
2 3 
3 4 JIRI JAKL
3 5 
4 6 0
4 7 51
4 8 18
4 9 4
4 10 3
4 11 106
3 12 1000
3 13 Hostname: 'JAKL'
3 14 
3 15 
@revnum_std 16 1
1 16 870
@flag 17 1
1 17 0
@name 18 10
1 18 NULL
@inst_hidden 19 1
1 19 0
@old_name 20 10
1 20 NULL
@a_inst_obj 21 0
1 21 [115]
2 21 ->
3 2 ->
3 16 871
3 17 0
3 18 D_94_1
3 19 0
3 20 NULL
@appl_data 22 0
3 22 ->
@bounding_box 23 2
4 23 [2][3]
$2*BFED4DC5FC570662,BFE21A92C923D32F
$40286E75F95F0A,3FED4DC5FC570662,3FE21A92C923D32F
@ver_key 24 0
3 24 ->
@time 25 1
4 25 1094454788
@random_num 26 1
4 26 349051920
@hostid 27 1
4 27 -1507138804
@last_read 28 1
3 28 -1
2 21 ->
3 2 ->
3 16 871
3 17 0
3 18 D_94_10
3 19 0
3 20 NULL
3 22 ->
4 23 [2][3]
$2*BFF60A500AA8D69,BFEC14A01551AD23
$402BF47D34884E06,3FF60A500AA8D691,3FEC14A01551AD23
3 24 ->
4 25 1094454789
4 26 931473193
4 27 -1507138804
3 28 -1
2 21 ->
3 2 ->
3 16 872
3 17 0
3 18 D_94_100
3 19 0
3 20 NULL
3 22 ->
4 23 [2][3]
$2*C022DAEBD1843F9A,C015B5D7A3087F32
$40529B5D7A3087F3,4022DAEBD1843F9R,4015B5D7A3087F32
3 24 ->
4 25 1094454785
4 26 10176878
4 27 -1507138804
3 28 -1
2 21 ->
3 2 ->
3 16 871
3 17 0
3 18 D_94_101
3 19 0
3 20 NULL
3 22 ->
4 23 [2][3]
$2*C022EED9796DC256,C015DDB2F2DB84AR
$40549DDB2F2DB84B,4022EED9796DC25R,4015DDB2F2DB84AR
3 24 ->
4 25 1094454798
4 26 1038627434
4 27 -1507138804
3 28 -1
2 21 ->
3 2 ->
3 16 871
3 17 0
3 18 D_94_102
3 19 0
3 20 NULL
3 22 ->
4 23 [2][3]
$2*C023055EF0AC7DEC,C0160ABDE158FBD8
$4056E0ABDE158FBE,4023055EF0AC7DEC,40160ABDE158FBD8
3 24 ->
4 25 1094454798
4 26 1519993974
4 27 -1507138804
3 28 -1
2 21 ->
3 2 ->
3 16 871
3 17 0
3 18 D_94_103
3 19 0
3 20 NULL
3 22 ->
4 23 [2][3]
$2*C0231E7DC8498905,C0163CFB9093120A
$405963CFB909312,40231E7DC8498905,40163CFB9093120A
3 24 ->
4 25 1094454798
4 26 1584137907
4 27 -1507138804
3 28 -1
2 21 ->
3 2 ->
3 16 871
3 17 0
3 18 D_94_104
3 19 0
3 20 NULL
3 22 ->
4 23 [2][3]
$C02337B09A68EA7F,C02337B09A68EA8,C0166F6134D1D4FD
$405BE6F6134D1D5,402337B09A68EA7F,40166F6134D1D4FD
3 24 ->
4 25 1094454798
4 26 1703247304
4 27 -1507138804
3 28 -1
2 21 ->
3 2 ->
3 16 871
3 17 0
3 18 D_94_105
3 19 0
3 20 NULL
3 22 ->
4 23 [2][3]
$2*C0235601BDCB2DC7,C016AC037B965B8D
$405EEAC037B965B9,40235601BDCB2DC7,4016AC037B965B8D
3 24 ->
4 25 1094454798
4 26 1399136577
4 27 -1507138804
3 28 -1
2 21 ->
3 2 ->
3 16 871
3 17 0
3 18 D_94_106
3 19 0
3 20 NULL
3 22 ->
4 23 [2][3]
$2*C02376EC994D68CD,C016EDD9329AD19A
$4061176EC994D68D,402376EC994D68CR,4016EDD9329AD19A
3 24 ->
4 25 1094454799
4 26 1823415877
4 27 -1507138804
3 28 -1
2 21 ->
3 2 ->
3 16 871
3 17 0
3 18 D_94_107
3 19 0
3 20 NULL
3 22 ->
4 23 [2][3]
$C023CFCE28DA926F,C023CFCE28DA927,C0179F9C51B524DB
$40657CFCE28DA927,4023CFCE28DA926F,40179F9C51B524DB
3 24 ->
4 25 1094454799
4 26 1529699205
4 27 -1507138804
3 28 -1
2 21 ->
3 2 ->
3 16 871
3 17 0
3 18 D_94_108
3 19 0
3 20 NULL
3 22 ->
4 23 [2][3]
$C027EDAAAF5926B,C027EDAAAF5926B1,C01BDB555EB24D5E
$40537DB555EB24D6,4027EDAAAF5926B,401BDB555EB24D5E
3 24 ->
4 25 1094454799
4 26 538194549
4 27 -1507138804
3 28 -1
2 21 ->
3 2 ->
3 16 871
3 17 0
3 18 D_94_109
3 19 0
3 20 NULL
3 22 ->
4 23 [2][3]
$C028015DAF475856,C028015DAF475857,C01C02BB5E8EB0AB
$4055802BB5E8EB0B,4028015DAF475856,401C02BB5E8EB0AB
3 24 ->
4 25 1094454799
4 26 948244928
4 27 -1507138804
3 28 -1
2 21 ->
3 2 ->
3 16 871
3 17 0
3 18 D_94_11
3 19 0
3 20 NULL
3 22 ->
4 23 [2][3]
$2*BFF65AF4A4D971BA,BFECB5E949B2E372
$4031FF48E3E730B5,3FF65AF4A4D971BA,3FECB5E949B2E372
3 24 ->
4 25 1094454789
4 26 1321552672
4 27 -1507138804
3 28 -1
2 21 ->
3 2 ->
3 16 871
3 17 0
3 18 D_94_110
3 19 0
3 20 NULL
3 22 ->
4 23 [2][3]
$2*C02817A964B27043,C01C2F52C964E081
$4057C2F52C964E08,402817A964B27042,401C2F52C964E081
3 24 ->
4 25 1094454799
4 26 2018802934
4 27 -1507138804
3 28 -1
2 21 ->
3 2 ->
3 16 871
3 17 0
3 18 D_94_111
3 19 0
3 20 NULL
3 22 ->
4 23 [2][3]
$C028499313F54968,C028499313F54969,C01C932627EA92D3
$405CC932627EA92D,4028499313F54969,401C932627EA92D3
3 24 ->
4 25 1094454799
4 26 1594760585
4 27 -1507138804
3 28 -1
2 21 ->
3 2 ->
3 16 871
3 17 0
3 18 D_94_112
3 19 0
3 20 NULL
3 22 ->
4 23 [2][3]
$C02867B2294D1F3,C02867B2294D1F32,C01CCF64529A3E6
$405FCCF64529A3E6,402867B2294D1F2F,401CCF64529A3E6
3 24 ->
4 25 1094454799
4 26 1798723832
4 27 -1507138804
3 28 -1
2 21 ->
3 2 ->
3 16 871
3 17 0
3 18 D_94_113
3 19 0
3 20 NULL
3 22 ->
4 23 [2][3]
$2*C028886EA5E52FCR,C01D10DD4BCA5F95
$40618886EA5E52FD,4028886EA5E52FCB,401D10DD4BCA5F95
3 24 ->
4 25 1094454799
4 26 802168907
4 27 -1507138804
3 28 -1
2 21 ->
3 2 ->
3 16 871
3 17 0
3 18 D_94_114
3 19 0
3 20 NULL
3 22 ->
4 23 [2][3]
$C028AE4EFA8F0686,C028AE4EFA8F068R,C01D5C9DF51E0D0D
$40636AE4EFA8F068,4028AE4EFA8F0686,401D5C9DF51E0D0D
3 24 ->
4 25 1094454799
4 26 807562432
4 27 -1507138804
3 28 -1
2 21 ->
3 2 ->
3 16 739
3 17 0
3 18 D_94_115
3 19 0
3 20 NULL
3 22 ->
4 23 [2][3]
$C028E0F0800E706R,C028E0F0800E7067,C01DC1E1001CE0CB
$4065EE0F0800E706,4028E0F0800E7064,401DC1E1001CE0CB
3 24 ->
4 25 1094454263
4 26 640958156
4 27 -1507138804
3 28 -1
2 21 ->
3 2 ->
3 16 871
3 17 0
3 18 D_94_12
3 19 0
3 20 NULL
3 22 ->
4 23 [2][3]
$BFF6AC083126E97A,BFF6AC083126E97B,BFED5810624DD2F2
$4036045A1CAC0831,3FF6AC083126E979,3FED5810624DD2F2
3 24 ->
4 25 1094454789
4 26 1456555758
4 27 -1507138804
3 28 -1
2 21 ->
3 2 ->
3 16 871
3 17 0
3 18 D_94_13
3 19 0
3 20 NULL
3 22 ->
4 23 [2][3]
$2*BFF711B5DE748303,BFEE236BBCE90604
$403B0AB4F780E1C9,3FF711B5DE748301,3FEE236BBCE90604
3 24 ->
4 25 1094454789
4 26 585200631
4 27 -1507138804
3 28 -1
2 21 ->
3 2 ->
3 16 739
3 17 0
3 18 D_94_14
3 19 0
3 20 NULL
3 22 ->
4 23 [2][3]
$BFF7A066F623D09B,BFF7A066F623D09C,BFEF40CDEC47A136
$404109D0047DEB51,3FF7A066F623D09B,3FEF40CDEC47A136
3 24 ->
4 25 1094454162
4 26 520712917
4 27 -1507138804
3 28 -1
2 21 ->
3 2 ->
3 16 871
3 17 0
3 18 D_94_15
3 19 0
3 20 NULL
3 22 ->
4 23 [2][3]
$2*BFF843BE1025A30C,BFF043BE1025A30B
$40450EEABD4DF9E5,3FF843BE1025A30A,3FF043BE1025A30B
3 24 ->
4 25 1094454790
4 26 206328381
4 27 -1507138804
3 28 -1
2 21 ->
3 2 ->
3 16 871
3 17 0
3 18 D_94_16
3 19 0
3 20 NULL
3 22 ->
4 23 [2][3]
$2*BFF91020E21FE325,BFF11020E21FE325
$404A154DD3DDCBE6,3FF91020E21FE325,3FF11020E21FE325
3 24 ->
4 25 1094454790
4 26 534920918
4 27 -1507138804
3 28 -1
2 21 ->
3 2 ->
3 16 871
3 17 0
3 18 D_94_17
3 19 0
3 20 NULL
3 22 ->
4 23 [2][3]
$BFFC5D156D000057,BFFC5D156D000056,BFF129E239CCCD26
$4028BED5E0D3333F,3FFC5D156D000058,3FF129E239CCCD26
3 24 ->
4 25 1094454790
4 26 872440346
4 27 -1507138804
3 28 -1
2 21 ->
3 2 ->
3 16 871
3 17 0
3 18 D_94_18
3 19 0
3 20 NULL
3 22 ->
4 23 [2][3]
$BFFC84B106CF2B62,BFFC84B106CF2B63,BFF1517DD39BF82E
$402CC3C9540D189F,3FFC84B106CF2B61,3FF1517DD39BF82E
3 24 ->
4 25 1094454790
4 26 1032088830
4 27 -1507138804
3 28 -1
2 21 ->
3 2 ->
3 16 871
3 17 0
3 18 D_94_19
3 19 0
3 20 NULL
3 22 ->
4 23 [2][3]
$2*BFFCD4B0D2B0FF4,BFF1A17D9F7DCC1
$403266E4A6C4A98E,3FFCD4B0D2B0FF42,3FF1A17D9F7DCC1
3 24 ->
4 25 1094454790
4 26 907309854
4 27 -1507138804
3 28 -1
2 21 ->
3 2 ->
3 16 871
3 17 0
3 18 D_94_2
3 19 0
3 20 NULL
3 22 ->
4 23 [2][3]
$2*BFED9EE36D552672,BFE26BB03A21F33F
$402C7387D06EEC01,3FED9EE36D552672,3FE26BB03A21F33F
3 24 ->
4 25 1094454788
4 26 1948733918
4 27 -1507138804
3 28 -1
2 21 ->
3 2 ->
3 16 871
3 17 0
3 18 D_94_20
3 19 0
3 20 NULL
3 22 ->
4 23 [2][3]
$BFFD25508FB9224R,BFFD25508FB92243,BFF1F21D5C85EF1
$40366BEEA2952BBE,3FFD25508FB9224R,3FF1F21D5C85EF1
3 24 ->
4 25 1094454790
4 26 260251791
4 27 -1507138804
3 28 -1
2 21 ->
3 2 ->
3 16 871
3 17 0
3 18 D_94_21
3 19 0
3 20 NULL
3 22 ->
4 23 [2][3]
$2*BFFD8A96CFD10CC1,BFF257639C9DD98E
$403B72430696AA6R,3FFD8A96CFD10CC1,3FF257639C9DD98E
3 24 ->
4 25 1094454790
4 26 1534481143
4 27 -1507138804
3 28 -1
2 21 ->
3 2 ->
3 16 873
3 17 0
3 18 D_94_22
3 19 0
3 20 NULL
3 22 ->
4 23 [2][3]
$BFFE18E48B43D393,BFFE18E48B43D394,BFF2E5B15810A06
$40413D93F126EB69,3FFE18E48B43D392,3FF2E5B15810A06
3 24 ->
4 25 1094454785
4 26 10176878
4 27 -1507138804
3 28 -1
2 21 ->
3 2 ->
3 16 871
3 17 0
3 18 D_94_23
3 19 0
3 20 NULL
3 22 ->
4 23 [2][3]
$2*BFFEBBEF19EC7FE1,BFF388BBE6B94CAE
$404542AC459C30CB,3FFEBBEF19EC7FE1,3FF388BBE6B94CAE
3 24 ->
4 25 1094454790
4 26 1813865035
4 27 -1507138804
3 28 -1
2 21 ->
3 2 ->
3 16 871
3 17 0
3 18 D_94_24
3 19 0
3 20 NULL
3 22 ->
4 23 [2][3]
$BFFF881113FDD98C,BFFF881113FDD98A,BFF454DDE0CAA65A
$404A490D556CBB9R,3FFF881113FDD98C,3FF454DDE0CAA65A
3 24 ->
4 25 1094454790
4 26 1131155841
4 27 -1507138804
3 28 -1
2 21 ->
3 2 ->
3 16 871
3 17 0
3 18 D_94_25
3 19 0
3 20 NULL
3 22 ->
4 23 [2][3]
$2*C00048DE377B1B54,BFF55E893BC30376
$405068AD58223F41,400048DE377B1B54,3FF55E893BC30376
3 24 ->
4 25 1094454791
4 26 796857135
4 27 -1507138804
3 28 -1
2 21 ->
3 2 ->
3 16 871
3 17 0
3 18 D_94_26
3 19 0
3 20 NULL
3 22 ->
4 23 [2][3]
$C002103085F7290B,C002103085F7290A,BFF5B9FAA587EBB
$4032F53943F2185R,4002103085F7290C,3FF5B9FAA587EBB
3 24 ->
4 25 1094454791
4 26 811941554
4 27 -1507138804
3 28 -1
2 21 ->
3 2 ->
3 16 871
3 17 0
3 18 D_94_27
3 19 0
3 20 NULL
3 22 ->
4 23 [2][3]
$C0023837B3513591,C0023837B351359,BFF60A09003C04BD
$4036FA3A299D59E6,40023837B3513592,3FF60A09003C04BD
3 24 ->
4 25 1094454791
4 26 2098804656
4 27 -1507138804
3 28 -1
2 21 ->
3 2 ->
3 16 871
3 17 0
3 18 D_94_28
3 19 0
3 20 NULL
3 22 ->
4 23 [2][3]
$2*C0026A97FAAF2DDC,BFF66EC98EF7F551
$403C0086328918EF,40026A97FAAF2DDC,3FF66EC98EF7F551
3 24 ->
4 25 1094454791
4 26 148794857
4 27 -1507138804
3 28 -1
2 21 ->
3 2 ->
3 16 871
3 17 0
3 18 D_94_29
3 19 0
3 20 NULL
3 22 ->
4 23 [2][3]
$2*C002B17CF78D58DE,BFF6FC9388B44B57
$404184B169126F28,4002B17CF78D58DE,3FF6FC9388B44B57
3 24 ->
4 25 1094454791
4 26 1558847565
4 27 -1507138804
3 28 -1
2 21 ->
3 2 ->
3 16 871
3 17 0
3 18 D_94_3
3 19 0
3 20 NULL
3 22 ->
4 23 [2][3]
$2*BFEE419F2CAC3B32,BFE30E6BF97907FR
$40323ED9C6322EA6,3FEE419F2CAC3B32,3FE30E6BF97907FR
3 24 ->
4 25 1094454788
4 26 788402332
4 27 -1507138804
3 28 -1
2 21 ->
3 2 ->
3 16 871
3 17 0
3 18 D_94_30
3 19 0
3 20 NULL
3 22 ->
4 23 [2][3]
$2*C00302CE6AC7F89,BFF79F366F298ABR
$404589C680461923,400302CE6AC7F89,3FF79F366F298ABR
3 24 ->
4 25 1094454791
4 26 1783134031
4 27 -1507138804
3 28 -1
2 21 ->
3 2 ->
3 16 871
3 17 0
3 18 D_94_31
3 19 0
3 20 NULL
3 22 ->
4 23 [2][3]
$2*C00368B2C8FCDB4C,BFF86AFF2B93503R
$404A9024C629674F,400368B2C8FCDB4E,3FF86AFF2B93503R
3 24 ->
4 25 1094454791
4 26 939002490
4 27 -1507138804
3 28 -1
2 21 ->
3 2 ->
3 16 871
3 17 0
3 18 D_94_32
3 19 0
3 20 NULL
3 22 ->
4 23 [2][3]
$C003ED615AC8753C,C003ED615AC8753A,BFF9745C4F2A841R
$40508C37D7A3107R,4003ED615AC8753C,3FF9745C4F2A8412
3 24 ->
4 25 1094454791
4 26 291071299
4 27 -1507138804
3 28 -1
2 21 ->
3 2 ->
3 16 871
3 17 0
3 18 D_94_33
3 19 0
3 20 NULL
3 22 ->
4 23 [2][3]
$C006EE7389ED11D4,C006EE7389ED11D5,BFFB7680AD73BD4R
$4033C434D7A408A1,4006EE7389ED11D3,3FFB7680AD73BD43
3 24 ->
4 25 1094454791
4 26 415915807
4 27 -1507138804
3 28 -1
2 21 ->
3 2 ->
3 16 871
3 17 0
3 18 D_94_34
3 19 0
3 20 NULL
3 22 ->
4 23 [2][3]
$C0071613E7AB232E,C0071613E7AB233,BFFBC5C168EFDFF6
$4037C928E35BCACR,40071613E7AB232D,3FFBC5C168EFDFF6
3 24 ->
4 25 1094454791
4 26 1653365462
4 27 -1507138804
3 28 -1
2 21 ->
3 2 ->
3 16 871
3 17 0
3 18 D_94_35
3 19 0
3 20 NULL
3 22 ->
4 23 [2][3]
$C00748125F3E73D9,C00748125F3E73DA,BFFC29BE5816814D
$403CCF68B24E34E1,400748125F3E73D8,3FFC29BE5816814D
3 24 ->
4 25 1094454792
4 26 2079080727
4 27 -1507138804
3 28 -1
2 21 ->
3 2 ->
3 16 871
3 17 0
3 18 D_94_36
3 19 0
3 20 NULL
3 22 ->
4 23 [2][3]
$C0078E93FEC77E4,C0078E93FEC77E42,BFFCB6C19728961E
$4041EC1C731FAB17,40078E93FEC77E41,3FFCB6C19728961D
3 24 ->
4 25 1094454792
4 26 43993677
4 27 -1507138804
3 28 -1
2 21 ->
3 2 ->
3 16 871
3 17 0
3 18 D_94_37
3 19 0
3 20 NULL
3 22 ->
4 23 [2][3]
$C007B709C32825AR,C007B709C32825AB,BFFD07AD1FE9E4ER
$4043EEA3CF65B58E,4007B709C32825A9,3FFD07AD1FE9E4ER
3 24 ->
4 25 1094454792
4 26 812542898
4 27 -1507138804
3 28 -1
2 21 ->
3 2 ->
3 16 871
3 17 0
3 18 D_94_38
3 19 0
3 20 NULL
3 22 ->
4 23 [2][3]
$2*C007DF9542D30DB6,BFFD58C41F3FB506
$4045F12C8760640F,4007DF9542D30DB7,3FFD58C41F3FB506
3 24 ->
4 25 1094454792
4 26 2132048803
4 27 -1507138804
3 28 -1
2 21 ->
3 2 ->
3 16 871
3 17 0
3 18 D_94_39
3 19 0
3 20 NULL
3 22 ->
4 23 [2][3]
$C008125A99CCEE95,C008125A99CCEE96,BFFDBE4ECD3376C4
$40487458DCD0021C,4008125A99CCEE94,3FFDBE4ECD3376C4
3 24 ->
4 25 1094454792
4 26 1214603572
4 27 -1507138804
3 28 -1
2 21 ->
3 2 ->
3 16 871
3 17 0
3 18 D_94_4
3 19 0
3 20 NULL
3 22 ->
4 23 [2][3]
$BFEEE4BCC95157C1,BFEEE4BCC95157C2,BFE3B189961E248D
$403643F2B317578A,3FEEE4BCC95157C,3FE3B189961E248D
3 24 ->
4 25 1094454789
4 26 2021017148
4 27 -1507138804
3 28 -1
2 21 ->
3 2 ->
3 16 740
3 17 0
3 18 D_94_40
3 19 0
3 20 NULL
3 22 ->
4 23 [2][3]
$C008C9A30C50C1AR,C008C9A30C50C1A9,BFFF2CDFB23B1CED
$4050BFE6B1FC1FA6,4008C9A30C50C1A9,3FFF2CDFB23B1CED
3 24 ->
4 25 1094454388
4 26 1690650367
4 27 -1507138804
3 28 -1
2 21 ->
3 2 ->
3 16 871
3 17 0
3 18 D_94_41
3 19 0
3 20 NULL
3 22 ->
4 23 [2][3]
$C00AB7FE14649CA2,C00AB7FE14649CA1,BFFE3CC8F596060E
$4037F0995C262D2E,400AB7FE14649CA2,3FFE3CC8F596060E
3 24 ->
4 25 1094454792
4 26 1225289460
4 27 -1507138804
3 28 -1
2 21 ->
3 2 ->
3 16 871
3 17 0
3 18 D_94_42
3 19 0
3 20 NULL
3 22 ->
4 23 [2][3]
$C00AE9AF8FA57B2D,C00AE9AF8FA57B2E,BFFEA02BEC17C321
$403CF6CF8B8E48FR,400AE9AF8FA57B2C,3FFEA02BEC17C321
3 24 ->
4 25 1094454792
4 26 1694126016
4 27 -1507138804
3 28 -1
2 21 ->
3 2 ->
3 16 871
3 17 0
3 18 D_94_43
3 19 0
3 20 NULL
3 22 ->
4 23 [2][3]
$C00B1BC5DE5A515D,C00B1BC5DE5A515C,BFFF045889816F8A
$4040FE892AB271E2,400B1BC5DE5A515F,3FFF045889816F8A
3 24 ->
4 25 1094454792
4 26 1105660275
4 27 -1507138804
3 28 -1
2 21 ->
3 2 ->
3 16 871
3 17 0
3 18 D_94_44
3 19 0
3 20 NULL
3 22 ->
4 23 [2][3]
$C00B4E1E4CE4551C,C00B4E1E4CE4551E,BFFF690966957702
$404381AEB19B121E,400B4E1E4CE4551C,3FFF690966957703
3 24 ->
4 25 1094454792
4 26 1844711090
4 27 -1507138804
3 28 -1
2 21 ->
3 2 ->
3 16 871
3 17 0
3 18 D_94_45
3 19 0
3 20 NULL
3 22 ->
4 23 [2][3]
$2*C00B80A45A370EFC,BFFFCE15813AEAC4
$404604D712703DBC,400B80A45A370EFD,3FFFCE15813AEAC4
3 24 ->
4 25 1094454792
4 26 170992214
4 27 -1507138804
3 28 -1
2 21 ->
3 2 ->
3 16 871
3 17 0
3 18 D_94_46
3 19 0
3 20 NULL
3 22 ->
4 23 [2][3]
$C00BE60A478ED6A,C00BE60A478ED69F,C0004C70ADF53D05
$404B0B2D7145BA36,400BE60A478ED6A,40004C70ADF53D05
3 24 ->
4 25 1094454793
4 26 358942497
4 27 -1507138804
3 28 -1
2 21 ->
3 2 ->
3 16 871
3 17 0
3 18 D_94_47
3 19 0
3 20 NULL
3 22 ->
4 23 [2][3]
$C00C4BBBF5BB5809,C00C4BBBF5BB580B,C000B2225C21BE6F
$405008C446144126,400C4BBBF5BB5808,4000B2225C21BE6F
3 24 ->
4 25 1094454793
4 26 822755506
4 27 -1507138804
3 28 -1
2 21 ->
3 2 ->
3 16 871
3 17 0
3 18 D_94_48
3 19 0
3 20 NULL
3 22 ->
4 23 [2][3]
$C00CB19C3728BC17,C00CB19C3728BC15,C00118029D8F227C
$40528BF3481FAC47,400CB19C3728BC17,400118029D8F227C
3 24 ->
4 25 1094454793
4 26 1687443900
4 27 -1507138804
3 28 -1
2 21 ->
3 2 ->
3 16 871
3 17 0
3 18 D_94_49
3 19 0
3 20 NULL
3 22 ->
4 23 [2][3]
$C00D179B1FDB4C9,C00D179B1FDB4C92,C0017E018641B2F4
$40550F233F6540CB,400D179B1FDB4C8F,40017E018641B2F4
3 24 ->
4 25 1094454793
4 26 586638195
4 27 -1507138804
3 28 -1
2 21 ->
3 2 ->
3 16 871
3 17 0
3 18 D_94_5
3 19 0
3 20 NULL
3 22 ->
4 23 [2][3]
$2*BFEFB0EBF6ECAC26,BFE47DB8C3B978F
$403B4A542C84322E,3FEFB0EBF6ECAC24,3FE47DB8C3B978F
3 24 ->
4 25 1094454789
4 26 639986052
4 27 -1507138804
3 28 -1
2 21 ->
3 2 ->
3 16 871
3 17 0
3 18 D_94_50
3 19 0
3 20 NULL
3 22 ->
4 23 [2][3]
$C00D2A5E7B6C3F89,C00D2A5E7B6C3F87,C0012A5E7B6C3F89
$4038A54BCF6D87F1,400D2A5E7B6C3F89,40012A5E7B6C3F89
3 24 ->
4 25 1094454793
4 26 375988809
4 27 -1507138804
3 28 -1
2 21 ->
3 2 ->
3 16 871
3 17 0
3 18 D_94_51
3 19 0
3 20 NULL
3 22 ->
4 23 [2][3]
$2*C00D5BDBD3507464,C0015BDBD3507464
$403DAB7B7A6A0E8C,400D5BDBD3507464,40015BDBD3507464
3 24 ->
4 25 1094454793
4 26 1986272216
4 27 -1507138804
3 28 -1
2 21 ->
3 2 ->
3 16 871
3 17 0
3 18 D_94_52
3 19 0
3 20 NULL
3 22 ->
4 23 [2][3]
$2*C00D79C577418804,C00179C577418804
$4040579C5774188,400D79C577418804,400179C577418804
3 24 ->
4 25 1094454793
4 26 1810987551
4 27 -1507138804
3 28 -1
2 21 ->
3 2 ->
3 16 871
3 17 0
3 18 D_94_53
3 19 0
3 20 NULL
3 22 ->
4 23 [2][3]
$2*C00DA1D6510980D6,C001A1D6510980D6
$40425A1D6510980D,400DA1D6510980D6,4001A1D6510980D6
3 24 ->
4 25 1094454793
4 26 1210152946
4 27 -1507138804
3 28 -1
2 21 ->
3 2 ->
3 16 871
3 17 0
3 18 D_94_54
3 19 0
3 20 NULL
3 22 ->
4 23 [2][3]
$2*C00DCA0FAA6BBA03,C001CA0FAA6BBA03
$40445CA0FAA6BBA,400DCA0FAA6BBA03,4001CA0FAA6BBA03
3 24 ->
4 25 1094454793
4 26 282938029
4 27 -1507138804
3 28 -1
2 21 ->
3 2 ->
3 16 871
3 17 0
3 18 D_94_55
3 19 0
3 20 NULL
3 22 ->
4 23 [2][3]
$2*C00DF267B55630EC,C001F267B55630EC
$40465F267B55630F,400DF267B55630EC,4001F267B55630EC
3 24 ->
4 25 1094454793
4 26 669072681
4 27 -1507138804
3 28 -1
2 21 ->
3 2 ->
3 16 871
3 17 0
3 18 D_94_56
3 19 0
3 20 NULL
3 22 ->
4 23 [2][3]
$C00E57A1670522B,C00E57A1670522AF,C00257A1670522B
$404B657A1670522A,400E57A1670522AF,400257A1670522B
3 24 ->
4 25 1094454794
4 26 268660722
4 27 -1507138804
3 28 -1
2 21 ->
3 2 ->
3 16 871
3 17 0
3 18 D_94_57
3 19 0
3 20 NULL
3 22 ->
4 23 [2][3]
$C00E57A1670522B,C00E57A1670522AF,C00257A1670522B
$404B657A1670522A,400E57A1670522AF,400257A1670522B
3 24 ->
4 25 1094454794
4 26 347763384
4 27 -1507138804
3 28 -1
2 21 ->
3 2 ->
3 16 871
3 17 0
3 18 D_94_58
3 19 0
3 20 NULL
3 22 ->
4 23 [2][3]
$C00EDBB659FE213E,C00EDBB659FE213C,C002DBB659FE213E
$4050F6DDB2CFF10A,400EDBB659FE213E,4002DBB659FE213E
3 24 ->
4 25 1094454794
4 26 1474046723
4 27 -1507138804
3 28 -1
2 21 ->
3 2 ->
3 16 871
3 17 0
3 18 D_94_59
3 19 0
3 20 NULL
3 22 ->
4 23 [2][3]
$2*C00F2D2968342424,C0032D2968342427
$4052F9694B41A121,400F2D2968342425,40032D2968342427
3 24 ->
4 25 1094454794
4 26 161954860
4 27 -1507138804
3 28 -1
2 21 ->
3 2 ->
3 16 871
3 17 0
3 18 D_94_6
3 19 0
3 20 NULL
3 22 ->
4 23 [2][3]
$BFF0678985FD6E17,BFF0678985FD6E18,BFE59BDFD8C7A8FA
$404129A2B29651D7,3FF0678985FD6E17,3FE59BDFD8C7A8FA
3 24 ->
4 25 1094454789
4 26 957243393
4 27 -1507138804
3 28 -1
2 21 ->
3 2 ->
3 16 871
3 17 0
3 18 D_94_60
3 19 0
3 20 NULL
3 22 ->
4 23 [2][3]
$C00F88E4D7A64609,C00F88E4D7A6460A,C00388E4D7A64609
$40553C4726BD323,400F88E4D7A64608,400388E4D7A64609
3 24 ->
4 25 1094454794
4 26 1325687945
4 27 -1507138804
3 28 -1
2 21 ->
3 2 ->
3 16 871
3 17 0
3 18 D_94_61
3 19 0
3 20 NULL
3 22 ->
4 23 [2][3]
$2*C010C8A5D4D0FBB4,C0045E18766EC43R
$404B72AE5433B91,4010C8A5D4D0FBB3,40045E18766EC43R
3 24 ->
4 25 1094454794
4 26 436798440
4 27 -1507138804
3 28 -1
2 21 ->
3 2 ->
3 16 871
3 17 0
3 18 D_94_62
3 19 0
3 20 NULL
3 22 ->
4 23 [2][3]
$2*C0110A926A9F910F,C004E1F1A20BER
$4050FD75F376C5DE,40110A926A9F911,4004E1F1A20BER
3 24 ->
4 25 1094454794
4 26 2025733952
4 27 -1507138804
3 28 -1
2 21 ->
3 2 ->
3 16 871
3 17 0
3 18 D_94_63
3 19 0
3 20 NULL
3 22 ->
4 23 [2][3]
$C01254247022855D,C01254247022855E,C0057515AD11D784
$403EC83C4F3BD48A,401254247022855C,40057515AD11D784
3 24 ->
4 25 1094454794
4 26 505509284
4 27 -1507138804
3 28 -1
2 21 ->
3 2 ->
3 16 871
3 17 0
3 18 D_94_64
3 19 0
3 20 NULL
3 22 ->
4 23 [2][3]
$C01276CBBCED1874,C01276CBBCED1875,C005BA6446A6FDB
$4042E87311373CA8,401276CBBCED1873,4005BA6446A6FDB
3 24 ->
4 25 1094454794
4 26 695040633
4 27 -1507138804
3 28 -1
2 21 ->
3 2 ->
3 16 871
3 17 0
3 18 D_94_65
3 19 0
3 20 NULL
3 22 ->
4 23 [2][3]
$C0128AC0EDEED1B3,C0128AC0EDEED1B4,C005E24EA8AA702F
$4044EAF1B75773D,40128AC0EDEED1B2,4005E24EA8AA702F
3 24 ->
4 25 1094454794
4 26 1872251113
4 27 -1507138804
3 28 -1
2 21 ->
3 2 ->
3 16 871
3 17 0
3 18 D_94_66
3 19 0
3 20 NULL
3 22 ->
4 23 [2][3]
$C0129ECAD25C5E12,C0129ECAD25C5E13,C0060A62718588ER
$4046ED72F3E5255C,40129ECAD25C5E1R,40060A62718588ER
3 24 ->
4 25 1094454795
4 26 1260135576
4 27 -1507138804
3 28 -1
2 21 ->
3 2 ->
3 16 871
3 17 0
3 18 D_94_67
3 19 0
3 20 NULL
3 22 ->
4 23 [2][3]
$C012B7EDACD2A529,C012B7EDACD2A52A,C0063CA82672171F
$404970974F33EE3F,4012B7EDACD2A529,40063CA82672171F
3 24 ->
4 25 1094454795
4 26 905468823
4 27 -1507138804
3 28 -1
2 21 ->
3 2 ->
3 16 871
3 17 0
3 18 D_94_68
3 19 0
3 20 NULL
3 22 ->
4 23 [2][3]
$C012D123DE906FD3,C012D123DE906FD4,C0066F1489EDAC71
$404BF3BE156BA794,4012D123DE906FD3,40066F1489EDAC71
3 24 ->
4 25 1094454795
4 26 838213015
4 27 -1507138804
3 28 -1
2 21 ->
3 2 ->
3 16 871
3 17 0
3 18 D_94_69
3 19 0
3 20 NULL
3 22 ->
4 23 [2][3]
$2*C012EF786837CDF8,C006ABBD9D3C68BR
$404EF788A6A09359,4012EF786837CDF8,4006ABBD9D3C68BR
3 24 ->
4 25 1094454795
4 26 1127226464
4 27 -1507138804
3 28 -1
2 21 ->
3 2 ->
3 16 871
3 17 0
3 18 D_94_7
3 19 0
3 20 NULL
3 22 ->
4 23 [2][3]
$BFF10B2A76DAB3DB,BFF10B2A76DAB3DA,BFE6E321BA823484
$40452EBFBA1D3C05,3FF10B2A76DAB3DC,3FE6E321BA823484
3 24 ->
4 25 1094454789
4 26 1794991580
4 27 -1507138804
3 28 -1
2 21 ->
3 2 ->
3 16 871
3 17 0
3 18 D_94_70
3 19 0
3 20 NULL
3 22 ->
4 23 [2][3]
$C01312EF70DF57A5,C01312EF70DF57A6,C006F2ABAE8B7C16
$40513DFBC3DAC248,401312EF70DF57A5,4006F2ABAE8B7C16
3 24 ->
4 25 1094454795
4 26 13592961
4 27 -1507138804
3 28 -1
2 21 ->
3 2 ->
3 16 871
3 17 0
3 18 D_94_71
3 19 0
3 20 NULL
3 22 ->
4 23 [2][3]
$C0133B8B89B5195R,C0133B8B89B51956,C00743E3E036FF74
$4053408585681E62,40133B8B89B51954,400743E3E036FF74
3 24 ->
4 25 1094454795
4 26 1262922
4 27 -1507138804
3 28 -1
2 21 ->
3 2 ->
3 16 871
3 17 0
3 18 D_94_72
3 19 0
3 20 NULL
3 22 ->
4 23 [2][3]
$C013694E006B369E,C013694E006B369F,C0079F68CDA33A04
$40558361ACD38036,4013694E006B369D,40079F68CDA33A04
3 24 ->
4 25 1094454795
4 26 496587512
4 27 -1507138804
3 28 -1
2 21 ->
3 2 ->
3 16 871
3 17 0
3 18 D_94_73
3 19 0
3 20 NULL
3 22 ->
4 23 [2][3]
$2*C0139C373D7E14R,C008053B47C8F5R
$4058069040A4AE1R,40139C373D7E14R,4008053B47C8F5R
3 24 ->
4 25 1094454795
4 26 1759143472
4 27 -1507138804
3 28 -1
2 21 ->
3 2 ->
3 16 871
3 17 0
3 18 D_94_74
3 19 0
3 20 NULL
3 22 ->
4 23 [2][3]
$C013CF2DD523B7FA,C013CF2DD523B7FB,C0086B2877143CBC
$405A89BFAA1F084B,4013CF2DD523B7F9,40086B2877143CBC
3 24 ->
4 25 1094454795
4 26 904945072
4 27 -1507138804
3 28 -1
2 21 ->
3 2 ->
3 16 871
3 17 0
3 18 D_94_75
3 19 0
3 20 NULL
3 22 ->
4 23 [2][3]
$C016CB28810FD1D3,C016CB28810FD1D2,C00AC9843552D6D7
$40402631DCEEC707,4016CB28810FD1D1,400AC9843552D6D7
3 24 ->
4 25 1094454795
4 26 429801282
4 27 -1507138804
3 28 -1
2 21 ->
3 2 ->
3 16 871
3 17 0
3 18 D_94_76
3 19 0
3 20 NULL
3 22 ->
4 23 [2][3]
$2*C016ED65774F7ACD,C00B0DFE21D228CE
$4043AA797BB6BC28,4016ED65774F7ACD,400B0DFE21D228CD
3 24 ->
4 25 1094454796
4 26 1401882865
4 27 -1507138804
3 28 -1
2 21 ->
3 2 ->
3 16 871
3 17 0
3 18 D_94_77
3 19 0
3 20 NULL
3 22 ->
4 23 [2][3]
$2*C0170128356C0F4F,C00B35839E0B51D1
$4045ACF1D37A4EB8,40170128356C0F4F,400B35839E0B51D1
3 24 ->
4 25 1094454796
4 26 1792961408
4 27 -1507138804
3 28 -1
2 21 ->
3 2 ->
3 16 871
3 17 0
3 18 D_94_78
3 19 0
3 20 NULL
3 22 ->
4 23 [2][3]
$2*C0171505B456BFA2,C00B5D3E9BE0B27A
$4047AF6D8357A4C2,40171505B456BFA2,400B5D3E9BE0B27A
3 24 ->
4 25 1094454796
4 26 14180889
4 27 -1507138804
3 28 -1
2 21 ->
3 2 ->
3 16 871
3 17 0
3 18 D_94_79
3 19 0
3 20 NULL
3 22 ->
4 23 [2][3]
$C0172DF82661C61R,C0172DF82661C61,C00B8F237FF6BF59
$404A328BD199058F,40172DF82661C612,400B8F237FF6BF58
3 24 ->
4 25 1094454796
4 26 503274307
4 27 -1507138804
3 28 -1
2 21 ->
3 2 ->
3 16 871
3 17 0
3 18 D_94_8
3 19 0
3 20 NULL
3 22 ->
4 23 [2][3]
$2*BFF1D7CA93C5DEA6,BFE87C61F4588A1A
$404A3524BB04955B,3FF1D7CA93C5DEA6,3FE87C61F4588A1A
3 24 ->
4 25 1094454789
4 26 271612141
4 27 -1507138804
3 28 -1
2 21 ->
3 2 ->
3 16 871
3 17 0
3 18 D_94_80
3 19 0
3 20 NULL
3 22 ->
4 23 [2][3]
$2*C01747046FBC1E69,C00BC13C12AB7003
$404CB5AD5AC4509A,401747046FBC1E67,400BC13C12AB7003
3 24 ->
4 25 1094454796
4 26 2102421272
4 27 -1507138804
3 28 -1
2 21 ->
3 2 ->
3 16 871
3 17 0
3 18 D_94_81
3 19 0
3 20 NULL
3 22 ->
4 23 [2][3]
$2*C017652DA27A96AR,C00BFD8E78286087
$404FB972811C1FA1,4017652DA27A96AR,400BFD8E78286086
3 24 ->
4 25 1094454796
4 26 432479925
4 27 -1507138804
3 28 -1
2 21 ->
3 2 ->
3 16 873
3 17 0
3 18 D_94_82
3 19 0
3 20 NULL
3 22 ->
4 23 [2][3]
$C0178879C34D9A6C,C0178879C34D9A6D,C00C4426B9CE680B
$40519EEE029B400D,40178879C34D9A6B,400C4426B9CE680B
3 24 ->
4 25 1094454785
4 26 10176878
4 27 -1507138804
3 28 -1
2 21 ->
3 2 ->
3 16 871
3 17 0
3 18 D_94_83
3 19 0
3 20 NULL
3 22 ->
4 23 [2][3]
$2*C017B0ECB8503C1B,C00C950CA3D3AB67
$4053A17531EB6A28,4017B0ECB8503C1A,400C950CA3D3AB67
3 24 ->
4 25 1094454796
4 26 920715347
4 27 -1507138804
3 28 -1
2 21 ->
3 2 ->
3 16 871
3 17 0
3 18 D_94_84
3 19 0
3 20 NULL
3 22 ->
4 23 [2][3]
$C017DE88A5EF4B1E,C017DE88A5EF4B1C,C00CF0447F11C973
$4055E44EF0C55B18,4017DE88A5EF4B1E,400CF0447F11C972
3 24 ->
4 25 1094454796
4 26 378936896
4 27 -1507138804
3 28 -1
2 21 ->
3 2 ->
3 16 871
3 17 0
3 18 D_94_85
3 19 0
3 20 NULL
3 22 ->
4 23 [2][3]
$2*C018114E6558D5CB,C00D55CFFDE4DECD
$4058677B4CBBF3C3,4018114E6558D5CB,400D55CFFDE4DECD
3 24 ->
4 25 1094454796
4 26 475885426
4 27 -1507138804
3 28 -1
2 21 ->
3 2 ->
3 16 871
3 17 0
3 18 D_94_86
3 19 0
3 20 NULL
3 22 ->
4 23 [2][3]
$2*C0184427620F19E1,C00DBB81F75166F6
$405AEAA8DC875804,40184427620F19E1,400DBB81F75166F5
3 24 ->
4 25 1094454797
4 26 1956795823
4 27 -1507138804
3 28 -1
2 21 ->
3 2 ->
3 16 871
3 17 0
3 18 D_94_87
3 19 0
3 20 NULL
3 22 ->
4 23 [2][3]
$2*C01A8873B14FCB46,C00F10E7629F9684
$40515BBA6E482FE8,401A8873B14FCB43,400F10E7629F9684
3 24 ->
4 25 1094454797
4 26 741161656
4 27 -1507138804
3 28 -1
2 21 ->
3 2 ->
3 16 871
3 17 0
3 18 D_94_88
3 19 0
3 20 NULL
3 22 ->
4 23 [2][3]
$C01ADE3C1FC9F219,C01ADE3C1FC9F21B,C00FBC783F93E437
$4055A116F52FD25R,401ADE3C1FC9F21A,400FBC783F93E437
3 24 ->
4 25 1094454797
4 26 2103064703
4 27 -1507138804
3 28 -1
2 21 ->
3 2 ->
3 16 871
3 17 0
3 18 D_94_89
3 19 0
3 20 NULL
3 22 ->
4 23 [2][3]
$C01D2A5E7B6C3F87,C01D2A5E7B6C3F86,C0112A5E7B6C3F89
$4048A54BCF6D87F1,401D2A5E7B6C3F89,40112A5E7B6C3F89
3 24 ->
4 25 1094454797
4 26 2141723294
4 27 -1507138804
3 28 -1
2 21 ->
3 2 ->
3 16 740
3 17 0
3 18 D_94_9
3 19 0
3 20 NULL
3 22 ->
4 23 [2][3]
$2*BFF5E24599EE7DE6,BFEBC48B33DCFBCA
$4027EF7BE67102F,3FF5E24599EE7DE4,3FEBC48B33DCFBCA
3 24 ->
4 25 1094454291
4 26 945767618
4 27 -1507138804
3 28 -1
2 21 ->
3 2 ->
3 16 871
3 17 0
3 18 D_94_90
3 19 0
3 20 NULL
3 22 ->
4 23 [2][3]
$C01D430C18A4C996,C01D430C18A4C997,C011430C18A4C995
$404B28618314993R,401D430C18A4C994,4011430C18A4C995
3 24 ->
4 25 1094454797
4 26 1031154950
4 27 -1507138804
3 28 -1
2 21 ->
3 2 ->
3 16 871
3 17 0
3 18 D_94_91
3 19 0
3 20 NULL
3 22 ->
4 23 [2][3]
$2*C01D5BDBD3507464,C0115BDBD3507464
$404DAB7B7A6A0E8C,401D5BDBD3507464,40115BDBD3507464
3 24 ->
4 25 1094454797
4 26 1946815477
4 27 -1507138804
3 28 -1
2 21 ->
3 2 ->
3 16 871
3 17 0
3 18 D_94_92
3 19 0
3 20 NULL
3 22 ->
4 23 [2][3]
$2*C01D9CD1C0D0D054,C0119CD1C0D0D052
$405219CD1C0D0D05,401D9CD1C0D0D052,40119CD1C0D0D052
3 24 ->
4 25 1094454797
4 26 30697771
4 27 -1507138804
3 28 -1
2 21 ->
3 2 ->
3 16 871
3 17 0
3 18 D_94_93
3 19 0
3 20 NULL
3 22 ->
4 23 [2][3]
$2*C01DC506A68E638B,C011C506A68E638B
$40541C506A68E639,401DC506A68E638B,4011C506A68E638B
3 24 ->
4 25 1094454797
4 26 1190296157
4 27 -1507138804
3 28 -1
2 21 ->
3 2 ->
3 16 871
3 17 0
3 18 D_94_94
3 19 0
3 20 NULL
3 22 ->
4 23 [2][3]
$C01DF267B55630EC,C01DF267B55630ER,C011F267B55630EC
$40565F267B55630F,401DF267B55630EC,4011F267B55630EC
3 24 ->
4 25 1094454797
4 26 2079655147
4 27 -1507138804
3 28 -1
2 21 ->
3 2 ->
3 16 871
3 17 0
3 18 D_94_95
3 19 0
3 20 NULL
3 22 ->
4 23 [2][3]
$C01E24F69D138B06,C01E24F69D138B07,C01224F69D138B08
$4058E24F69D138B,401E24F69D138B07,401224F69D138B08
3 24 ->
4 25 1094454797
4 26 1122187983
4 27 -1507138804
3 28 -1
2 21 ->
3 2 ->
3 16 871
3 17 0
3 18 D_94_96
3 19 0
3 20 NULL
3 22 ->
4 23 [2][3]
$C01E57A1670522AE,C01E57A1670522AD,C01257A1670522B
$405B657A1670522A,401E57A1670522B,401257A1670522B
3 24 ->
4 25 1094454798
4 26 1987992791
4 27 -1507138804
3 28 -1
2 21 ->
3 2 ->
3 16 871
3 17 0
3 18 D_94_97
3 19 0
3 20 NULL
3 22 ->
4 23 [2][3]
$2*C01E948A1EC84569,C012948A1EC84568
$405E6948A1EC8457,401E948A1EC84567,4012948A1EC84568
3 24 ->
4 25 1094454798
4 26 2076530197
4 27 -1507138804
3 28 -1
2 21 ->
3 2 ->
3 16 871
3 17 0
3 18 D_94_98
3 19 0
3 20 NULL
3 22 ->
4 23 [2][3]
$C01ED6A00F52926A,C01ED6A00F52926B,C012D6A00F52926A
$4060D6B5007A9493,401ED6A00F52926A,4012D6A00F52926A
3 24 ->
4 25 1094454798
4 26 431506580
4 27 -1507138804
3 28 -1
2 21 ->
3 2 ->
3 16 871
3 17 0
3 18 D_94_99
3 19 0
3 20 NULL
3 22 ->
4 23 [2][3]
$C022C9931916BB95,C022C9931916BB96,C0159326322D7727
$4050D9326322D772,4022C9931916BB95,40159326322D7727
3 24 ->
4 25 1094454798
4 26 459350861
4 27 -1507138804
3 28 -1
1 22 ->
2 23 [2][3]
$2*BFED4DC5FC570662,BFE21A92C923D32F
$40286E75F95F0A,3FED4DC5FC570662,3FE21A92C923D32F
1 24 ->
2 25 1144176590
2 26 1753896165
2 27 1840927028
1 28 -1
#END_OF_P_OBJECT
#Pro/ENGINEER  TM  2001  (c) 1988-2001 by Wisdom Systems  All Rights Reserved. 2002180
@Toc 29 0
0 29 ->
@entry 30 10
1 30 [128]
2 30 BasicData 2b81 6ff 0 1164 9 -1 c5f6 d5f2########################################
2 30 BasicText 3280 223 0 1164 9 -1 d562 1467########################################
2 30 GeomDepen 34a3 13f 0 1164 9 -1 7f4c 990b########################################
2 30 DispCntrl 35e2 162 0 1164 9 -1 8b71 f636########################################
2 30 DisplData 3744 29 0 1164 9 -1 0cac b9ca#########################################
2 30 LargeText 376d 694 0 1164 9 -1 a8ac fdad########################################
2 30 FamilyInf 3e01 2650 0 1164 9 -1 61fe b255#######################################
2 30 VisibGeom 6451 188d 0 1164 11 -1 683b e96e######################################
2 30 NovisGeom 7cde bf6 0 1164 11 -1 f982 bf3a#######################################
2 30 ActEntity 88d4 493 0 1164 9 -1 e3a0 a626########################################
2 30 AllFeatur 8d67 3079 0 1164 11 -1 169d 5747######################################
2 30 FullMData bde0 888 0 1164 9 -1 964a d585########################################
2 30 ModelView#0 c668 3ef 0 1164 9 -1 9fee d273######################################
2 30 ModelView#38 ca57 3ca 0 1164 9 -1 838d 0a81#####################################
2 30 ModelView#39 ce21 3a5 0 1164 9 -1 7b8e 939f#####################################
2 30 ModelView#40 d1c6 3a4 0 1164 9 -1 7b2c e70a#####################################
2 30 ModelView#41 d56a 3a9 0 1164 9 -1 7f12 9973#####################################
2 30 ModelView#42 d913 39e 0 1164 9 -1 76b4 4cda#####################################
2 30 ModelView#43 dcb1 3a1 0 1164 9 -1 7828 b172#####################################
2 30 DispDataColor e052 23 0 1164 9 -1 08d5 57cf#####################################
2 30 DispDataTable e075 59cb 0 1164 12 2 8e43 3dfe###################################
2 30 AssMrgPrt 13a40 21 0 1164 9 -1 09c5 6a48########################################
2 30 IndentTag 13a61 36f 0 1164 11 -1 adaa a8b0######################################
2 30 FeatRefData 13dd0 ff 0 1164 11 -1 74ed 9035#####################################
2 30 ################################################################################
2 30 ################################################################################
2 30 ################################################################################
2 30 ################################################################################
2 30 ################################################################################
2 30 ################################################################################
2 30 ################################################################################
2 30 ################################################################################
2 30 ################################################################################
2 30 ################################################################################
2 30 ################################################################################
2 30 ################################################################################
2 30 ################################################################################
2 30 ################################################################################
2 30 ################################################################################
2 30 ################################################################################
2 30 ################################################################################
2 30 ################################################################################
2 30 ################################################################################
2 30 ################################################################################
2 30 ################################################################################
2 30 ################################################################################
2 30 ################################################################################
2 30 ################################################################################
2 30 ################################################################################
2 30 ################################################################################
2 30 ################################################################################
2 30 ################################################################################
2 30 ################################################################################
2 30 ################################################################################
2 30 ################################################################################
2 30 ################################################################################
2 30 ################################################################################
2 30 ################################################################################
2 30 ################################################################################
2 30 ################################################################################
2 30 ################################################################################
2 30 ################################################################################
2 30 ################################################################################
2 30 ################################################################################
2 30 ################################################################################
2 30 ################################################################################
2 30 ################################################################################
2 30 ################################################################################
2 30 ################################################################################
2 30 ################################################################################
2 30 ################################################################################
2 30 ################################################################################
2 30 ################################################################################
2 30 ################################################################################
2 30 ################################################################################
2 30 ################################################################################
2 30 ################################################################################
2 30 ################################################################################
2 30 ################################################################################
2 30 ################################################################################
2 30 ################################################################################
2 30 ################################################################################
2 30 ################################################################################
2 30 ################################################################################
2 30 ################################################################################
2 30 ################################################################################
2 30 ################################################################################
2 30 ################################################################################
2 30 ################################################################################
2 30 ################################################################################
2 30 ################################################################################
2 30 ################################################################################
2 30 ################################################################################
2 30 ################################################################################
2 30 ################################################################################
2 30 ################################################################################
2 30 ################################################################################
2 30 ################################################################################
2 30 ################################################################################
2 30 ################################################################################
2 30 ################################################################################
2 30 ################################################################################
2 30 ################################################################################
2 30 ################################################################################
2 30 ################################################################################
2 30 ################################################################################
2 30 ################################################################################
2 30 ################################################################################
2 30 ################################################################################
2 30 ################################################################################
2 30 ################################################################################
2 30 ################################################################################
2 30 ################################################################################
2 30 ################################################################################
2 30 ################################################################################
2 30 ################################################################################
2 30 ################################################################################
2 30 ################################################################################
2 30 ################################################################################
2 30 ################################################################################
2 30 ################################################################################
2 30 ################################################################################
2 30 ################################################################################
2 30 ################################################################################
2 30 ################################################################################
2 30 ################################################################################
2 30 ################################################################################
2 30 ################################################################################
#BasicData
à Sld_BasicData ãàtab_key  à tab_key_struct ãàtype Hà tab_key_ptr ørà cmprs_tabkey ñáàtype ñà revnum_ptr ãàgeom_revnum ‚Zàcosm_revnum 6à tol_default_ptr ñãàtype 
àvalue ø š)©™	(6âëC-#äøµˆãhñ#°Æ÷ µíŽàang_value ø/  çàlin_digits øöçàang_digits ø çàstandard à iso_tol_tbls_ptr ãàclass à
tol_class_names øFine Medium Coarse Very Coarse à p_general ãàtype àstart_index öà
name Defaults à
edit_header ø# Pro/TABLE # Pro/TABLE  TM  Version E-03-08  (c) 1988-93 by Parametric Technology Corporation  All Rights Reserved.  [] S 92;  [] W 10;  [A] W 11;  [G] W 11; àunit àrange_unit à class ø÷ûâà class_array ø÷ûâàtbl_entr ø/ ñ÷â/ / â/ /> â/> /^ â/^ /y â/y /@â/@/Ÿ@â/Ÿ@/¯@ó÷âø÷ûâ÷)©™B©™ñ÷â)©™B©™â šB¹™â)Ã3BÃ3â)É™BÉ™â)Ó3BÓ3âCà âäó÷âø÷ûâ÷ šB¹™ñ÷â šB¹™â)É™BÉ™â)Ó3BÓ3âCà â)é™Bé™â)ó3Bó3â/  H  ó÷âø÷ûâ÷)É™BÉ™ñ÷â)Ó3BÓ3âCà â)é™Bé™â)ó3Bó3â/  H  â/ H â/ H ó÷âø÷ûâ÷äñ÷âCà ââ*ø Cø â/ H â/ H â/ H â/  H  à p_brk_edg ôã÷öDefaults ø# Pro/TABLE # Pro/TABLE  TM  Version E-01-41  (c) 1988-93 by Parametric Technology Corporation  All Rights Reserved.  [] S 92;  [] W 10;  [A] W 11; ø÷ûâ÷ø÷ûâ÷/ ñ÷â/ / â/ /¯@ó÷âø÷ûâ÷)É™BÉ™ñ÷âCà âó÷âø÷ûâ÷)É™BÉ™ñ÷âCà âó÷âø÷ûâ÷)Ù™BÙ™ñ÷ââ/  H  ó÷âø÷ûâ÷)Ù™BÙ™ñ÷ââ/  H  à p_angular ôáàdatum_count ò àaxis_count àinsert_layer_id öàlayer_count àrel_part_eps (S©*0U2aàmodel_eps àfixed_model_eps  àassembled_count  àpart_type àfirst_ent_id È7¸àfirst_view_id  àoutline ùBë3äCà -(LÌÌÌÌÍ)ë3àdim_num à geom_lib_ptr áàattrib_array ø ë  € äÀ@  àmax_part_size -,×ï½{&à
model_name D_94 à disp_outl_info âàdisp_outline ùÀMÅüWbäµ’É#Ó/1(nuù_
xMÅüWbm’É#Ó/à sel_outl_info ñãàoutline ùÀMÅüWbäµ’É#Ó/1(nuù_
xMÅüWbm’É#Ó/ò#BasicText
à Sld_BasicText ãà assem_mass_prop_ptr áà mass_prop_ptr ãàtype  àdensity #âaº÷žàinit_dens àrel_density àinit_rel_dens  àaver_density àvrevnum öàvolume àcg øåàinertia ùçàeps àsurfarea à assign_mp_ptr ñáà
mat_name_ptr áà unit_arr ø÷ûâàtype àfactor (¤(P¡B…
à
name MM àunit_type  ñ÷âŒ£9x±«KILOGRAM â(24Vxš¼ßSECS à p_unit_info òãà custom_unit_arr ø÷ûâñâââââà xp_custom_sys_unit òø÷ûãà
name Custom àtype à
unit_names ømm kg  sec C rad à
principal_sys_units òCustom àhistory_scale ùò#GeomDepen
à Sld_GeomDepend ãàfrst_geom_ptr à fem_data áàfirst_quilt_ptr  à topol_state ãàlast_regen_feat_id à incr_time_stamp ãàtime ëA<àrandom_num ëWn­àhostid õëYÕôà asm_comp_map ñãàcomp_id öàattrib  à
uniq_name áà asm_map_sys áà time_stamp áà geom_own_tbl ñáànum_mech_connection  àfirst_lo_ptr ñbñ#DispCntrl
à Sld_DispCntrl ãà color_prop_ptr áà layer_array ø÷ûãàid àtype uàuser_id  à weird_wline_ptr ãà
weird_wline DATUM_PLANE à layer_objects ñø÷	ûâàtype à lay_solid áàappl_name áàsaved_operation òàdeftype_num öàattributes ø ñ÷ã
u ãDATUM_CSYS ø÷	ûâ÷
àids ø÷ááö ãiu ãDATUM-DEFAULT_LIB ø÷	ûâ÷
øááö ãku ãDATUM_AXIS ÷ö ó#DisplData
à Sld_DispData ãà disp_data âò#LargeText
à Sld_LargeText ãà names_table ø÷ûãàid àtype à
name RIGHT à	attr ñ÷ãTOP ãFRONT ã	CSYS_PART_DEF à relsymdata òãà relsym_set_arr ø÷ûãàid öàtype à	ui_order à symtbl ø÷ûãà
name REVISION àsym_class 'àattr ˆ à value ãàtype 3à
value(s_val) A à bak_val ñã÷31 àaccess_fn_idx öàdim_id öà ext_handler áàappl_int  ñ÷ãDATE_REV 'ˆ ã36.9.2004 ÷ã36.9.2004 ÷ööá ãNAZEV 'ˆ ã3ZAVLACKA ÷ã3ZAVLACKA ÷ööá ãROZMER 'ˆ ã3- ÷ã3- ÷ööá ãNORMA 'ˆ ã3DIN 94 ÷ã3DIN 94 ÷ööá ãMATERIAL 'ˆ ã3/ZINC ÷ã3/ZINC ÷ööá ã 'ˆ ã31 ÷ã31 ÷ööá ãTECHNOLOGIE 'ˆ ã3  ÷ã3  ÷ööá ãAUTOR 'ˆ ã3 ÷ã3 ÷ööá ãTHK 'ˆ ã2àvalue(d_val) ñ÷ã2÷ööá ãDODAVATEL 'ˆ ã3÷FABORY ÷ã3FABORY ÷ööá ãHMOTNOST 'ˆ ã2÷÷ã2÷ööá ãBEZ_VYKRESU 'ˆ ã5àvalue(l_val) ñ÷ã5 ÷ööá ãUS_NAME 'ˆ ã3÷ ÷ã3 ÷ööá ã 'ˆ ã3 ÷ã3 ÷ööá ãSTARY_VYKRES 'ˆ ã3 ÷ã3 ÷ööá ã 'ˆ ã3 ÷ã3 ÷ööá ã 'ˆ ã3 ÷ã3 ÷ööá ã 'ˆ ã3 ÷ã3 ÷ööá ã 'ˆ ã3 ÷ã3 ÷ööá ã 'ˆ ã3 ÷ã3 ÷ööá à rel_data òãàattr  à relset_code ø
÷ûãàchild_idx ànext_idx öànode_type  à node_data(line_data) ãàcode  àline_no  à
src áò÷ãã—Ï) ãöà node_data(simple_data) ãàtype  ànode_val(op_code) ƒðà
src = ò÷ãöãà node_val(loc_handler) ãàown_id öàown_type àrelset_idx  àsym_id ñ÷'?0 ãöãà node_val(func_call) ãàcode -àext_func_id öàpostfix_id öñ÷'mp_mass ãööãà node_val(const_val) ã÷3 ÷'("" ãö÷ ã—Ïáãö÷$ã ÷&ƒð=  ãö	ã÷(ãö?1  ãööããö ?0 à relset_bak_code óø
÷2ûã÷ö ÷ ã  á÷2ãã—Ï) ãö÷$ã ÷&ƒð= òãöã÷(ãö ?0 ãöã÷-ã-öömp_mass ãööã÷1ã3 ("" ãö÷ ã—Ïáãö÷$ã ÷&ƒð=  ãö	ã÷(ãö?1  ãööããö ?0 ô÷ãöø÷ûã÷d23 "ˆ ã2÷÷á÷á ñ÷ãd17 "ˆ ã2áá ò÷áà cfg_states óãàactive_state öàcurrent_state öò#FamilyInf
à Sld_FamilyInfo ãà drv_tbl_ptr ãàprt_type à
gen_name GENERIC àmodel_type à instances øs÷ûãà
name D_94_1 à drv_tbl_ptr ã÷D_94 à
dim_tab_file áàtype àrevnum  àui_mdl_name_width  àversion  à values ñø÷ûâàtype 3à
value(s_val) 1x10 ñ÷â3/ZINC â2àvalue(d_val) ñ÷â2)ù™â2/ â2)û3â2/$ àattributes ò ñ÷ãD_94_2 ãD_94 á   ø÷ûâ÷3÷1x12 â3/ZINC â2÷ñ÷â2)ù™â2/ â2)û3â2/( ò÷ ãD_94_3 ãD_94 á   ø÷ûâ÷3÷1x16 â3/ZINC â2÷ñ÷â2)ù™â2/ â2)û3â2/0 ò÷ ãD_94_4 ãD_94 á   ø÷ûâ÷3÷1x20 â3/ZINC â2÷ñ÷â2)ù™â2/ â2)û3â2/4 ò÷ ãD_94_5 ãD_94 á   ø÷ûâ÷3÷1x25 â3/ZINC â2÷ñ÷â2)ù™â2/ â2)û3â2/9 ò÷ ãD_94_6 ãD_94 á   ø÷ûâ÷3÷1x32 â3/ZINC â2÷ñ÷â2)ù™â2/ â2)û3â2/@ ò÷ ãD_94_7 ãD_94 á   ø÷ûâ÷3÷1x40 â3/ZINC â2÷ñ÷â2)ù™â2/ â2)û3â2/D ò÷ ãD_94_8 ãD_94 á   ø÷ûâ÷3÷1x50 â3/ZINC â2÷ñ÷â2)ù™â2/ â2)û3â2/I ò÷ ãD_94_9 ãD_94 á   ø÷ûâ÷3÷1,6x10 â3/ZINC â2÷)ù™ñ÷â2/ â2.	™â2.Ìâ2/$ ò÷ ãD_94_10 ãD_94 á   ø÷ûâ÷3÷1,6x12 â3/ZINC â2÷)ù™ñ÷â2/ â2.	™â2.Ìâ2/( ò÷ ãD_94_11 ãD_94 á   ø÷ûâ÷3÷1,6x16 â3/ZINC â2÷)ù™ñ÷â2/ â2.	™â2.Ìâ2/0 ò÷ ãD_94_12 ãD_94 á   ø÷ûâ÷3÷1,6x20 â3/ZINC â2÷)ù™ñ÷â2/ â2.	™â2.Ìâ2/4 ò÷ ãD_94_13 ãD_94 á   ø÷ûâ÷3÷1,6x25 â3/ZINC â2÷)ù™ñ÷â2/ â2.	™â2.Ìâ2/9 ò÷ ãD_94_14 ãD_94 á   ø÷ûâ÷3÷1,6x32 â3/ZINC â2÷)ù™ñ÷â2/ â2.	™â2.Ìâ2/@ ò÷ ãD_94_15 ãD_94 á   ø÷ûâ÷3÷1,6x40 â3/ZINC â2÷)ù™ñ÷â2/ â2.	™â2.Ìâ2/D ò÷ ãD_94_16 ãD_94 á   ø÷ûâ÷3÷1,6x50 â3/ZINC â2÷)ù™ñ÷â2/ â2.	™â2.Ìâ2/I ò÷ ãD_94_17 ãD_94 á   ø÷ûâ÷3÷2x10 â3/ZINC â2÷/  ñ÷â2/ â2/ â2.3â2/$ ò÷ ãD_94_18 ãD_94 á   ø÷ûâ÷3÷2x12 â3/ZINC â2÷/  ñ÷â2/ â2/ â2.3â2/( ò÷ ãD_94_19 ãD_94 á   ø÷ûâ÷3÷2x16 â3/ZINC â2÷/  ñ÷â2/ â2/ â2.3â2/0 ò÷ ãD_94_20 ãD_94 á   ø÷ûâ÷3÷2x20 â3/ZINC â2÷/  ñ÷â2/ â2/ â2.3â2/4 ò÷ ãD_94_21 ãD_94 á   ø÷ûâ÷3÷2x25 â3/ZINC â2÷/  ñ÷â2/ â2/ â2.3â2/9 ò÷ ãD_94_22 ãD_94 á   ø÷ûâ÷3÷2x32 â3/ZINC â2÷/  ñ÷â2/ â2/ â2.3â2/@ ò÷ ãD_94_23 ãD_94 á   ø÷ûâ÷3÷2x40 â3/ZINC â2÷/  ñ÷â2/ â2/ â2.3â2/D ò÷ ãD_94_24 ãD_94 á   ø÷ûâ÷3÷2x50 â3/ZINC â2÷/  ñ÷â2/ â2/ â2.3â2/I ò÷ ãD_94_25 ãD_94 á   ø÷ûâ÷3÷2x63 â3/ZINC â2÷/  ñ÷â2/ â2/ â2.3â2/O€ò÷ ãD_94_26 ãD_94 á   ø÷ûâ÷3÷2,5x16 â3/ZINC â2÷/ ñ÷â2/ â2/ â2.3â2/0 ò÷ ãD_94_27 ãD_94 á   ø÷ûâ÷3÷2,5x20 â3/ZINC â2÷/ ñ÷â2/ â2/ â2.3â2/4 ò÷ ãD_94_28 ãD_94 á   ø÷ûâ÷3÷2,5x25 â3/ZINC â2÷/ ñ÷â2/ â2/ â2.3â2/9 ò÷ ãD_94_29 ãD_94 á   ø÷ûâ÷3÷2,5x32 â3/ZINC â2÷/ ñ÷â2/ â2/ â2.3â2/@ ò÷ ãD_94_30 ãD_94 á   ø÷ûâ÷3÷2,5x40 â3/ZINC â2÷/ ñ÷â2/ â2/ â2.3â2/D ò÷ ãD_94_31 ãD_94 á   ø÷ûâ÷3÷2,5x50 â3/ZINC â2÷/ ñ÷â2/ â2/ â2.3â2/I ò÷ ãD_94_32 ãD_94 á   ø÷ûâ÷3÷2,5x63 â3/ZINC â2÷/ ñ÷â2/ â2/ â2.3â2/O€ò÷ ãD_94_33 ãD_94 á   ø÷ûâ÷3÷3,2x16 â3/ZINC â2÷.	™ñ÷â2.	™â2.™â2/ â2/0 ò÷ ãD_94_34 ãD_94 á   ø÷ûâ÷3÷3,2x20 â3/ZINC â2÷.	™ñ÷â2.	™â2.™â2/ â2/4 ò÷ ãD_94_35 ãD_94 á   ø÷ûâ÷3÷3,2x25 â3/ZINC â2÷.	™ñ÷â2.	™â2.™â2/ â2/9 ò÷ ãD_94_36 ãD_94 á   ø÷ûâ÷3÷3,2x32 â3/ZINC â2÷.	™ñ÷â2.	™â2.™â2/ â2/@ ò÷ ãD_94_37 ãD_94 á   ø÷ûâ÷3÷3,2x36 â3/ZINC â2÷.	™ñ÷â2.	™â2.™â2/ â2/B ò÷ ãD_94_38 ãD_94 á   ø÷ûâ÷3÷3,2x40 â3/ZINC â2÷.	™ñ÷â2.	™â2.™â2/ â2/D ò÷ ãD_94_39 ãD_94 á   ø÷ûâ÷3÷3,2x45 â3/ZINC â2÷.	™ñ÷â2.	™â2.™â2/ â2/F€ò÷ ãD_94_40 ãD_94 á   ø÷ûâ÷3÷3,2x63 â3/ZINC â2÷.	™ñ÷â2.	™â2.™â2/ â2/O€ò÷ ãD_94_41 ãD_94 á   ø÷ûâ÷3÷3,5x20 â3/ZINC â2÷/ ñ÷â2/ â2/ â2.™â2/4 ò÷ ãD_94_42 ãD_94 á   ø÷ûâ÷3÷3,5x25 â3/ZINC â2÷/ ñ÷â2/ â2/ â2.™â2/9 ò÷ ãD_94_43 ãD_94 á   ø÷ûâ÷3÷3,5x30 â3/ZINC â2÷/ ñ÷â2/ â2/ â2.™â2/> ò÷ ãD_94_44 ãD_94 á   ø÷ûâ÷3÷3,5x35 â3/ZINC â2÷/ ñ÷â2/ â2/ â2.™â2/A€ò÷ ãD_94_45 ãD_94 á   ø÷ûâ÷3÷3,5x40 â3/ZINC â2÷/ ñ÷â2/ â2/ â2.™â2/D ò÷ ãD_94_46 ãD_94 á   ø÷ûâ÷3÷3,5x50 â3/ZINC â2÷/ ñ÷â2/ â2/ â2.™â2/I ò÷ ãD_94_47 ãD_94 á   ø÷ûâ÷3÷3,5x60 â3/ZINC â2÷/ ñ÷â2/ â2/ â2.™â2/N ò÷ ãD_94_48 ãD_94 á   ø÷ûâ÷3÷3,5x70 â3/ZINC â2÷/ ñ÷â2/ â2/ â2.™â2/Q€ò÷ ãD_94_49 ãD_94 á   ø÷ûâ÷3÷3,5x80 â3/ZINC â2÷/ ñ÷â2/ â2/ â2.™â2/T ò÷ ãD_94_50 ãD_94 á   ø÷ûâ÷3÷4x20 â3/ZINC â2÷/ ñ÷â2/ â2/  â2/ â2/4 ò÷ ãD_94_51 ãD_94 á   ø÷ûâ÷3÷4x25 â3/ZINC â2÷/ ñ÷â2/ â2/  â2/ â2/9 ò÷ ãD_94_52 ãD_94 á   ø÷ûâ÷3÷4x28 â3/ZINC â2÷/ ñ÷â2/ â2/  â2/ â2/< ò÷ ãD_94_53 ãD_94 á   ø÷ûâ÷3÷4x32 â3/ZINC â2÷/ ñ÷â2/ â2/  â2/ â2/@ ò÷ ãD_94_54 ãD_94 á   ø÷ûâ÷3÷4x36 â3/ZINC â2÷/ ñ÷â2/ â2/  â2/ â2/B ò÷ ãD_94_55 ãD_94 á   ø÷ûâ÷3÷4x40 â3/ZINC â2÷/ ñ÷â2/ â2/  â2/ â2/D ò÷ ãD_94_56 ãD_94 á   ø÷ûâ÷3÷4x50 â3/ZINC â2÷/ ñ÷â2/ â2/  â2/ â2/I ò÷ ãD_94_57 ãD_94 á   ø÷ûâ÷3÷4x50 â3/ZINC â2÷/ ñ÷â2/ â2/  â2/ â2/I ò÷ ãD_94_58 ãD_94 á   ø÷ûâ÷3÷4x63 â3/ZINC â2÷/ ñ÷â2/ â2/  â2/ â2/O€ò÷ ãD_94_59 ãD_94 á   ø÷ûâ÷3÷4x71 â3/ZINC â2÷/ ñ÷â2/ â2/  â2/ â2/QÀò÷ ãD_94_60 ãD_94 á   ø÷ûâ÷3÷4x80 â3/ZINC â2÷/ ñ÷â2/ â2/  â2/ â2/T ò÷ ãD_94_61 ãD_94 á   ø÷ûâ÷3÷4,5x50 â3/ZINC â2÷/ ñ÷â2/ â2/! â2.3â2/I ò÷ ãD_94_62 ãD_94 á   ø÷ûâ÷3÷4,5x63 â3/ZINC â2÷/ ñ÷â2/ â2/! â2.3â2/O€ò÷ ãD_94_63 ãD_94 á   ø÷ûâ÷3÷5x25 â3/ZINC â2÷/ ñ÷â2/ â2/$ â2.!™â2/9 ò÷ ãD_94_64 ãD_94 á   ø÷ûâ÷3÷5x32 â3/ZINC â2÷/ ñ÷â2/ â2/$ â2.!™â2/@ ò÷ ãD_94_65 ãD_94 á   ø÷ûâ÷3÷5x36 â3/ZINC â2÷/ ñ÷â2/ â2/$ â2.!™â2/B ò÷ ãD_94_66 ãD_94 á   ø÷ûâ÷3÷5x40 â3/ZINC â2÷/ ñ÷â2/ â2/$ â2.!™â2/D ò÷ ãD_94_67 ãD_94 á   ø÷ûâ÷3÷5x45 â3/ZINC â2÷/ ñ÷â2/ â2/$ â2.!™â2/F€ò÷ ãD_94_68 ãD_94 á   ø÷ûâ÷3÷5x50 â3/ZINC â2÷/ ñ÷â2/ â2/$ â2.!™â2/I ò÷ ãD_94_69 ãD_94 á   ø÷ûâ÷3÷5x56 â3/ZINC â2÷/ ñ÷â2/ â2/$ â2.!™â2/L ò÷ ãD_94_70 ãD_94 á   ø÷ûâ÷3÷5x63 â3/ZINC â2÷/ ñ÷â2/ â2/$ â2.!™â2/O€ò÷ ãD_94_71 ãD_94 á   ø÷ûâ÷3÷5x71 â3/ZINC â2÷/ ñ÷â2/ â2/$ â2.!™â2/QÀò÷ ãD_94_72 ãD_94 á   ø÷ûâ÷3÷5x80 â3/ZINC â2÷/ ñ÷â2/ â2/$ â2.!™â2/T ò÷ ãD_94_73 ãD_94 á   ø÷ûâ÷3÷5x90 â3/ZINC â2÷/ ñ÷â2/ â2/$ â2.!™â2/V€ò÷ ãD_94_74 ãD_94 á   ø÷ûâ÷3÷5x100 â3/ZINC â2÷/ ñ÷â2/ â2/$ â2.!™â2/Y ò÷ ãD_94_75 ãD_94 á   ø÷ûâ÷3÷6,3x25 â3/ZINC â2÷.3ñ÷â2/ â2.)3â2/& â2/9 ò÷ ãD_94_76 ãD_94 á   ø÷ûâ÷3÷6,3x32 â3/ZINC â2÷.3ñ÷â2/ â2.)3â2/& â2/@ ò÷ ãD_94_77 ãD_94 á   ø÷ûâ÷3÷6,3x36 â3/ZINC â2÷.3ñ÷â2/ â2.)3â2/& â2/B ò÷ ãD_94_78 ãD_94 á   ø÷ûâ÷3÷6,3x40 â3/ZINC â2÷.3ñ÷â2/ â2.)3â2/& â2/D ò÷ ãD_94_79 ãD_94 á   ø÷ûâ÷3÷6,3x45 â3/ZINC â2÷.3ñ÷â2/ â2.)3â2/& â2/F€ò÷ ãD_94_80 ãD_94 á   ø÷ûâ÷3÷6,3x50 â3/ZINC â2÷.3ñ÷â2/ â2.)3â2/& â2/I ò÷ ãD_94_81 ãD_94 á   ø÷ûâ÷3÷6,3x56 â3/ZINC â2÷.3ñ÷â2/ â2.)3â2/& â2/L ò÷ ãD_94_82 ãD_94 á   ø÷ûâ÷3÷6,3x63 â3/ZINC â2÷.3ñ÷â2/ â2.)3â2/& â2/O€ò÷ ãD_94_83 ãD_94 á   ø÷ûâ÷3÷6,3x71 â3/ZINC â2÷.3ñ÷â2/ â2.)3â2/& â2/QÀò÷ ãD_94_84 ãD_94 á   ø÷ûâ÷3÷6,3x80 â3/ZINC â2÷.3ñ÷â2/ â2.)3â2/& â2/T ò÷ ãD_94_85 ãD_94 á   ø÷ûâ÷3÷6,3x90 â3/ZINC â2÷.3ñ÷â2/ â2.)3â2/& â2/V€ò÷ ãD_94_86 ãD_94 á   ø÷ûâ÷3÷6,3x100 â3/ZINC â2÷.3ñ÷â2/ â2.)3â2/& â2/Y ò÷ ãD_94_87 ãD_94 á   ø÷ûâ÷3÷7x63 â3/ZINC â2÷/ ñ÷â2.Ìâ2.(™â2/) â2/O€ò÷ ãD_94_88 ãD_94 á   ø÷ûâ÷3÷7x80 â3/ZINC â2÷/ ñ÷â2.Ìâ2.(™â2/) â2/T ò÷ ãD_94_89 ãD_94 á   ø÷ûâ÷3÷8x40 â3/ZINC â2÷/  ñ÷â2/ â2/0 â2/, â2/D ò÷ ãD_94_90 ãD_94 á   ø÷ûâ÷3÷8x45 â3/ZINC â2÷/  ñ÷â2/ â2/0 â2/, â2/F€ò÷ ãD_94_91 ãD_94 á   ø÷ûâ÷3÷8x50 â3/ZINC â2÷/  ñ÷â2/ â2/0 â2/, â2/I ò÷ ãD_94_92 ãD_94 á   ø÷ûâ÷3÷8x63 â3/ZINC â2÷/  ñ÷â2/ â2/0 â2/, â2/O€ò÷ ãD_94_93 ãD_94 á   ø÷ûâ÷3÷8x71 â3/ZINC â2÷/  ñ÷â2/ â2/0 â2/, â2/QÀò÷ ãD_94_94 ãD_94 á   ø÷ûâ÷3÷8x80 â3/ZINC â2÷/  ñ÷â2/ â2/0 â2/, â2/T ò÷ ãD_94_95 ãD_94 á   ø÷ûâ÷3÷8x90 â3/ZINC â2÷/  ñ÷â2/ â2/0 â2/, â2/V€ò÷ ãD_94_96 ãD_94 á   ø÷ûâ÷3÷8x100 â3/ZINC â2÷/  ñ÷â2/ â2/0 â2/, â2/Y ò÷ ãD_94_97 ãD_94 á   ø÷ûâ÷3÷8x112 â3/ZINC â2÷/  ñ÷â2/ â2/0 â2/, â2/\ ò÷ ãD_94_98 ãD_94 á   ø÷ûâ÷3÷8x125 â3/ZINC â2÷/  ñ÷â2/ â2/0 â2/, â2/_@ò÷ ãD_94_99 ãD_94 á   ø÷ûâ÷3÷10x56 â3/ZINC â2÷/$ ñ÷â2.3â2/4 â2/2 â2/L ò÷ ãD_94_100 ãD_94 á  ø÷ûâ÷3÷10x63 â3/ZINC â2÷/$ ñ÷â2.3â2/4 â2/2 â2/O€ò÷ ãD_94_101 ãD_94 á   ø÷ûâ÷3÷10x71 â3/ZINC â2÷/$ ñ÷â2.3â2/4 â2/2 â2/QÀò÷ ãD_94_102 ãD_94 á   ø÷ûâ÷3÷10x80 â3/ZINC â2÷/$ ñ÷â2.3â2/4 â2/2 â2/T ò÷ ãD_94_103 ãD_94 á   ø÷ûâ÷3÷10x90 â3/ZINC â2÷/$ ñ÷â2.3â2/4 â2/2 â2/V€ò÷ ãD_94_104 ãD_94 á   ø÷ûâ÷3÷10x100 â3/ZINC â2÷/$ ñ÷â2.3â2/4 â2/2 â2/Y ò÷ ãD_94_105 ãD_94 á   ø÷ûâ÷3÷10x112 â3/ZINC â2÷/$ ñ÷â2.3â2/4 â2/2 â2/\ ò÷ ãD_94_106 ãD_94 á   ø÷ûâ÷3÷10x125 â3/ZINC â2÷/$ ñ÷â2.3â2/4 â2/2 â2/_@ò÷ ãD_94_107 ãD_94 á   ø÷ûâ÷3÷10x160 â3/ZINC â2÷/$ ñ÷â2.3â2/4 â2/2 â2/d ò÷ ãD_94_108 ãD_94 á   ø÷ûâ÷3÷13x63 â3/ZINC â2÷/* ñ÷â2.3â2/: â2/7 â2/O€ò÷ ãD_94_109 ãD_94 á   ø÷ûâ÷3÷13x71 â3/ZINC â2÷/* ñ÷â2.3â2/: â2/7 â2/QÀò÷ ãD_94_110 ãD_94 á   ø÷ûâ÷3÷13x80 â3/ZINC â2÷/* ñ÷â2.3â2/: â2/7 â2/T ò÷ ãD_94_111 ãD_94 á   ø÷ûâ÷3÷13x100 â3/ZINC â2÷/* ñ÷â2.3â2/: â2/7 â2/Y ò÷ ãD_94_112 ãD_94 á   ø÷ûâ÷3÷13x112 â3/ZINC â2÷/* ñ÷â2.3â2/: â2/7 â2/\ ò÷ ãD_94_113 ãD_94 á   ø÷ûâ÷3÷13x125 â3/ZINC â2÷/* ñ÷â2.3â2/: â2/7 â2/_@ò÷ ãD_94_114 ãD_94 á   ø÷ûâ÷3÷13x140 â3/ZINC â2÷/* ñ÷â2.3â2/: â2/7 â2/a€ò÷ ãD_94_115 ãD_94 á   ø÷ûâ÷3÷13x160 â3/ZINC â2÷/* ñ÷â2.3â2/: â2/7 â2/d ò÷ ò÷	áà
edit_header ø	# Pro/TABLE #  [] S 92; [] W 10; [A] W  3; [B] W 10; [C] W 10; [D] W 10; [H] W 10; ÷
à items ø÷ûâàtype àid à
name ROZMER àinvisible  àui_col_width ñ÷âMATERIAL  âd23  âd19  âd16  âd15  âd18  ò÷	ò#VisibGeom
à Sl\¯îÂåW^HïàK}Ëp(?oM’À! k~.ÐG¤9/¸ù{.ç…³5íùú#Ò½(ÖgùÂËÑ,.«±-UD.w'÷¹,óNI‡>¨Ð
þJØ€uˆíXlz«pî¬!uœ g;Ä1-=šÊ{Ž­ÙX.tÚfªgµ~ÿ&J®¾eõÎè×¾ñáÑ„á r{™`nAc×œ^_•cU·Žô°9—GÈÔ( ;”ƒ[Ooè£$}çGš-ÖŒc.¿|U­$_ìÀ!Òs]¢xñƒà¡§Ï\PÛÜWÐ?mFâÎ¬Î-Äâ?}ðÁÍ-bÔÙþüƒº×sÝ‘uHf`(;ƒá 1^ÍRMƒDb.+9ö$ã(s !xý\£>E#šx1Mµtí>ª‘•r1;‡Úx
<ú‚½Á}:xèmë$j¼¡o@ÏiWˆ¾gÊõÆ*m÷ì1Z”·aPúèu'Vli6(î“­;í¨;Ì	F1Úì4¹†W•Ü‚ª~Üx¬L“uÆç{¡jï6zúÇË¤!ˆåqôÑÅdœkÉ<Âµä—s=¯5‚'U¦)Ú^/[Bt±;´Z(âK2yÅøJ>%÷ù ´èdø˜8õh-íÂ˜{EßŽŒÚ%ãÀ÷â²©ƒÈ.yÝq&ã°ªtgLC…8q@ì¨[b¸xIfî—4²î
‘_jª„ÚøÉÒfÐÛã\ ßå]·òlN6#ÀÉÙÒ¹z#o:ùGÞÄbÏR+ÞÊ^õ=gŠÇNmvÜðLŠÕ…Á`ûkè]YÏïëFŠlRÿ8ˆyˆc¸ä*gAA²Òiúø¹àÞ ·‹pB©nù9bÀË¾ ÚC-¾&ù’&ÓÏ¼ir1ôÀ;^Ó‹Fõ¬VxJÑ¥ü(;x6#Å	P¨{ó
}y;ÛøG€-Õ¨æX~¿c]¦;T\‹žànÐŒ)ßƒQ5S,)aòD`S½þžÜnœeÏõú±ï\F¼Ï§ªGVGM3ŽÄ‘‚€³a²W—1K­œÃ
VÙæ;iú_^¡~ðÍ+Cùá1Â·ÄAâØÃt²”¢ºÿ«€÷õM¶¸£éü)BáÅi_¥ÅÀÇõrÙ1
HŽœZ]ø2G(raú2:£}q?_|\¾†@]Þø¾°ðF)Å"B7ÑOÑ3¡×ŒqéÛÃW¶-‚„Þ.euøã™L7€ðµ¶rz³ r	†>1mò1cŽ!²!°Û»MÎV©ZÍŸG» ½t;\²ZéíÃï—ñ	üX>à94]ÒWÐðˆ—Ãk#ž€	LO)ãªZ,ª[pÒ>TÄ\û×£óGÈ"›þÛúž!¡óå=ï%‹¨éé<ùûÛÖZï[GÄä.°"{UêÇ!ýU··ª¢q ¦™®ÙÿùîüßÙm;gÑûHr Ë£k!•.Þ¹œîŠàCï™º†.8ŸnJÈ»FÌZoÞRó|Ì%îâ>‹ùì¸~¥baÄ€ê`&Ò6
ü) "´ìLipD`
JšÛIš[®îwäY"K\¼rSRŽ²×ég»„±4g±IzÕGkîÞx¿¦uêf0)¾I€M#Í{·úÓ556¾ØŸ
òN·bœ@YHÑ-…Žÿ#ë¼€BZ‹/²—ÌQCÚÐçH\à®Å¢‡0ÃtPüWI½:ªÀ’\IÝ#„@ïªÜÃÜ:N¦ÙÖ9ÞÔN	Z‘ÓaÆÁ“³MIâÁK·…YñBÆ¶Úî:üHÔ$êX¤J‚ÑÂQOÝDó¼ñF¤'ÓLêp‚õÞJÔ%KÂ¥;OŒÍÝðP½Ü'Ì°÷ÉËbbÊÏf ðÔ‡¤qf
nšú×ë+”×ÁHå/óþíG‘Í‹× £åÁ{q
±$Nÿ.Ý‹E'µ8û8ÇéžL3>aíÇ©&
T‘_‘
Šf´Ð'Ûn[4ºQº)5rŽÌ)=^¨ŸÚ w©d@N§³Õ¥3÷àð"¦ûÖ¯Ü¾a[%F«ÀIî‘A×˜§ª¢Ýžz‘ºx94U}za\Ç«'jÕqƒJž”Ù°WJ®cÏ1AØ8AÏËåÊö¹Õ¶z2ãY_bÀŠ'úN¥Bô7Ó9O_–Õã#†9s}aóoVZ“!:Âä 
1H65}
¼)‰ÉÃð¡²Tèa^K>ò¥Ôß»_Ö8×½yŸÞr£€ÚÓ-â™]Jûjyv)ã…A3)ñ‹ò©²oÆÆw²	ß¾¤úÄS²S7;1øÛdÞzÿø‡õ„ë+Q¯<Z@(?í‰«âÞ†ÑÇka+Ã<ÊÈ~\}à…¾ÒYmê˜4+ýiB7ñ <˜ÿÉøƒÍ(ú‚Íáž®¡ÃBoyñC¹”îÚ`í¢–?Äà!õÕ$¥»ð°<ªÜ¹ò2šöÏÈPõÈeº,Ëx–­îÖ¬u‹w—éádqÄIÙzËòÀ†˜´b;‰nÙ —±žÈTjFä˜4™ŠçßãcO»RÒbé”AiËWž\rÓcáBãYY©Ó\të½PëºvG#§ÄˆJ·Ä}rSàEõpD#ì3Q~ÛIh°Ç)lå&Y«ã…	ÙÌMÉ&û½òW†¶Šbå‡ó†ù»}tÔB°»—°ÁhÖ¯¥¤Œ©óÙf®ådy…!ñ¦¤p}YÞGJËÛpçŒŒ?˜Ž¿Z¤îžÕþöÂLBÈ‰2Eµ0ŠèÛFMžö ù¡CB–FRËCˆZh†Duê†î1m"N¿—7Owß	ªPTŠÿÙió‡8ƒ’§ƒsÙ!H¬MàŸÂN¢új4‡t4ƒ„G­:ïìÔbüG—Ÿ¿e½Ä¯ æ¯
„ÐÜÇr»vyaä£»ß·¡$Y`îS‡ŠnJ®	&˜ÕÍZ¦×!
/XÕº]DGovwÙ¥ uüEa‰½yïøÀƒúU£ý~ÃO‰ïz¥·{;jm¬—.ìÊÕîÂçp¡³‘ê?Öj™ÈŠ2_Þ¢OûÞ+††ŽxÉ5à3ë)é¬Æéµó›¸ ûr9¦ÞZ3ÆÀ~ö
-‘Tã®ƒvgs†@Urƒ¾»k;¥!ÂE:1wãÒšj ¥¥/ªÁE}“t–©}[B–ã|ø•wS²îÖ}Ù×Jœzq(4¶—¯_u«(¨EÄOð<TVù§–Áì©ƒ³6õ÷{¼™^Í"è6ÌŽwåU¡±ŸejÂ–ôÍ˜œÓŽ—¦þ2ÎeüµÄE
Cs¬·±õ¯9E{˜×µê–•”¦ FuÐ³Ñç¼óÿ¨½ºÀœOýPcÆ#…!žÝÃé;êÅA'õŸ‘AÑJ%8ä·9:8Çÿ¾)çü: i>¨;Qº¼µ³^2}!
-Ä¨a§£öRØáêSÀ£og&À†íY‡(H®P;bâÈ5¹éËjs¼MØï&éõ6¸5{º¬q3H¸XTît¯GOÜÉAfÒÜWØñ¸C(#¤[—õ¹ï‘?L#
 tÜTÕX1´|OÊò¤–|È¹7HV6øW¶•[òh=6—å^4#ÚäÔôŠS;ìóþ€ – û ~ú•ì[Ûu¹®¡ªh¯kTø² 0
ü]äº[#tcx$Ãa!Áœ÷KKÄGÒüÞÔ|	3V(db|èµ»itÏ_Vgè,}ó;yjœ]*aŒHN„uúŽÑUô}ªøÄ«Aââ¢a>–ý-`kÕ˜¿ëïû@-²¢ü0LäTþoÜ~³×$Ùcým|Îò-óŒ¥›	Ì¥¶7FèíÁ˜!¾^ |ŠÜüë¼ÀßðÇÀˆµÖŠ]†^´…¶¤ø°², À¼É3Ó¤ÉÐºŽå<Üœº>ãúÚÏe$T/˜T˜Ó­I«0G¨9K‘Â9¬JÂ†ÚkÙñ:DéWŸ2ç9µåUþtÛ*¡QãCûÌ?ÉÖißULuuIeš•ÒuúR‹òA‘[ÏRšofíÕ$òÞD¯<Ã¿›^ñä|;Ç+ÉÑoíP3¯£·ä9¹UQ*·J<vE×™Õ9JËzxÜDURô°Yìu…B¡nóÒÂQpöTãh‘f)M(»½d1ùrÙz?«‘|vaÌ¢û]á/²¬EÐyHÑõ‚¤xxB¢lÂŸÃ^Íû<àB»ài÷¸QÒî Ò€NØ¨^T¼,õ¶L÷±¡~þÏçò¶ØÏ"™rqq|siŽ‰ãI k+7ÆN…{Yw•9
Õi‚–
nDÐúÒ‚Î#¤•P".w±µV"DâÊŒ1 q ‡æ¾Õ`Ù”ßøA§¸²öÿ"‰u•?õ¸‘iÕŒ¦ÅšjÄ(Y®Ž@ŽåU£^{¸µ~+‘‹ 
Åý©Éá«zœÓ
¥QdJwG½‘xí#f'AŽ3,Ü[Ø©±S"QÒÚÀ3ëµL8#2Æéãè+qk ±Üahðç”«_üÅTw1Å Ü-ÞÎcæã¬D5qÓ§.ÓKaË.”¤niX
wcgZíSÊs59ÏøDKø þ‰z|—Çw\}v‘älmâ¾ÄÍµÊ;³Iy_w…PhìÓD-SÉT&Ãn¨éÁaÑêÓ˜¦«2{vùg¿•KD¾9¶ˆä'‡#Í _v¼oÍMyºœ&™­A²UÊKÎ-ÍúÀrwzDõ£ÆÛ¾ivUê-g”Úÿy5³ 8b µP^=ÔÅŸ1í[MS,â<ã*!Sùž^QÀÕüªÏ9îðSe*doÆë¼ºD“ ³ \ÿ©"JÂ è*‰ÉïÝ/ž	@ºzñV	dWZc^7–“B£Bù“qã'Fê>ëapãÍ¨hò{¼/~°#wêl¹"?å±Ó§C ™³ bt-U/¾šl§O„w¹œº—ùÞd”²‚Øcbe tU$êêžQÕBçñÝ–üÕ•-ÆBÆ.˜'MGæôª­/æÐ/G;sÿ->½S½Ac°C„j“ Ù¶3,ç¹w}¨‹7¾,"æ bºß,÷‰B#¦fH~“Æv)!º/¶itŽÎóº);ÜçS­o$¹€n†è„J3Þ\/D~¼=¿ ŒBHÚÆùâ`åZ=[±[c;Æ*.Kw\³•¼Èç#U™ÑpŸ®ŒÕþ¹gX@6»
B™NOb[a7c¦”Þ;ŠFy Òs<¾¢‹“U_‡•–0ÁÛÊ½A½uóž0=ÒQó ‚LÂ€¸P=dFÄLÛÆßi²ø|¸@k¨ˆ1ë¥írù=(¤‰ìWå­k´­S'.ˆ˜[ñ¡«q²YÑw«'¯1hq$ð8‰˜‘'cµ,î`[2ô}Ë7ì½E2v¹¹Ý}‹ìdç‰¿âe©É¬Õ`“{J¢Ýû¼°‹ s¬žŠ‚ö”m¯µß„Ç	ãÃëV!í½²ìêÉÀÆâ…=’ƒñsp"­Ñf„|"^Ø°S•Öfûv;=«¼Ìý
|ÎÞýädÐ£:ÇtïÆñ•îL=;›x”ttù
»»ºJ•ðtéêÖ£P¬8ïbÿ{[Ô£A/÷è„ja¸Q.‰G©Œºl¦Jë{2*®=6êàb>Oâ=_ñ½×ÝòÄÓ=ú˜õðžŸ¦¢£5ºzì^ªZDxEˆŽÏ(èQt†]=K•T­/oHaž#Ó
ÒªD­}5Uæ}Áb_-¢€zÙèË¯eûƒh"&;&ÃÞ°;mC¨ú$ÏkÿÕ¿œC'æLóLäjßýmòþk@+šbÊ“`Xñ3Ÿí#¦xúÁ½°É«•æ§“`2­¶“›‰ã§kñå+ûÂf(8·µÌ˜|g‘‡+ŸBJE³on’I¢órÒ0Wm$7 ûüdœG®‘UP›I‡÷üûlà¬öqƒˆ2ÓÉ +«Õž©Å5ÌêØ”¨”V€ÌèÜi±éƒƒ¥¼ ïs<!j8«‹`ÀÍØ:„® o93Ö„Òôß¹©"xÐïõÖO	Jª¡Ì¨ˆ"ÅŒÉïj› ˆ§×²ˆõÆôtˆl9íªzî¾~ÍÕ¨þöøðýmŽøZ†C«\àÜ©žNæ“‡F—oüo=1W)ˆpÌØÿ ðHã[IH‚+Á·±HMÎi7üÒ—Un»Zñl„ÁÐ¦ñ®õ¯×5#wÎ|Ÿ.…!›©RA™üÚUâ¥UÙ,Jó¾¥Âä¢zÀòÕ ÖQCZÄö=žÊY‹™âÁ²Ü£Ÿ?•öW„ÈÔ2"…ˆlâ˜ê¦R_­d›ÒòXãŽI£ßˆõÄv¦‰œåf¬ŽÑ—NøÕ@Q®6VuìŽÌò¸•Áˆ%p]ç‚i¬.Æ–u˜¢ÛÐ!³C%—ÆY¦¢ØøSrH”2˜G[1K³ÆGšÖ‚ûò †Ú’Òhu³›?NXc¯ðo¶=c-yR'¥T€ýõ•ÜR„C¢U­Î°Æ¬N`“ŒÍ´²ãÌkë(åë4ãge&‰’YìSðÄ}’P’7öØm‰rgm|Îò-óŒ¥›	Ì¥¶7FèðKö]YwSœžs(ÈÇ	
áÎa"è—CXuÛIéq.ªPø°², À¼É3Ó¤ÉÐý¤¿˜Ì—ªã›ÅÁÿê¦pbí9Ü_þV€±™?X¢ô¹\0|×“œYÁ z·ÞSê²ç
Íî&hSíBcRÍ.dN˜lf¹
¬iØ9ýygsþ¶,™³/šü•q‚`Šµ¯¬–ÛƒºŠSO%Š:²MÝV}T¤wËbqŠ4\¤MDþ¶>K3Mˆ%Ýtò ªÓØ(âßHræ¿d"–Ò-À.	ÆA6rÚ»]tã³NmØïµ€è‹Ôá­ÇæôM)¥ÿÝ°;„
0€'ØSªÖi48 ZÞñÆY±HÄƒ™”M[“N,L‚mÉä7ç¿žlT5eôy|-†x„Ÿ§èoç”?i‘”íG`¨T¶«ùá1·àç¾ƒoJª±‚Œÿ&ñÞg‡UèW—XTû¬ŠXåŽVH›•Î?“·©eRS3ŒÊž¿m!w¢R2:‚IQ>£pfÿßši*â ùïo©­ÞýóZou€×¤Lug."£3h®ú¬@±µ1›}ûÍÊÓ›Dãúz”«–Ž_+~Åµx 21óþ¨ùÃt3LA*êbN:Tö9î3×N	Ù2±Å¹Ûá¥ÍAoOìt…o]kË™š×ê?±h íC±‚æv3nT#ÊÏTù®KÐù{Ü«ííRª£!dW›_5Zj¢í )H¡¿|­—†b–†²JUxN6ª#@7ügÇÎ*÷Ú^ñx+ñ½ï˜<ƒÙn´—ylÏØ™JÕí|îÙÕHq-tÿ¾K°­#ØÚå¯dÙ)ÿ.Ÿ¡/XÚœ—&§µýÅ<é#–™rxz‹–ÂÙÙ}¿Káƒ¿°ä|îjæýçdÁÏæ!	ù=ª&)mAÙçÏ›Ä^³^ûìPA?Æ·€ÝÎC¼ü‰K®;Äº(¾%È¿àL@¹a
xü³ëkp%@{DO%@ˆ¸TŽió»FÛ)‰6@ˆb8“ØS²~5ÊÆÔÑ·U}®ôVæ´ˆtŠ“r<rEQ£•„Ò¨)xÄ ª[Ê©»rÛê¼MH’bÜFˆ÷÷¾ÿ´R^rÓ§Äò‹¶Ý¯(º¯‰mÉ*°ë9`öcÅQàeyøÛÏ-‹Ù;ùÝÓHÿ×e1™
‰jäÉwðêöKz‘KòLÿ†òB3ÖúníåŠRô†ùÒõ!¤¸ÐÂ±šÁºçˆ©7,Cñò–Ë2M¬å)ÕØê:Êé#iPç“}õ˜ñ¢À`O	/XËƒ—{›¡TÎJ×û¥ÏÒöQÂÏhæŸ±Rµòði×Î ÓÑ]Æ‘=è¶·â0Ð%68ñÙèµÑËvæm¶|.’Þ¶ðz›üáJvùëÎÙ Õ'²Á]<Vàµÿ'I£CãÅ­¿ö@ù´˜MøÚùŠÃµ$ž¡`Û¥WæåFÝ÷Ð‹S'òæÔ–ÃÜH@‡~sý9'IÑx”M7I•zŸƒN3±„4+eúsÆ^\|²þ­'À}>g™;]¯²o`xæ`ÉKœ°,á‚ÍÍ0B½sÁ¨2¯”1ˆ*Ì›p´Ù¿_,S°––£$\½%ûÜ‘ê«0MèŠ¶Òà‘´ Îw“k,>¦öÇ™oÁt—tÉt—t÷b‘#NovisGeom
à SlæåeO€}[‘ôKd
‘3È]îtÄoÙ›8Þ.î5Jøœ,¨ŠëG¸f¡1)ŠD5öI8F¡
tSMG šlÕ~°¨*VíÃÞqL…Ù6ÕÒ`1‹Ú9X¦¤‘æè×ný¡ÉµøÇ§ÉXdqÛýéRåÜ6*n¨qJ¼íè{psïþC„…—”œB.÷*|îLÇä{Y¿Ë“GÝˆˆ0ÎÃä­ÞC´¼»Ý­~…ÛÅÃ½:]“ßüùlÜ¥ Nia{BRjÎ¥9Ÿ-82MûrŽ–Ž³ä\iÛKØ)ËnT2ôi¨[¡x«¥(~\¾njÉŽ|nõ^_Rà¯Ç;ûI0P­×à%÷[(Mp÷Êß°¼ko¤üçÜaG¢Ò²Z§Oë³.8'ÒäWª›à'B¿B¼Rè¶«ëþÔÔ¾øú¼†¨äE"ë”é²yBÂÆâ lf¸Ç½yË>Êúž§[Ãùµ€
Àó_ëu§k¾mÅÏÏA¿@zøÙdú£!ÒÖµî6ŽÞ s4üg¼BI*ÒüÓ{W$¢^~Åø¶‡ÿÕ¦Ý€-a¡Ñh•ù³EÃOçß¶ö=jyÐ0æg —¿¤ r*†nýömW³žú +ck€÷ûI¶)pŠþ[I™¥ê^áyzÈ0~¸×¤‡±=€(ù£p¨Pi•oõƒ%kG¨®ÞÑàBéá;ä¬>Ã‡-jŒûê·TÝò‚oŒ9¦lÏ[wj•ÁIŸ 7À\PêjÌ	$j9ØÈ¯ÛŸ,(G‰Õä©Ùþ¯ò½ö3"&‘'l·:o!dÀD;uç^Óiþ–›yá.ÝëôÓJÓDâb#+gokò¸%,ÜAÌ€À©«Ì{ˆ=>¬ánjÓ;¿ÅƒÛ¼öÐ ÑÐ7"z	ó &¶ÖÒˆOÌ9	Kÿ·4Út2ág¿³,íM¿qÜBðøß¸+|M¾¿ˆ¬ö[ÅÄr³,pZ=cü‘­ôÞiø²“½Ñ‰{ùª—UåbÝª@šôUoc¸Û…l–ZåÆuÓŒj [Ú¦kV€Xpª"´ |ÁFÆGRN€„GWÄÁ%2 gFñÅD(#ƒÛßmÄ€á³¾|Ç”Q‡»æÙ¡?z(]ç·§_	Sô$ª»ù(Š	’Ò„æí X<8XJT¡ÂŠ|P\ß3ýªô"V1~I×HzØ¬9NP4ÿUš)‰ªÁ•	2&èFa‡{ä‘àxd©{º(ÁßHZéåùç*Òe›xIØ¡ÚÅ…øØoSÅ5gÆ#o
lcð“Ä³õG¸¼{åe«r¡W×Ò™ákiðT÷Aµ®c}¨Ô½”Œâ®9(Æ©i_iÝ1còezÕzCÌ™¢›Òdü“›·ª½EÀ©NùÕ‹”˜¥«7)õÐº’Àt‘>†í'´k[à‡(GT•ÜØï§WNFù?Z\Ë›¼1u†y‡Âô¯¦3|ôÌHC±*ó@—M7cž•ã˜aÍP_Kº›îMs+såÅG•2“÷VÄgJ_µÜî89y9(„nð¤©O•»%Tê’ë»S•v ¦þ“3cvŠ!<;©²W6™[f”æùx›¨‡A{î[%ù1ß¸ÐD~ÊqÙ§+¤8ÃÌ6[müÊ³ÒüÜl/¯å9uÕó^W®/‰‹€@&Ž÷A.©SÈ ëó¢P%8´
õOƒ÷àö²¦óT=YÝÀ"aØd"ÃN™åÛ’¬.WRk‰1d¾ëè}t¢Žß8ß¿ýÿ-Pæ
=I<²…¤*B_ö¦³„Ëì&B^°Þ*‡œÀIIŒª\cêËŽÂwq•r°w’‘©=Lÿç)PÈ^‡”~aXîQ —Ÿ‡5Ãh²5Ò[äëÜü¨üí¢‡EwL‰'ìÿð-@D!ˆbh<UŸ+â"‰OõûbÑÅ±îTsø4$]u4%ž˜­Äqb(Aè`êJ:èV»¡GDMé'e‚Æ±*ŒÃ(FÜ 59QòkõEš1Ü.T ¹KT aµX%ŠOÌ9aNŽ|4¶ê¾Á/Ç	©“Laçc[	Î>±x½ëS¹}Â¶­‘SJPØ®÷þ7Ò>i{¥k-ñ‹\uCÅoÝŸ6¥ÍÒÊ!¢9g4å:ú¨«ê?«F7%kÂ¼ã$N“ìßm9þbðõ;6(Fó±±syšpÁÅâ˜ áªr?Ið>•Ñ2ìÍ mm"/D‹«B}{Ÿ÷#3-]Æ–ÂÎgáÉKé3QÔËõåLëCì‡¡ÜRôùÀ],A7qà©Äá><2wH¡¼¯‘…œ£¥ýSK‡¿Þs_“mÜäð#n“Ñê5H»/ïÂ~Ž¤^O“cK>!íºÑ‰ò7Bó:Á›ØÍ9x]ÛæµóŽ.Ž­¡Ï=	Ém&Ô>jFy O¶±ƒÛ'2FÂ3±<ÿ~WBwÓçêû4£'º¨ütæ´€ÎÇÅõ¢„Bÿ|h‚ÿl#_î:ÊQ/ªj:”‹›9Ö~–§NÇ2Áh,‹qj¶‹àãu2”»1('ÎJy–6Z<Õ+Ì‰‚¼;²ðùfI‡,ÄLÜ©¼«Ô'>«ÅèsÝ{‚í3óÄ†$d„$áG¤'¼ÉººDûïÇnælô;2
Û†¦Ë¶¥ý‘¤Ù›­Æ6¢pô=mZ'Å?{å‚Ù/‚ìZ·Ô’S±–r?up³²L2;Éÿ4[¨Kátƒ%!¥škÕA¬4+UÄmäIÝŽ&ƒÐ¿J )Lûñ¯ÒØ”…×§ ›yÿÌðÝ.”.¾eC¯ya²ë’d­›®ã˜Z—Y[ãÆ$¶IƒaÇû•úÄÖq«tÎ›±t9ìû@%hedF—kŠ÷âUïgpSä
I…‹_ ×b^3™Ïãß¶aïª*1sÎlô}?õ #{š“›|ÀX­q…Ä6šl¡ŠÈ	òr½K§š9;ñâ4[Xr©Ý¡X)b¿8Ì'Â²¨¯á€¬†˜>!´pb–g–Ði)jØŽ‘îW´ø¸1ý…¿ð[—î¡jeHÉêÊxð¬iîõi¾E â‘«‚ýñÛˆh«Ê¹_ÙÆú¡ëõjØP~ågêÔôÎ¿TÑî'¥Žãrì^d8[ø§¯ç‘<ÚÑsSpRˆSì‡‹o)g:6°üõ0¡5ä ÷¶ø˜/ÕžEß5Ð¦½/´.x<ÿ‹{}£`&ó!f `dÌˆañ!Wh°ÈZŠèá!Žâ
¾zZéqõàvO†X¬ð–Æ¦Ý5(7¬PªKçÇ—g¢’lqÞ¨Ä\µ¢ðüB:V/¿•ï	²%íŠPû0ƒùWÀÍ»ÌÒÄñƒ¢Úg^ØÀ¨Þn¿¢x ÀR¡\	‹[TRgûÀ¥×-‚ÎºLK×¤›Êõ)øÏÜÇ?ÿ4ÃH¥QE¿ð^ðÛd×Ðb:ŽÅ
ÜIó™Ñ1¾ì¹Ú=X,éDºû{Ø$‡‚ˆ<©®rVÛ×j[¹ãMº1y¦P^ãv9 ÷Eÿ|¼,è‘âu1¨\K´ßjŸ5¥ìM8Ð¸Œá
˜iÖ˜7ª–|e@îÛ­y¾ÍiýùWmñúYÑ÷.L=ZÑ(šû±™ˆéúH›OOõ1Ç&Tð9ój7Æê’ë‚‹·ÐÕÓd­Òá‚
Â¶ÒíæÖÊ Il}1¾9¶÷–í÷&–Iæ2™S‰?cKÚÆê™+®ÍóÆúxlÆ³ðêap4Õ?ÁQ(AjÔÙgØŒJ[ÄØëEÖ#³°ú§˜%28¶ÍRMœµÓ÷vZ¹0o÷¶²Su•>$|¯ä%—GË3e6Àâ|Ôd§j€0év‚}tM@+ÉÈ¬÷¨…h
§¤%sæû^×õpšÞ¢É!k‘ÈýÓ`Cu¯p¥¿Xð¯ÒÂ§€k»ìc¨6uåóùû–etd#ActEntity
à Sld_Entities ãà act_feat_ents ø÷ûâàfeat_id àdatum_id à entity_ptr(cosmetic) ãàtype 2àid öà gen_info âàowner_type ñàowner_id à text_ptr ãàtext_type à
text_value RIGHT àtxt_attrib àowner_id àheight àwidth_factor à format_info âàthickness ñà cosm_disp_ents ñãà first_disp_ent(line) ãàid öà gen_info âàflip ñàend1 øÀMÅüWbµ’É#Ó/àend2 øÀMÅüWbm’É#Ó/à entity(line) ñã÷öâÀMÅüWbm’É#Ó/xMÅüWbm’É#Ó/ãöâxMÅüWbm’É#Ó/xMÅüWbµ’É#Ó/ãöâxMÅüWbµ’É#Ó/ÀMÅüWbµ’É#Ó/à plane_ptr òáàattr  ò÷âã2öâãTOP âããöâµ’É#Ó/ÀMÅüWbµ’É#Ó/1(nuù_
ñ÷ãöâµ’É#Ó/1(nuù_
m’É#Ó/1(nuù_
ãöâm’É#Ó/1(nuù_
m’É#Ó/ÀMÅüWbãöâm’É#Ó/ÀMÅüWbµ’É#Ó/ÀMÅüWbò÷á âã2öâãFRONT âããöâÀMÅüWbäÀMÅüWbxMÅüWbñ÷ãöâÀMÅüWbxMÅüWb1(nuù_
xMÅüWbãöâ1(nuù_
xMÅüWb1(nuù_
ÀMÅüWbãöâ1(nuù_
ÀMÅüWbÀMÅüWbäò÷á âöà entity_ptr(coord_sys) ãàtype àid 	à gen_info âàcolor àsys_type ñöàref_csys_type öàradius àlocal_sys ùåååàfeat_id à entity(text) ñãàtext_type "à
text_value CSYS_PART_DEF àtxt_attrib àcoord ø-ˆª+ŒNuB-€KaR
AFœ".Žmjàowner_id 	àheight àwidth_factor à format_info âàthickness ñô#AllFeatur
à SlÙú¨ñ…Äk±jÎr0{.ñ¥«R6„–KÕ÷!…ä"ëPÜ²º½úÇ³üð´~«ñ<!öXk67§M±À#žõÄ³:ÔË¸h‘ÉPlRÒê–0ÿðŒ8t¾gd&î«jÐ’ºy€õ
:hŒÖÕs´OEÒ38éÁ™;—f´§°±D2¥]N¡½5Ü¢ýgœ©Ä$`ŸšÑ„û1¶¨#ÈOS	¡„qX³4‰fK²¥ZÄlT€5W¸Ûs(üÔÊ¹˜5ÙðSÜ¬TZtüé½Pà4‘¾ÌÍ6­!æ8’ÜÛp®(Np«°ÿùÚi ™%S/
Þ±ù»>°›à	YWW9>ôÞÌ.¡ßD­ÿ+ø1»P^…‰êÇ­ÈÁNÑC@yKs'IáeÜ7ö<S¼²÷ ÑYßbÞÝd‰sõ’€½jÖ
¼Ï	ÏÄ4èô±mùÌ¨²´nÎþøŒÅþÐ´ó°SŠÕ”ÑŽ¾ùE§ðL×¢'4ï—×‹#|Ÿ“ÓÛä¢ùÙ¬ðKjRyh™A&¾ ¾Á¢Ø}!Þ8™ÇÈ›T8Äï§¿
=¿'°ˆ¹gã'´!8«E£”P Z³â’â‰tìØçŠé8ù;µN‰-GÿÓÙRÝÛù82sìE‚,>¡?~E¢òIå}ˆ4È¿‹Ûª×1³¹;OÃOÔüÁöNð¥ôàTžQØ¸xPž«pç{ôA|½§ý*p9ÀMÆžÀlP
ˆ•ú.%ÐòÎµ_ZÂ¨EŒTS±_º	)þ’yr—<¸ª¦áõ…¶ÚI{’I »Ã4Î·»ãd-“Ä>ö¥P©ð+0Kà0›ƒ€œÐŸÍÒï0»å&H•.ç~§g†¨o=¼$ÂþkåÙý„'èãÇ·}3L(mg`Þ
âÐ‚œÐ^X1¡ñTyžå«¼?e´Èü`1F#Ìzh=âO[Ö…Îfï[dG*¡².üfØNKŸZO¯ú	FÌTÃ{k÷2¿ÄC-ãÖÊä)ªB`CŸ‘tl‚QãúÜwƒE£ö»wF¹IEi4Î’¼â;’Ê¥dMˆ\â  –5_6ÝôKB‰·¼
Ñø·ãa\\N]É#m]ÉçµîÂÊ](c¼í¥ˆJVZIöË4–Å¿”Ò}UÖ‡ zÙ,Ê¹¨ØöO‹‡oTe½Ad`SOÕ~ Êyé1?y6„ÔuRŠÍý¶öµƒ¾OEc_W1EÇíæY6»/×±®‹ÐÆ;n³]‘r»Ð®®d_y†–eDù ÓÙpo×´†“}þö®Ö)}¤ç@äYqu8ý{°ŸÚ˜÷o¬5bÙ4<Ã£
7«»³Ro+G2 À*ÆB¡O×›Oìühµ ]k|bY’,0IøP|=üC»‡ Ån&nÆôÉùEå&O)NWLâ9ä¾yßµam¶¿#î‘i'®§P4ÃGëö!å«Õ_ƒ÷_¶#.Ó|‚NÔ4°›Hÿ¿,gd®¡"ªPåÐñšâsŽ¿*‹UTq:!:só=æhÓo*Úb×ðZ)™ì?è©ŒLa™™Ë/«è~;;i’Ò«`na¦ ÛmÑJ´¸fÂ9˜c+Ã“ùþ_²´ßÛéÂI„QÞ}V‰šéØ‘ô§ÝÜ™ yNù^úÇ´îºÄ‡F=]´¶?¶—ù¥ùîÝ®ìðXú—É =+øÖûßt×.V{"{\é‰G¨õ¶.çÍ0Ž¨†yÊèË”¢EÛt®ù †Ë8Ý¤#]óRþAÚü·F'!³Pr×h	fL¥£áÕKsZÏE0žN”­ÚI'á@Öä´ÏÄ›R^[Å5Ëè:šv¬ÎéßÒ Íõ@ß!õ¬­ø¾ô÷…ár5A…™Úi·ÅIPË¤jÉ tÒ_U97‡”*€E;*¹ê“T½Ï©‹›,¡‡oÊÝ- mác0 ·vŒU×ùc2ä×x1Éª[gÍyHv¡w‘+Xï·ç#]LŽ>·?ˆ`·vGT\º2Š6-˜óÍŸân€W§àõ¯îRöz4¢ÞQ—‹‚Þº>‚âOóåü‹dR¯ùü—vkšYHó’_ÆÏ}Ç¶õ³ˆF´ve@LEï:Isßìs@È1~‡õòa T<¿J=ï±iåxYl-serþÉ³æÒ8é®Ê?³ÏSBQ ê·8É)¹&{*o5ùâTÎ1tý|Csõp ÛF†!§B®i2bh"Ž%Q¼ŒÂÎQsÚê	oÔrâuCKÿ ðß,›S|¿µ .¢]#âG:ŠÔœ§}ÚNUè%†ò×Ã7]óÏWh}ËvÛf„ÿÆ š%rmùêôöb_‹hº*Orª|L‹—”ìÔ›ÃF!¶J˜E0^À4ïÈ“1ÝV;<]ƒ}d¨è%@>UyâòŽÌeöiUðÊ›b—5ƒŽÓYpÙ`Ïð˜§l±K—*ŒýÄC¢F³qR£“)S¿âž¯`
2ÏeÒÊâû"Šâœ`çOb`à":‹\sü©µ6ltßKßnMºÉ±Zæ,LvJKŽ\;E·Q"–Ì!5Þ>	J»¢É±1ËEz“ñ¸Âµ]ù¶dúC'ÝPŒâ)xÿ±ˆ
^uÄõÊFä·…ÑgåHˆèÊŽaëõ	–õ ¸M¦)õÙí­3‘'¯¡“ÁB4g™F³Å ˆ(®7¡v(cÉfÕ7 +ž“8|ŽÜÂ±,ÕICÍL¬5Qî~©äTÔª?Ñ7§§% Ù6œóç3õ÷	÷ŸÑ#²kTHg §ûJÌ9ÆX·l’W°Ó_ ¦8¢"r§;7¥ŽX<ú!r†ïr>ÃË‰e¶'nbf8CR]Þ~Ç]¼bÐ¡¶¸œ~-‡ÉŒTxQ8^™yxÙ¾õe5KÖÛ×Õ®ô#ò!aƒ<¢ãƒôŒ<H€Ÿïž+ÂVAx1FL*$’FÉjùÏÁÃ0b‡S
V¸ls¶@ÕaÇTÆ° ƒ1;%‚ÑD.Îœß•$Iwé/ÚÛlÁÁ+ðkryîïò?Õ¤–ýü,Â>¼‘yröƒw{¼™X	îk~J°%ïðó[.ˆÔäëßUÿéŽýÃºÅ(¾£aqµŠ˜ù(Cjë·IÅ{eFÇóÔl±T#°Þ×º
`µÚ²‹ÙÅ	xIE5²Ÿ«­NX(óËY‚¡-¤.2ñE‘×aü½	Ã¨‘…ÖaSÖ¯ƒég Gã¶Õµ­9‡ê$§¡»Ñ2ë
k\WR¹M‚,ãft7ü |£ûZ@Úy$¨‘RÞM|{¹²€ÆÝ{ÂÒç¤02Ó	HYÃª’…7_ ´ifiÄˆ­Xf‘6¥ÄµvÚ1Û"(Ð
7ÊWC07ê:s·sý¡|C‚ë9¾}ˆ9ùœéC/  mï÷7ÇÍ³¦©Šý©‰MúÊ:„nàÐá^9Hq€\Ü¦?0ë# ÷ÀI÷´L>ÕãÔdÿ6ÙM‰ÏSlû²{ä®ôÉœ°WF1Ð0Ë2£y¢Õa®ÞÒc»ÎÖn½.axjª »éè-àE¢q’ßë·PuÙÌK7¤ÄBÅs)q¶J€›‚"À#AÕv¯…¾Ô_çkš„k9fÿ œjŒÉtˆ+Œ‘Z*Üg@<D|ÓoõŸÂÓº£À&ð^m‹¾§¯2­Gøüz³¬ëo¾QM­T]{Õy¦¢=Ï<€LH+ò€°ã÷­I[ŒÀè•Ê-˜ûOÜÂõ Ê<`ã^5%Û„sœÈ†{Ÿ="ms÷ƒiý¾¦‡Ê^=+Ybªi0RŒ‰Z7ksîÔSð”æ€¿9XùŽ¶EÏBhQ–`âqƒhKjPwSñÕN„fú¡)ãÂ"¯±(¨k¸¾|zï–Ù$ø„8íüuNÍxåœ–"Íñ'¿lˆ­Ž‘ÛY»¾ºû$s¥|IcNÃÔ<>Ø,Q8œk]!ÃšžÐFœlƒz²"êRw¶kÃø
y…ìEìAŠsŒüF]d+JœTz(¯x,õ*ŽiÝµ’”jf³7…¸Þëg—x0$¼„ÇxBƒÍÖ$\+{¡”Û§ˆéi¢´ìÝtýÁ˜9‘n‚ÎUQ7'µýÆ¦p'(½71ø:¿»ì8ÈëÒ¯ãŠüxë~;f	{«rõð¸Jc—baêŒËß|Æ[Z#k¢M°%ïðó[.ˆÔäëßUÿéùYodû¾o‘ß2É§–¦¨=„	ëª]V_ƒúå
k«zBÀtËGÀÿfXÁÛõ¨JÚAW©c-‘Û[¸÷V5Ñ/|'¦+	ï%†Þv¸÷­.6ñÖn»ùUÚ­a>" EoÈ2óPgÓ /øüøGi’àt4p	»f¹Íd{}ˆ4È¿‹Ûª×1³¹;OÃOÔüÁöNð¥ôàTžQØ¸xPž«pç{ôA|½§ý*p9ÀMÆžÀlP
ˆ•ú.%ÐòÎµ_ZÂ¨EŒTS±_º	)þ’yr—<¸ª¦áõ…¶ÚI{’I »Ã4Î·»ãd-“Ä>ö¥P©ð+0Kà0›ƒ€œÐŸÍÒï0»å&H•.ç~§g†¨o=¼$ÂþkåÙý„'èãÇ·}3L(mg`Þ
âÐ‚œÐ^X1¡ñTyžå¤¡¾Ä$ƒpŒ÷Ã÷Úçm9™— ÏA È£Ht¸P¼n^¦y0sÀžd¤çºÚ™0@”É€$¿k6JuÍl8uÏh¹Kñì"»ž§oð.m•
äGDÎÂŽ'õÐÇ`U„¼ÞåƒT±õÄœwÚÁK9°Ÿ~>(),‹,ý`Oæ«1Á:¢H«Iå¹„ôºð‘‰æ&:M?W"(ã8ýWäxßz2*P-Õ1ÁýmÞµ/]ÎøÍ´
Ã«AëGËo&ÆÈù=UÞjàÔÂøi§_ºÿ	¹âoþ¹b€Ã†;º£\ÿ	P_^tñU]”yaP‰ñ@T	´-,\PW
ùÛÔÃ68âÿõ|&Ø£Ô¬à“ÛQú['wš÷vwRõ`Ký© ¥Dïç,ŽþN¡lrÔ¢,õM£ÆL:÷ý]¦‡»p­1áè˜‡æº²0Èfø"Û«‘[Öm3´›ã@1jU1ã´›xC:Šqy±ùtùNûWTÙP6ëˆ.úÅhÿÊ2K¨J -M, ˜=S
|‘ÉË<ˆ]œd›¤ÕˆÒ<½Ã!–æ‚Câ´kRëî}„?*~u\—*üIjGÀÀˆ¥õ*¢x<õŽë1!ÐZm2¶ÞÁ‡HßU´Q‡sHìE¡i~ÛwZïLæ-?\½Þ7ž6*=Ð— $¶]¼TÔÃâ lî™.¶X1Âß;«Î’i	¯·E‘[Æhi\nŸrÆû
Ž8¡¸mËêO¾vep{×ßÉÝÌ§ðC#;g¹eRhW.Ó#;$OV¸huL"µ’ú…_KÁ8¡!G¤Ö£ü£& °í™¾']Ë…RÚlà‘F:d?¯v‹wçIŒM%úÜCM‡6AaJ¦H
Œx'Â†/•mæ\ØròÞ¥×a;îÙ#Req=j^jÉW¾¿œ8Ï¸k"}jêïUÓáòwj@¨1Æ{‚*Ù£š¬Çè6Î”La½±ùõÄ³ÁWä3c®Ý}§ú >íÍì{Õ™½Ø„‘J÷¶8)jé^¿6xô×V¸LZ:9Ñ	Žø«òo9Y½w®uL’Ÿ›RÏò1un£µñ_)­žh‰06’6Îl9¡íE8›¢Ô’PP"áI³!tY»À¤qíóíc#]ÿ†’Ô9½êÈ¦ˆ’"°=% ×?Rí‹©!×¢.&ã˜]7mþÁ†ÉP‡`Š·m_±JnY¢ú÷gòÑ5“òë°.áFu¤>ÂPahF#}W‚…DŠr4€¾>ªP"©EUxÞ> 'TÚ_¡VÎŠ9Aí¶<iÕ&z‰ðú­ùÿ@þec+S_8·ö3YjŒð;…ÿ©8úÇþÒ, oå,¾çO;+×àßö:õz{‘´eKæ@1!ÞÆ®2âãÈÚ©¥²s¿Êù0›¨6ž¾Y\Ã­)Ýx=Æ¾opK¶I½ÇÕËÏž?ª5Ê§2Œ²/N7„
:fyæ–|W):ÑÌ{¶éEä¥¹/ö¨~•yÍ’÷XM€ï,ãsê2Áz(ÞËõ™Xyö2‰Sòãv©”‚4ãb{Ñq¯Ê)¥ýÕ÷ÝTžÜ9¬ž÷	€p¨$ÆL)mîzj_PâÓhã9|øˆ“da^!Î„<ÏŒx†XÖ’ÝÆŽÙØ$6€ÂÉV”Ìÿ©ÕKc„‰ô_iæwðe%7€`i‘ÞG¬yƒïþsÍx*ÅvóZÌÄõ1ß?ËsN¤m>XÛ€f#.Î#üÏj/Nø¥3|¨‚1W—²]³Q’+Ñë¨+.ÈÚ çøDÎbªÍVåŽïíC§“ŽÕx“IuŒ}dÍã$ÇSÖÜó–2ŸÒýÄàðpXG*CÌDûwI°#Œ§ÜåÓ•>+;ƒÞrqÄaa¯»V.F
ïZkãR­˜ù8;+>…}ÂüýÅ[Nü±éóS»W¯½ÖÁ¨ßè¢ˆñ  Â¨ím%z¢%Üë‘|•«!n*‚À¬½ºtgÁÙú¿AÏ³“–Vy3biz†wÿŒ…8Ò@Lgdÿ«gš²Änc‰¥Ê·ÎÈ€£Ý,Fäbdñã.ÚOæ¨]øõjÖF…<$Ù{Z×žpÜœ~
¤¥ùc¸‰ã¨ÒŸL­gx"Vƒy¼RËÖa}ÇhªOaMÕZÊŒYÅNÁëjyG‰|hÅþ&d‰ät/ü:.wo/Sp®á®ÂÉó¬GÁ(iBf^ü\œt_?å+"m­VÜEÛv>z"S¡ð{=ä±àrêFÿìþk^öXP(²»ç3Òª|MÚc -…‚½•½‡Kž­gè¶ÁèÛb{K…9Ô\©6œxïôí3K#ë®9ŽóúÞƒÉÛ#¢v6ž#—.	"È¥`—„ŸªÍqkãóh~“ÀoÍ!Äã~1u¿šÖLÖš\®"“¾îÛ{„¤³	øNzq£WcG÷BI0R&ãS=Å½’êê$€`|ÑÏdÅ¤À¾5JÎ ‹<xWås¯mIG@ÁQ·á—gkÔ¹F5qäy÷Qß®Ñ‚:´zú(¶²¿á
†jzú>ñ
‘+™1iÆn%½5‡ÖY.0(“µ$/sÃ5ðxbÅš±ßºåÛzbnZ/‚Z ¸ƒ¦ŸiQGjcÿ%üFŒ5=a4˜„ÒÃÊ(Ã_r•‘Ì£cM“Yø<®?ò;›@í:ûü§
”ð“?tƒ^ôHK($©äûKl­—†š—s¢‰‰†Ž9†%Ù]æo	(âê@%ðç\€àšŒÖ-|÷­.'ÃÓ«I^BŸtÝ3Q«þæj«Flìùç³D¿ÈtECÖ}Œ¡ÃH7øÉæ!]~XŒÜ¦â4Ø??JÇ9ÒßývyMÿžËˆzíÄê÷X#?—¦Kúìs[UÒU·î¶“KÆ8ÌØŸ`-Ãeé1ð©sfÅQíàà6¿IGê²žCÞ«\Ãq{Hžý™\£OÑbÀê>,mÁ†Ìf”Pîxb'pâh¸üZmTÃmŠ•%xuº2qº«Âþ=ÂájWB¦:˜FZ‹ð€C‚ŽÇ)×1Ò~×Ò‡…ü@	B2h»»1áõ>Úœ©ðÓÏUÅ$ù~]9àŒ[mÆ¡\*9¨¢@@8Ê”m¯„­¿@’²ýß®l	×ˆÞÇïú÷å†”¿ü£(&þ³äÃµEnSØSpP‹ÀRÀi€?z×0^ÔôY98¸¬Oî›ý¦+\Öß937÷ä+¡Êâ²œŠ' Þù¬X<MMÎôéÀóp‹ïí¢—Ï˜ËÏ,ôdXïB7~ÓªwUz¼e²Ï^k‹½Œ&ëÐ—CËxôÀ ^n¡ÓÐ‹Jömbý„þM¦±”8²{–ßÆÙIG–¡£âWù…Ú]hŒB/Lè›kO^8µ /8ž¸ñ`ŸŠYÀ‚ñÃ…”A¥ÎØc_³û¦¥¬tõºB0	ò°þc+“`ãÚÍ/?ÈðÚ€•Ï#—ÆçnœÐ3Gáå{":ø°‰‡°.4ëÀ\ò¨P{‚÷=ê‡¼áqÎQ‰!
öÕKïÞÎcDþ‰Sà#¯ËjòÏ¤ë Úãdp¦ÇÐDÙÍ\ªw\}L:øÒ¼Ç„òËHí`¾°JË»ø»½ö¥6ÌDZK‡eS…·?øZ‘ˆø|zÛ½ý…ÚsHÜ á¡3ÖÝó¢Œ¨@ qf3ÑK)‹] ÒþŽf‹‰UYk‚C_Ü‘/ôö#ÇÛ²±~&Ê^ØkÔöësa±ëI_—mŠRYŽ±XÑCýÊô@Ø—¶o	S³›°3OV–¦ÒžÄÚŠÐÄý«Ý8Ô1i€Ét;_/¨¸·G@Á\ñÄ>,š,`RóÃ˜q3~ ‚Üó#æúýyëŸKèŸÈ[G/Ú	ÜóOãÐŠfN´bmÏÅkM¡7ær*€ü¯¤
4wM·ýØc”úQŸkî¼§Ý¦3``H7å¶DËÄ  ª^Sô|o =…†"ÁÛ3±RÃÜ<S¿êØÁµ©0äú³G4†èhˆ,vÖô2Ç÷U?§úÀˆœ}!Ÿ[JvÔc¢7çzÔhZ—Dú“ÕÅÁ…—¼ÿÇIø‘^U/Œ(g¡s9 ”Îší ¢ÊP WxßQýúˆ^ÕùMµLµœ±5§‡•?ïÞ(éJÅ¤ c·Oûâ”·˜íÊÆGâ¬,Ók>œ¿%Wºß)™C;`¥2m^OÌÅV2.“Ü’QšÌJå‰ÙmÿTí•¡€rOhô­‡Ò)ÿ°£iû¢¸×°Wd^–D/Â$®í(W>N¼g-È°Úß• Kt¸}gŠSJ–ÜûØ§%ãŸ¥ëKÇXçâŽ¥œ9ñs¨Bî¸[Ðþ»ðâ}Óq†U#>º@u±HRË†<iqïL‘y¾ŸÔý$ìpëýNdŠH:(÷¡xFÕ/•,nû“VF””ÿÆž?£g>;U1…ç´Ú©Û¼ð¿>¿ã"À-ìK0ý_V>ÌÁ†£ÿÖCéi> þˆÑXB.V•ý»ý,žh~¯ŠÈšbX ‚b¯[”lÕËÎte¹S;YY†/Í»ÝèRàù:Mc]1õ¢È“3µµ¸÷—œVŸ¡ÿ®Vêïý9¸Q)ð 8úN—ÝÍ‚Qƒ)ßóEx=Õr’»Ø‚a-5E~×[ëo}¾hO?Æ³ž¦JÕðuCC8uÉÒ3N ÂN¨ˆ2ƒpe¢g¸ãí^|µ²È.Çr„v(Ë»ƒ)AKÇ±ÜÛœÞþ:q2‰ŽÆõô¹+Å–î}:ôÁ28óxn>èÞÌó%qZÍzHsîU{Ôq¿†2»îÐ[£éöü =-É*h¶ZsÆª—A‰8ºT´_¥,gË]ó€%fW¼h‰}’§O«8Ô#Ià%À_ê9¤§*Ò‘µ¢m+ÖV”>EØ¡Àf(¯'#H’â[wþg±A·Ï-¬Z6òî˜:\– z1nÌf_;f/ø¨“Ü¥>š= H7¿}GâÖØ¦÷eš8H‘›#µhóèX»¢EPð¿þ
ÆsãSã«Ê,¼Xó[?ÓÓ'$w{°pŽ­ž(îk±8yCÄw+”:ósÐHV´?ñýÕ›h§³oyÕ
dFž œ îŸðæP÷¥_Š@·?Ü]ñµLÐ®:>O£cÿª%óJÓu®î²W[ëÛpomK¥Üsº¶ëÏš‚ÐH„Ü€ÇØ:š&Ç˜¹ [9lãáT
fDm¦U°$¶N@äéƒç-Ùÿº©lßŠ©Ù–ýA«–ô!©·¢¦E”¤‹«u½»kŽ)a¼1€ýÉÙjpœîô«Àd~¶¥½0òº¦ê?õ¢Ä'œI:å°ìgÁÍ…ôZ‡ÆM®ùý“’7ÙõWÕš­]ÝÕôdÂŠöÎ ´“ÛµòûL#” u/¶QuâÞ¨*C‚Jªñq¢Ç 9$©“ðêã‹D^ÖÁéºnXsÏw‘WÐJŸt(B–oi‘@ÇÎ½„Ö{¦1ì·¡óUÚoø4¨qUôE`SÞ
c«/@ª¸O÷îu¥rö›MQ“j*<ë[
z:J¢‹‰ã2ªŒÿcÀàÑ!šŒ¿á‡û¶;š¬qð”!—Ñ&'Ï÷	œû™8ž3°èù«.Jå__ùt Àùzô;tIÞsýç/aµMx¸–TÅ³»6=KÀ ºè÷—°ù–—Dô›Nsà’Õøw\|Ñˆz†böŠXMx¸–TÅ³»6=KÀ ºè÷—°ù–—Dô›Nsà’hŒhƒu°>–øÔ½*åN/ïtøM2©_Š_ž[gl”þæ>Ð·›"ÌÕ“9<'øPR¦	pÝ Á­"YÇêÊ FPlS—D…;¯a
Pþÿ MOìÌ¡U§îWÄ®¦ÞË5Ò]5ºMÃÎy›ìLù'íù“ÐfX¡¥äH~zgÔ/UŽ 5žÍd$.ŒR»´$ƒIPüx°‡EfMà_Íêûù Anì ¼Dc	ƒ>„•¬zçÂ\¦g‡ÅÕ†Çè@þ¡—¹çæD]a\Ÿb8å:›ÒHÈ&H¥y'y]VÛ+¼÷€ÿ.i,Ø!åUÀ‚r$À
±“ÒŒ“'‹–M…MC¾õ0­¢õ¶èä†sÿ‡$ï½ªGôeö.öšb7×öBÐO,"ÂÆnxny¼#– ^£ixk²[N÷ek6’Q­Žy²3Ø6M£²ÞBZíö.HG<÷’[!Kˆ”ùÆ(cô>‹éŸt²C’M´|-iŽsÁ÷Y£È)AÂI³ú£§A*>«f®W…n¡?©cËÀëäLždQ¹ÛÜ»Òƒ’¼.üW.oìÈÿZ¾+éºÁøv¯ŠÙÔiðÈIIþœÂYÃ–*Àß·èÉr>ã1È¡8þN ó!qC¡›‰ì×Q›èéI˜2­ÈùçÌåk‡)$f,ro"ŽkïEävú¨S›7Ž”¢À6"l¯ÀÉŽ£<àTŽŠ*Ì„örÏ??½÷Zó0$!À™F/Ë/ˆy’šî‹ùNV³1²ã¯Ö6 Ä}F†^ÍÂ)œ|ZÚÄð[že“±óÿÁ2U/['BgŠ»§º£<¡%c·(%»ÓY¸ÒM–øÐqzµ˜”¼ê^ñº"&Ñˆ6o’ž±€­™c¾k™L£¾ÿÖíxË`„r r"¶?«=ÎÆML_i—ºAãâÙßáÒÿ:<bâŠ¥(ÇŽÚârN³Y;ä¸…j„;kÃùCÛUƒàsC‡«Ä¸Èl]§eµH[®^à37Kë„¢Y»³YÜH²¬:V¹ê<<VUÌ…hYZdµûL^ïV@‹.lwn(2-Ÿp³îC4jEÓ¢At‰äÎñR‘“98ö1{!l ø‰e™ß·P4‚(Ì”áŽ§Í1bufý”µhûˆ5>d'ºÅYÄˆFL'Výû g5ô–x°}9É)²BØßbáü%Gp;†ü© ‡¥vZ^¢tRk5tb¤uÊ% A°ØÙSÙÙ›uÔ´[ú)l|3ëh¢eÇ’[ÚâÙŠV!\â/â‡ß^›»«¨0Ø÷Ø™6åŽ¼F38F4¡¶2¿ç!Â–ô‹’ë°~~È?3YR+fÕn,X}û!MêŒÍ0„&Tyï’ã}œN^Íƒ¬?ƒÿ¹µP{tÔÖ#—k¯Ì¨K¢½Ð`+„.‰Ëq‹âþ(×Ÿ@CTRœb÷=F£ê¤G‡8<÷r?Õ—Ub¨ziEzÚ‡“n³eýfe”z±5¡!×°t_Dû[eÏ²æêÜ¹9þ-w(žÖsžv‡±®WÂ!èÌû,Ù¤cÁò@¸ö!kÀÒ+‘ç\8 ýP Wv$;wCbºl§>«¨ƒÓnÑÙ‡øn¹&g,Qj§o>òÃ£@R@‹0/i.bM+­¡ÌÀÑì?	#-3Á±H{iDP¹-âY‰9YÀö[	ùBi»Gý6Ö	€-ãÿr×Ñ‘>†„G–= ÿ¼ÿ«àSÛð¿DöÂ/ËYª÷Ø)P0®ß&¹Þ‚Üâ&a9bt§j
µýÁŽý>í®¿kÝ(¤ ×‚‘:ýì¹ÅSðý.YxÂ‡;N„(;&Â&ä÷îâx³KQèõªUÏ…‡ÚèðÃ[	ö¿ÖÜT²VOk¯úFè{”•Nn›¢Ol£Êð˜“Äo°½h5&µ©Œç
FÆ¡j‰Ö@ä•ƒ(¤Y¦K3u”€\JœJcQ,ŠŒ°8™e]PÅÞ]‘Êö-0—.n»Š¨÷ÛLûŒö_H†á†ÐÔyór:;VA@tiÁQáé."ÅYDÁÈ[ï%¯¿Dèâ	ÌôÉôÆOçÁC\Ç…±å¨Þ™óW¾Siæ	GÐÝÞªëæŠÚÎ)oÈWÆY=Wå%2ÞN €»³Lï8kä,<\.Þe~ûÜªË[)Cm¾’ýsbÃiT&âÚ	×N×Œr–ö8ü®`W—šóJx0µàó©ÂßÍ6÷…
{$´ƒ
=7ñn‹Ò˜7UgþI‰í[Ðx#^YË&P-qëO:Ê¦Ç7äáå›Ó¢1Ø,HÈïÀNF³%Ô°æêY­1eÜ)ÿåOYäVK)’6ð=KÁ¯~¼£„.ÑÍ”Ð‹½½›; l7©ÜÁˆý2«ª€Äþßâ[£•¯=±Sƒ-.³kR?/ú^òÙ{’¦"å ‰·©kÉ%0`[ÓãÖÉÖtÌö–oTX Žˆ»Øk	ÚrM;¶ÐŽ´HäÆIˆ?(ÄWê\~ø§‰1ó;ÆÆAc@šæƒ¥^( !Xd2€qetLy†Òø‰Zd×tà3XÅ7’žÌÀ%¤ÏÀ@£`š¸eëifUç\ t‡£.bé©ºÖAXòÑ(ðõ„·Û(ÆpdD“?=p´a Ú–ÖTÏÖÝ¼<˜ïàœìG™Ã7éõËiËé)²¥Çó$)¼žH´ŽÞf^8[X0Ò ªÀŒ`¶M;Xüs?¯“-åê_ŽfoòTäsÇ¶µý®û‚e8w‘Ï¥òÍ/©eùä£>Pø ßìPp¼â;y…wêGÌø/‡–O^õÏÙê)L,3£fãQÈAu_¶ÁBk±-tÙ$‹@-Ì¶7uÕ¿dº<mÒûd½$‡~ù²Ž,RêJ”MN`äTÛpù=ì•š‹¼gY-<(³ÏÌäŠJ"3®™]T›Ò¤ã…Ž$Ò·0‡Ä<”G¿â¦¼·Ž"Ââg¬Icëµ‚ê½6%+%'€‡ð´×'0~†PéÞ
K§ngÔ•–K'RùìŠ‘‰QMzño]Ú»k‘\ÝË@™¨s›‚"ÕÞ¸ï*™¤vð¿Þ¶”9ŽL'ûÈ	j¬ß8\bfÀ“H	¶÷³
îÔ°Õ«Œ.øçZuä
2¹rN¸…)º[ÏÒþÕ†=Ò˜Ì¬šbÕâÉ§üi€Ï‰›ÿµ°¼(­i=˜ÀrsÎK#'1µhZl¿%ŽåÅ¡;L‘é:Ê>Ð¡n)ÅÕ£†~b;éÀ•nˆ"Yñú„T‚‹«çí“e¢œ®sQ	µÉ§£º-Æ˜¨k˜¹ó‹øÅÛ;ÌØaý9Ñÿ?9Öà%¹ûÍW~ÿM>- CÙqû°A³¤°F°=n€mOÒ—E€±P;oYq-*Pa\¿{È°•–GxA`y™J+„~©gu8Â0—g~(Ý=ˆ•†‚¾R³XÃ Îtý­jÜ|@´æÕBŒ'ùêÿŠx#ßBƒbês!œžÊ“²’2TË,lO¿¯qlP²urDôÂ|ÁÊ+àew®Q³8vwÝÛýÿ‡uŠA[Vƒ_`­Áð=	tåCE¨Üj~·[H1æxÈóÉÈ•·½Zò“µBYð’Å}ÆÙkÁM‘	ñwnQ
Vå&µ½™ußa	 ðlâY®ÓÔ=Ï„çgå¹,fSØF\D©žz*»Q; îk1Á¦ªWâ?2ÅÙÐtÕ¼ûKhsHìîõÇ»h}X¨¢ÎÇÓÐ,i>½žùÞÇ&ü™£DšéCÈ[ÄxvvxÞçëyí§¤dæÌ´…d,b0¹÷›6ò¤n9ÛL~õzóg5s 9ºñcÈð%Å«³µ-5ß~ëPÎ?Ûq†
ô1.Ó2çÆR&<BÝw5åY+°8,›±Ö¿H]i	Y›áõÝÑß›° Ç€ð† HÙ³{Yfÿ±çé–ëx
>c\9“Ë0Ë½PÓøB2òb¸DPã˜ß{CßÑi¥Éj2íð%SÀÍ(#ÛjzlòÊˆsö,;ã°órƒÃõ	d¿å3•BÃ¢ÿ–OOS[YwFÃˆFVÛ0åé¨ÕN€³ÚË¹c5‘euÖ&%:NÀÅè÷—°ù–—Dô›Nsà’Õøw\|Ñˆz†böŠX«aðS‘ï(Mµ<¹káÊà2Ö¼Çqd*²ÃÃÒ½^6/¡qòå„£~øº:,’h•¡2ž»2é˜÷â< ÞÜ2óá]¬ƒQÚW¯ßÃõÆe¶¯.èZC„üAD†ßi=ê z‘ÖJ9B¡¥¿Á¸$”‹}7ëRÿƒG÷ÊBÐ¨¶ã/Œj`Á2ë¿/†»ò	,&ªÊÿâK"=5}óÛAÞž¢¶Ïî¦a?[¸4r8¸¦´—?¾(î¹:
Œ¬÷¼‘jMAÌÏúÑ°`dµrqß)€'*=Ó9‚ò0*Ä XùìgX»n_¡SSÓM¡Ym‹”|é*ât¡œÁm´ªJßî!Í‡úÅÅ`Ž4Þ’#úè¾I»-5ÝßîåØT@T5æÔ0ÛGÞ`uï3q±Ÿ®¸ÊÄ|˜o%Pei‚Ñ	tÎÛûòá¶wÀ37ËÙ¯#íhR*c¬¹Zƒ0£Å”Óß=™Ê4ùóËt…Eï5RøZê•6|ºk¢O#Óš/(½rI‡^:`3¯ç"`K……óª´ü¥»ï¯aúlMœ7Dž½¢¼úY=õÂ[-2ªU<ËÏ§k8¢Ä€jtŸcê2˜Š¿>…ßSçö‰eô+Ñ‹Ü`å‚|£¯ù…—‹X Ò³º¥"”$âþ'·>ÙÓ:@'ú}ì?A`Q
R­ÛbDŒ	“²í’¸@¬ªMé ö«ä•eK×¤Æšdd¥“rØY…+!3GRÍ`ô¹W[0Áf¤HC\!w€ÔºØÅ+Ï?m¹¡f¯‹ƒ…	ëÁ êŠ“wtÍÙRi‹Óü-k*|²bÄPÊ¸Á<@;~bdv\T™˜!"2‡‡©À#´W®Ž˜ÙN¿¦_pb³{Ùê˜øš&ò¢ËØì6sNKòGŒiòm'@¢w•Ëêßp`‹æYgô–¯Ã¼Áy Lq‚†u#>§&º»oÔe½2ÖûÈf’’Ê»ÒÌowG`›ž5/ÏIë½ 9MWYÇÎìÉÜˆdCp…6¬„Îk|ÏÙ”)‰YÅnÞ¹È&§8‡µê%yt(¸Ã'¾ô¤ºWŽyákßðS€Tƒ¾×Íå85qP­õãl;ÅF 6àr?ºÉHª¶KÛJ®Ë")Ëê»Ypj}#›t°4Î7šµzøRói±t±zSwNøõL½Éq®µ’Y‚Ix‘hÃx¡›Õî'BXÊ”'·ŠÝª„Å´‹ÖÌäÎb%¼ŒWÒEíìa9ª¾Š¡@…Î$añ2ÞG+FÁ1XD}¤¨«óêx
-ŸËüF†¦œ¸ÙÇª!%yçÅ²¹˜*Ì^öŸ‰¸7¢ûGñå–©ÔÈ
d¥öþ‹ƒ»;ñ–#ƒeòFŒèdXHän4’ží"Ç¢˜“ëov€k«þ5ó"L)‹+¶Ûë©Ž‘qˆÁ6Î¶K‹š-}}Œ––t––e#FullMData
à Sld_FullData ãà first_member_ptr áà alumni_members áà first_xsec_ptr áà lang_ptr ãàinteract_on öà first_csys_ptr ñáà dim_array ø÷ûáááááááááááááááãàtype àdim_type àfeat_id àattributes !à dim_dat_ptr ãàvalue )û3àbck_value )û3à tol_ptr ãàtype 	àtol_type àdual_digits_diff ƒçàvalue ø šàdigits öàtol_class àtol_table_index õànominal_value ñ)û3àbound àbck_bound öà bck_tol_ptr ãàvalue ø šàtol_class àtol_table_index õàdatum_def_id ñöàplaces_denom àbck_places_denom àdim_data_attrib  à dim_cosm_ptr ñãàd0 F_“FØWBàd1 RY6«Õ’óàd2 ué²U
›Dàd3 -<_ýÚOèà ord_info áà attach_ptr ñáàparent_dim_id öà line_array ø÷+ûâà text_array ø÷,ûâàtext_type =à
text_value  àtxt_attrib … àowner_id àheight àwidth_factor à format_info âàthickness ñà symbol ôâàtype àtext(s_fixed) C ò÷ã!ã/ / ã	ƒç šöõ/ öã šõö ãlÌÌÝÂŸ3FcIe¬+uühÊ•ì‰-<_ýÚOèááöø÷+ûâ÷,ø÷,ûâ÷-= … ââB ã!ãã	ƒç šö õöã š õö ãwBqwþ·cÞ7ÓëßtQé©ä}~-<_ýÚOèááö÷5âàtext(i_val) ò÷ã!ã/$ /$ ã	ƒç)É™äöõ/$ öã)É™äõö ãuH8æ ÙF]ÞhIËigÌlI¥-<_ýÚOèááö÷+ø÷+ûâ÷,ø÷,ûâ÷-= … ââ÷7L ã!ã)ù™)ù™ã	ƒç šöõ)ù™öã šõö ãzÌ*kR4tóÙOA
u
bSÏ€Ñ-<_ýÚOíááöø÷+ûâ÷,ø÷,ûâ÷-= … ââA á÷ã÷	* ãã	ƒç šö õöã š õö á÷)áö÷5â÷8ã* ãã	ƒç šö õöã š õö ááöâã!ãã	ƒç šöõöã šõö ã÷$-[¼Ã?7þ»¡fâ1ÿOÎ-<_ýÚOïááö÷+ø÷+ûâ÷,ø÷,ûâ÷-n „ âñ÷,â= … âô÷5â÷7D ã!ãã	ƒç šö õöã š õö ã/ -FZmäx0-˜Ij-<_ýÚOîááöø÷+ûâ÷,ø÷,ûâ÷-6R „ âñ÷,â= „âô÷5â÷8àipar_num ó à smt_info_ptr áà cable_info_ptr áà comp_info_ptr áà prt_misc_ptr ãà shrink_data_ptr ãàuse_shrink à expld_mv_info òãàact_expl_state öà default_state ãàid öàtype ôàstate_type  àcur_stage_ind öà stage_info ø÷Gûâà unexpl_subass_info òãà expld_comp_ref ñãàcomp_id öà override_sys áà expld_state áà gen_info ñâàfont àcolor 
à state_info_ptr óáà alumni_feats áà p_mdl_grid áà mdl_status_ptr áà appl_info_arr ø÷Tûâàid öàtype &ñ÷Tâöâ à ribbon_info_ptr òáà p_xref_data ãà first_analysis_feat ñáà da_info ãà setups âàfirst_free öà id_map_info_ptr òáàfaceted_rep  à sw_info áñ#ModelView#0
à View ãàid  à viewattr âàattr_arr ø åà mpoint ñâàid  àcoord ø.™äà first_instr_ptr áà attach_ptr_r22 áà vpoint ñâ÷ /@/z^ááàorient ù¼özÓS>%¦‹Þg´Qk¨„»Ük‹åCÐ¤»­!N-Hcø]·‡9²^å~t m‚¾hyªsM‚c‘æàlocal_sys ùFH¶ÚxðNRF03þj´ig-?¶áÒÙ->¦¯¤Ý¸§FG}W´ØÐ-7Äõ½v—Ä-2"]åÞRö-AžÛ´0Œë-G"QuÊ–)-ˆZ+ŒNuB-€aR
AFœ".Žmjà world_matrix_ptr áà first_instr_ptr ãàtype dàgeom_id öàview_id öàmemb_num  àoffset à matrix áà next_instr_ptr ñã÷sö áã-öö -NvÚ½Ÿáã}öö ãàmatrix ðù¼özÓS>%¦‹Þg´Qk¨„»Ük‹åCÐ¤»­!N-Hcø]·‡9²^å~t m‚¾hyªsM‚c‘æò÷áàouter_xsec_index öànext_view_id &àsimp_rep_id  à
name no name àfit_outline ù/Y /UF€¼g¨Æj/Œ /‡»à det_info_ptr áà named_view_pzmatr áàpage_id  àorig_page_id  à
model_name áà
unrep_model_name áà saved_pro_dls ãà pro_dls ø÷#ûâà pro_dl_data ãàappl_type àdl_type àdl_id  ò÷#âã âã  âã.âã/ âã0 âã1 âã@ à eye óâàmatrix ùæææàposition øä-™Uoâàview_angle à explode_state òáàmodel_cosm_rev_num  ñ#ModelView#38
à View ãàid &à viewattr âàattr_arr ø åà mpoint ñâàid  àcoord øä/4 à first_instr_ptr áà attach_ptr_r22 áà vpoint ñâ÷ /@/z^ááàorient ùæææàlocal_sys ù-.^h.æZ.æ-.^h.æZ.æ-.^h.æZ./@/z^Fœ_Åù	ýà world_matrix_ptr ãàworld_matrix ù-+ø³øM„°¢¦þKìF‡

¯-"à¦)±|-%é+ÞŒÙFg°=ÒÀF'Éæõoö$-!c*‘-R`Î&£¸-m¼`²Ëó­Fe»ô™"ucàmodel2world ù-+ø³øM„°¢¦þKìF‡

¯-"à¦)±|-%é+ÞŒÙFg°=ÒÀF'Éæõoö$-!c*‘-R`Î&£¸-m¼`²Ëó­Fe»ô™"ucà first_instr_ptr ñãàtype dàgeom_id öàview_id öàmemb_num  àoffset à matrix áà next_instr_ptr ñã÷-öö -.^h.æZ.áã€Éö áã€Êö ááàouter_xsec_index öànext_view_id 'àsimp_rep_id  à
name FRONT àfit_outline ù/Y /UFƒ6ƒÇRØ/Œ /‡»à det_info_ptr áà named_view_pzmatr ãàmatrix ùææ­J`ÓÊ ­J`ÓÊ -œÄLß’Ñàpage_id ñ àorig_page_id  à
model_name áà
unrep_model_name áà saved_pro_dls ãà eye âàmatrix ùæææàposition øä-— Q~¥æàview_angle à explode_state òáàmodel_cosm_rev_num  ñ#ModelView#39
à View ãàid 'à viewattr âàattr_arr ø åà mpoint ñâàid  àcoord øä/4 à first_instr_ptr áà attach_ptr_r22 áà vpoint ñâ÷ /@/z^ááàorient ùäääçàlocal_sys ùä-.^h.æZ.ä-.^h.æZ.äF.^h.æZ.å-‰€Ž§ü./z^F— Q~¥æà world_matrix_ptr ãàworld_matrix ùäš¥ÕÍ úäš¥ÕÍ úäF¥ÕÍ úå-CÇ*… 4™Fh¸õ'AÃFx¸õ'AÃàmodel2world ùäš¥ÕÍ úäš¥ÕÍ úäF¥ÕÍ úå-CÇ*… 4™Fh¸õ'AÃFx¸õ'AÃà first_instr_ptr ñãàtype dàgeom_id öàview_id öàmemb_num  àoffset à matrix áà next_instr_ptr ñã÷-öö -.^h.æZ.áã€Éö áã€Êö áã}öö ãàmatrix ðùäääçò÷áàouter_xsec_index öànext_view_id (àsimp_rep_id  à
name RIGHT àfit_outline ù/Y /UFsrqT5X/Œ /‡»à det_info_ptr áà named_view_pzmatr ã÷ææ­J`ÓÊ ­J`ÓÊ -œÄLß’Ñàpage_id ñ àorig_page_id  à
model_name áà
unrep_model_name áà saved_pro_dls ãà eye âàmatrix ùæææàposition øä-— Q~¥æàview_angle à explode_state òáàmodel_cosm_rev_num  ñ#ModelView#40
à View ãàid (à viewattr âàattr_arr ø åà mpoint ñâàid  àcoord øä/4 à first_instr_ptr áà attach_ptr_r22 áà vpoint ñâ÷ /@/z^ááàorient ùäääçàlocal_sys ùäF.^h.æZ.ä-.^h.æZ.ä-.^h.æZ.å-h‰ýÅ`F/z^F— Q~¥æà world_matrix_ptr ãàworld_matrix ùäF¥ÕÍ úäš¥ÕÍ úäš¥ÕÍ úåFCÇ*… 4ŸFh¸õ'AÃ-x¸õ'AÃàmodel2world ùäF¥ÕÍ úäš¥ÕÍ úäš¥ÕÍ úåFCÇ*… 4ŸFh¸õ'AÃ-x¸õ'AÃà first_instr_ptr ñãàtype dàgeom_id öàview_id öàmemb_num  àoffset à matrix áà next_instr_ptr ñã÷-öö -.^h.æZ.áã€Éö áã€Êö áã}öö ãàmatrix ðùäääçò÷áàouter_xsec_index öànext_view_id )àsimp_rep_id  à
name LEFT àfit_outline ù/Y /UFsrqT5X/Œ /‡»à det_info_ptr áà named_view_pzmatr ã÷ææ­J`ÓÊ ­J`ÓÊ -œÄLß’Ñàpage_id ñ àorig_page_id  à
model_name áà
unrep_model_name áà saved_pro_dls ãà eye âàmatrix ùæææàposition øä-— Q~¥æàview_angle à explode_state òáàmodel_cosm_rev_num  ñ#ModelView#41
à View ãàid )à viewattr âàattr_arr ø åà mpoint ñâàid  àcoord øä/4 à first_instr_ptr áà attach_ptr_r22 áà vpoint ñâ÷ /@/z^ááàorient ùæææàlocal_sys ùF.^h.æZ.2à¿±]ªÜä-.^h.æZ.äà¿±]ªÜF.^h.æZ.-?ÿÿÿÿÿ/z^F’á‘7QÏà world_matrix_ptr ãàworld_matrix ùF¥ÕÍ úæš¥ÕÍ úæF¥ÕÍ ú-x¸õ'AÃFh¸õ'AÃ-CÇ*… 4£àmodel2world ùF¥ÕÍ úæš¥ÕÍ úæF¥ÕÍ ú-x¸õ'AÃFh¸õ'AÃ-CÇ*… 4£à first_instr_ptr ñãàtype dàgeom_id öàview_id öàmemb_num  àoffset à matrix áà next_instr_ptr ñã÷-öö -.^h.æZ.áã€Éö áã€Êö áã}öö ãàmatrix ðùæææò÷áàouter_xsec_index öànext_view_id *àsimp_rep_id  à
name BACK àfit_outline ù/Y /UFƒ6ƒÇRØ/Œ /‡»à det_info_ptr áà named_view_pzmatr ã÷ææ­J`ÓÊ ­J`ÓÊ -œÄLß’Ñàpage_id ñ àorig_page_id  à
model_name áà
unrep_model_name áà saved_pro_dls ãà eye âàmatrix ùæææàposition øä-— Q~¥æàview_angle à explode_state òáàmodel_cosm_rev_num  ñ#ModelView#42
à View ãàid *à viewattr âàattr_arr ø åà mpoint ñâàid  àcoord øä/4 à first_instr_ptr áà attach_ptr_r22 áà vpoint ñâ÷ /@/z^ááàorient ùçäçàlocal_sys ù-.^h.æZ.ç-.^h.æZ.äF.^h.æZ.ä/@-†¬€Ž§ü.F— Q~¥æà world_matrix_ptr ãàworld_matrix ùš¥ÕÍ úçš¥ÕÍ úäF¥ÕÍ úäFx¸õ'AÃ-CÇ*… 4œFh¸õ'AÃàmodel2world ùš¥ÕÍ úçš¥ÕÍ úäF¥ÕÍ úäFx¸õ'AÃ-CÇ*… 4œFh¸õ'AÃà first_instr_ptr ñãàtype dàgeom_id öàview_id öàmemb_num  àoffset à matrix áà next_instr_ptr ñã÷-öö -.^h.æZ.áã€Éö áã€Êö áã}öö ãàmatrix ðùçäçò÷áàouter_xsec_index öànext_view_id +àsimp_rep_id  à
name TOP àfit_outline ù/Y /UFsrqT5X/Œ /‡»à det_info_ptr áà named_view_pzmatr ã÷ææ­J`ÓÊ ­J`ÓÊ -œÄLß’Ñàpage_id ñ àorig_page_id  à
model_name áà
unrep_model_name áà saved_pro_dls ãà eye âàmatrix ùæææàposition øä-— Q~¥æàview_angle à explode_state òáàmodel_cosm_rev_num  ñ#ModelView#43
à View ãàid +à viewattr âàattr_arr ø åà mpoint ñâàid  àcoord øä/4 à first_instr_ptr áà attach_ptr_r22 áà vpoint ñâ÷ /@/z^ááàorient ùçäçàlocal_sys ù-.^h.æZ.çF.^h.æZ.ä-.^h.æZ.ä/@-]‹ûŠÀŒF— Q~¥æà world_matrix_ptr ãàworld_matrix ùš¥ÕÍ úçF¥ÕÍ úäš¥ÕÍ úäFx¸õ'AÃFCÇ*… 4œ-h¸õ'AÃàmodel2world ùš¥ÕÍ úçF¥ÕÍ úäš¥ÕÍ úäFx¸õ'AÃFCÇ*… 4œ-h¸õ'AÃà first_instr_ptr ñãàtype dàgeom_id öàview_id öàmemb_num  àoffset à matrix áà next_instr_ptr ñã÷-öö -.^h.æZ.áã€Éö áã€Êö áã}öö ãàmatrix ðùçäçò÷áàouter_xsec_index öànext_view_id öàsimp_rep_id  à
name BOTTOM àfit_outline ù/Y /UFsrqT5X/Œ /‡»à det_info_ptr áà named_view_pzmatr ã÷ææ­J`ÓÊ ­J`ÓÊ -œÄLß’Ñàpage_id ñ àorig_page_id  à
model_name áà
unrep_model_name áà saved_pro_dls ãà eye âàmatrix ùæææàposition øä-— Q~¥æàview_angle à explode_state òáàmodel_cosm_rev_num  ñ#DispDataColor
à ref_color_table âñ#DispDataTable
à_f¤/k"Ý¯áVŸˆ¥\yL;øùÔþ]×¨o$Øëwðá)œ^ú%Í¤c¦$¯8)
óažVä½øËû¾aG´h]”ýzÃÄõìô40bŸ\d…ƒ$ÑsÈÄ39@#†qq”ôÔ›ž&í¶7-^B©z±R·kÍ¦¦}ˆ6,ü€‘Rtè§ÁbåQ§°h¸¸l×i)ŠfšHaÊÚõ‚8º¡¬‘œA/úN€2ô[Øxc1nP($CËÝó€ÉÎüd>)¢dï>Ý.º¨¸IýÞ(u“W±þ÷>zÝ™e:1†qÕü#õ´¨d/u[%J·m<îð1Èí(‘gþwü¼“é÷}öç—Ä’’]ÚºAsC÷íFœÆv¿#NaAÈ"DÜw=Ë³µÎqÓC£òyôtX	ë›_ÊqÝ‹çRn§JàGÝr²êd¼áôrã
á­ZS¼ÍIdšÊ!J+l•c„©8ŽÀ|™a¡±v¸9Á_¦oRßë€‘þ…“–FþƒÇ5=/‹_¼i ¡ò;øBÛ& ÷+àîÖ­ÅÝì':;ƒ—»/WøÑþA÷3Ãó}JÆHÇ/]åÅìVºa€c®ô°ÌœóŽ_L'p%Œl€—¥9–qŒ¬«Ð]ÉséÐ²;.,«™§ºeÔ9XîkÃU-ÅÌžK—qµÿÓ½x‘g26Ö§Âò{‰wµ2ädE³Ú+ªé%CåôòZâEÆŒPŽæc$äß;‡@=ÆZŽEê£â­îîrëb£ÿØŸIøC°ˆ’5ÝÚ‰Ã·9­µˆêtïð£¿@ß"…Ö'sÀr­Ë‡Õ+OwJbŸ"ZÁO·ë=cxWQ‚ÅpL¼9¦ç²3ŽL½Ði9bÚáKpÏ‘€¼PÙ¬†›ÿ_ßt¹xOÖÏC®îú±9çbw†råâ)l<³Š2SÍÄ.ã~púz›òˆ)P1 1á])Ï\G0{Ì5^Ük6íF~Âî^½¬¾ûÅÓMÉäÿ%†ÑîïªP©@8oØ•¯óò°ÕúÅm:+´¡TUû½ô>sU3N—½‡öbU2¿›£$"–² Kê°Îs?¡×efî«@
ÎÞ3SVBhØb‹Ö4å.oPdh€È?Èáé£øì‡©€Þn!„Íh½>Ÿ~¡ÀB ÍÅ-oMJÌúÂ³²»¾ÿ‘Ú©åI2—‘ÂÜÿ&ßGÞ«ø	Œ© çñ¼ŠÔç<Á¦¥k»\ÛÍÏÜ‘£m~äÕÝcxêûä;«ZÁû	BÄøý¡ÅD+9„YÏ“àP¾ÊTÆV
fú¯Ô~’ÄUÌš£5 ò9&qÐ÷þû½AjôôãÚCöœ€’WŠ¼1a–”=	•%ÎJx“C¢#bOœ~iWQšÑUâ¥·­Ö<¦µ#Ò	þ»•	Œ“<¾j\[gü{´‹ZãÞŽÑY“ÖÂ–¾µ«(–}W)®ænÈ÷¦÷ð¹EÕ<ìxŠl¡ø©–‹Têü|zÀV(¶aý¸¢ñ¥8À|¼öþ)üÚù×‹ù–"c{iüÓ ’KD"“6É3†Ø¤tc.	i²+ûJ“¨@òT#OÙE„
²4$¢Û·7‰ b7¼X-!ÎsdèÀ0ÌÙ-Ñ3…ý¼Ù&)YhWÜ?+ãœq·æäyTp³}Ç@ÅU‰å6>[&=î‚ò”}¯þ,¡¡Ñu£;vÔªÀyoÐ6RÕýÍÍµsßß˜%…‡HL´yM$¥sIpOrmËl`•9ðÛà®`ù°¯oâÿ øvzeWÙC1µ"Vy°iõ³í–hÓUEÔ~Û?Û	Bf±Ã¤p/¹öÝþËR#ž:fT±ê•½ ¸Y`éÏC~4‘ù9ø¹—!Ÿ8UIt®ž]aÄ]E®ò…sâÀÁ;J#ÙÏÙpÎµß -`5üEisÇë$46¡üm>éb)ÃÇg^€Ó˜Íð¹æ@ª`ÕóëDÛ—É=Ê4#v£kÐ S£] –¹IÐ”–—sØÀwC!\qíYö!þØé\’€«¸9,Ã6O/ÃÉ‡tGòBc}^

ÚKþG/íVõ*¬IÏ¢_û¥#(ñ5~ÿêÀpö&ž’·B1	Ao]©qÎ³“\‘·oFHÄ}t‘Rtñ¸c}¯N\ÜPBHîc¯ùšÀÅåy–;¯ó¼Ó_Èë«ì×ªF²žfYüÆ8’j¥þºÛ#%Ö:UÒL·ß«¡uÞâ0š¶Béö
düGÑšbõ¨€6Ð‹&l¶/—üfxL2GÐ
ê‚½þ²$q&î>æ–Ýùô­¸~¹÷(`ðQ¾´Ë,dCµÕ34.4õ“¸»>£5í .Bß\ðèÙMiÁnácV9ÌÜÕóe,^ØÜ»ƒ†Ç(áÇ ÿ°E‡#:óôh’¯>¾£ŒX•œæ^Ÿdt¯¼ÛðN*EŒ¯2@á¸ò"‡ÅbWtíføª×©k8Ì:unœÞ`Éì7ðàb 7.jÆØX[,* ×ìË+mÕ>àŸÏ¶:Éèœž¼	
}_ÿg·ËL„¡ºueK5ófIçl;Æ¹dç!ÂEä`Î;¡èÙ‘ÕÂ‡Ëñ¥0obŽÌ'•…½Ï"¦V'Ôñ¸7¸á´x¡y;—µ¤0‘û£)OewyBb#àÒÌôbUÑÃ^†ö·Šg%oùÜZÙœ'Õ†³w¡®ãñøƒûÆrnp¿‡ã‡Ó'(Æ|žYjcŸ~;d‡m“(ãƒ?)kzúÉü©›" äwÎ×B¡®²ÜsT-4n÷fŠ`<[_z®Ý—.X,+xß†î“ÌG-™þúg<Íw³Dˆ¼3Õ¯÷óÝó3Å_±ð¡}ïLð³y»ƒI(5¥-3à[©á½šÉ·–µ)(}1âƒg:ªÐHÇêê5Ôdíå°ç¶à@ÍLNÚ¡ntkøhw±õ+^Ç`Ü$7RŠxÃÁÞÆí‰[""ñÆ¹ç–ŒQ¦GÁ'z+„-ƒ:»òÈ›5Ÿ$N¡£„}98ŽOubIïéœj»I=]gv& _îsîSðá~có>¤BnàÀlEºÔþ^¼™} Â1WññÆËß‹¾­Â]Çƒy—ú[kÒIóÐ¯¢ª×æû¢Æi‘ªŽÆ¼ï]
å~ûR%“Ì¾ê¯©—$·¾Ž^(ý¥¥^uñRÇ\¦,ñ\/mô|áW‹vëqIë»%HšQ4îKg6FeGêj*¤jœõo tçÝìö¸ëžbh²óž{‡«"<Ã8SÔe½‰°r†ÍË¥”%×ä|·ü~ÒA|+!HÕöÈ˜=Å™ãz4ÙZ#ˆ™"||„¿¦õ?õdZÛ¶`TmÓ¹ë‚Ëpì?Ú˜y¦ð›­®;Ëd>*ÞÍ`/+³ß.à‰ðSU½Y:×oêÔBu‡*¦b'+Jš©•¬˜îh@eb(QS:P>ÿ‚„7À¤HÒ!6p,Ð–k–3BI§)ª\^÷ môÑh
¼Õ—mÙhšdù"•‹ïË¹ï˜‰¤6¶‹¼—Ëä¥üÄ%˜7†¯bG½kržE
ÿXðV¥©p´®#ø~c¡Ò‹ÀTË°Ur	Ìé‘‰lØÀþ³‘Ê·á­ššÏÕUÓ×9!õùýj»³±¾Š@­D½C¶nYÃµnÿOp›Ò…#L›‹6LxÙå].Ë[QS¿œBé¤«7á™tRx¿Ô;n´ºÏWˆ§PQþ`ÚN36û’áá[Æ+“íèvÒ2Íã«sæ(8½à­ñ²©Òé
ñ¹Lú-ˆ·«yÅ¡TYâC>ZÇÐ¥ë8·æÁå€ÅgvÛê3`w•¯½öuÀ%ñð4÷Á$_z9woQ+C¯ÂÞ¬ÂWpT¡ˆQ"fã Y,í["â´æ´iÌÝ ó{`€6ùð±ù|9sPÔãINsŒ¡Ý€ÀDR|ž‘Ûý¢= wþ‰tµm”†ªW½´˜¤·¶¨jäTƒ®q¢‰ü™ ZåMò3þ®¸ïr\ÿFf\ïU| pÔµÄâ÷¦îÔ4€¹²í5g6nTÜ¾Hê:úö«íX7¸6çûè‡	‚»} é<ðj–Ó1¶¯LGDÐNjáÎä@¨P»M¿¶d—Éð}Ú‘,þó¸“ßjw˜Ÿ$ç8Ù»\TÚ`[&uiÐ9Ï•"8Õsº|¡ÄêÓÚÚæµH-µló¼–©:ºCìµôg‘ÛC:¢`wr‚²&`¶’’âî¢’i¯èàî%•#YÂ<Ó<Âgîy¥;Ü¬À¾I·¹ ÚëqÖÛ^~ÑÈœÆ‹ùZG,sCž§øº‹å%çäve¹$ðr¼V{U¯uwDa5„Âã»ž0ùåF¿îƒ;ŒÛ'<7Š;¶øÞßN(RM˜Ei­‚œ#.yÇ²Ad³ìtß·ú
?ìk0p)Í	¯½xKÿ@ :PF­¾k%“þG`ô«¿ú4Ïç‚¥|sà&NCúY¾éLpq¯ Ó{Wò`Y^\hÐÇžEsx»ëáœZ–•…XçtÄÇœùR­&È‰ëùo¹ÿaUò­IÈ9¼W!J0i» ì8Rî¨Þ –`“–ŽIkÃbˆ%¨©£ÜG·þÛ£½@ujå«FÏíÅ¸¼9nëK‡o<c¶³®(¼NEÙ‹p{/EýÌùÎ++Ö¬ÏžÎ®rÌÓÓ€½'ü@Q­.€™dÕHÉèB];$5I­	ˆCu¼‰ šä/EM©@¹ËÔZOmË^ÖÑvWÇhb[	ó§]6ÅyU¤”òØ[ýˆáiJí•Æ;Ço½:HpúÛf§®E‚¡w(;RnÑK~¶y(<îÇmÑ?MVÓª3ºYPð×©ã ýÇ{}Š0hæÖŽlTÃUK­7LÓ/ü#:£|Ý’uœ­
}äe‹2%-ü~©ÙÈ¶vîÌh´d´ºÜ–9¢¼y±gî£žÐÃÑŒ˜!LT„<P;=6b·‹¤/·û¦ÀA‰DµðCÜ	DvYÆ¥*ãm?{bÖ’>zRL!CJ'4…œ»žiè¬ x0<Ö»ýa0Uª­#›‘%ÕrR±h•‘I9±×åÉU¤ù¥=à\	À¼†Ç)“¦G"uç¡	Z—ž©¢Ï‹ñ•P)ÎÊPÅžœ ÜØÅªÚÅm÷ˆÏƒÎÃF‰ÃÒ³×hT]œçd:þ—±Ê¶Œm/úp¯p™œ<O·“D‚gÅ§c>±-ÆBO~z›M<Ã˜2ß÷ÍË8ã¤šèç´ZW“ûP:¾ê#Khñ%kYÎ¬Ë¬9^šx¢³ë»3ö‡Ë}P¹+OuLÌ¥Ï  Ûhe¼m8QA¹á¬tõßÕÿ”LRQr>÷iŠ¶-ÜËAÀ‰	2#ëu†ºÎ}´øâiÜÓ_4Ï@¹ÞûlêÌªçq$_»Cˆ/k;9±ß@çÃ3L…
0åÑû˜ŽZüóT^<ÚŠ[„‰_›£W–Á³#±«ò~ÎésÆ?¼—^$-ß4d{£Í€¿ëY
%"çâOƒªÚæôÕ7;ÕD+©Ø¹¢=Õ‚]™å’ðÍŽ?^I¶¤i®?"]dwS|AµRŠoè|" jÒ€^ƒ³:Áÿ«÷ H“P5Õü0ùj¸t‘y
¦GÒb“ ŸŽYËqnp?×¦fm'>º÷%Ö|­<ç”Î¾Ã9àÀA‘‹7)h$¡ØÃ¦8ìó°($Ý!Œ½‚%ÃUùøEÐñìŒ†¥(æC¸üÌÓ•KÔºW%sËjW [ÐtJTìp¼ÐáEÎ^­°ø$S¦Þö	{	÷Ÿ¢Ò¡(²…£<ÿÖB'Ôö_Å¸Ç‘QoDÃ1åŒ\!øÁ˜©ª8ô½pèŽXè9ŽšÃŸÓð—·ÓÍÕ’œ¥¨‘Œ÷Å¼QÚ±´ÈAç¿¸‹š[ÈÒND ¨`K`Å*^(î#î¯aH/H.Iv‚‹¼“£ÔÓ•’ß©¹À€ÏÐ™rT–V<6‹~"GØªäAâ>:]sl„]¡ê)y#€+ø‡ýES|XÞð@ä£øÉ¿„íîZŒ~§™ý‰Õ!ÃY[*mù=žÅ¾4ÔOGù]‚7Ú'm]	>SÈ“€.Ä¼Á¯âœ`*ôt×îJøµŠ$øbÙö4­ÑhôW§­%#(ÌÂ‘‘¥ÍÆÁåïÖÛmž.úb1Nb>LöV«¢&Ç>®š¶ŽmåbCk6º‹ïgÔâð&ÑI˜a…;dV…˜ïíõÙP*µü)»ƒE¬®Vj¾×³S—N#ÔÈÈŠbd¢¤dU‹¹á§
r¥’ÉÉhã@AP÷¬.ÖËg·÷}ñT]Û¬â+©^pzÜMwt1ûÛ:N3€„;“Âvç"Û_Í3&Ué^ƒ¸Ê£51,›ç‚Ôu€9­9îjcKN´áÿO6«¡žEÕ
–Þ°>´Æÿáþ#t´L81zm*Pçî(ÈYÇl/vÒ!gýÍJõ´¤HCÝ°€xËY–åÓ	dkl
ß8ŽÍç`…ÇéÊ>*t4Œ«Å2ú˜›~¶ÚiÍ vHŒe^ÊÙÛ¥ImŽwÍOäè	EÛ<i¢P¸îf€’Úaƒ.(tš¼ëö«x®É>¢­NAÃ)cË6X»"ð6Çº[ÏŽËÛ7¨·Ñ|(§vs[«˜Ê"9Vx ]< ·,£E;h¡‘ [ô¹GQlÉæI2rìœJ€Ið=Á†bÅ¯bLôÌSSœ‰£ØØÒ£ò´j) Kaú•¡´ZßYÎ…šLT‹*XÌ©ßF3îD3LË¾ÂjÄó.Ð£éDï¸´ëÖµlhÚ±<NzÉÞ4LœX·MÏÖ¢…¢¯×”ÉHÍÍ{}±#NÙYKŒ»®„jWÝÐ*_)H‘Žº¡›r?† #JFN>à$(šëé¡|:wÑ1Dë¢4e&‚üÊ˜Ò¦ÞÕ8µ«ÑoZœf@\AZàp%sÑz˜Ç
¨A”a‡ìÊÙÂËwÒ+A8hé=œoß”µ¬e •Z>%ãõ<:Ë)#ˆ¸LÀÌ×ÎbÆúT¬[WŒ»ªüî -‚îÞþ³Õ=vVç÷Hå×”ôý}ÑÇAŒïhÍ%¦7üFiÊ\­í[—¸LRÍE'Ìò.4[F€xïˆ{l8 å.“‰F$öô°ÙTÞ>m=¹{‰/#)âËŠ¿,Ê¼!“‰>Ã;Hé;þÞrž±tÐ|WÏYÕ)•gŒAîQfClvÃ¸wo5GÙÎ¸{ÆçW™ëcü Ùž`ŠÒ[Så’íÀGpF\ík*ÔÅÆ~¹bq¼·&ýÍp-•:«'Œ¯<ÈŠ}aÛ‡0á¤lJãÑ™¬Í4_YnˆQÙœyóóÚØlóš°ÎdG¬7•p`úÈÖm"q¨ÁbxÕøT4"æV\M!C¤Øié¹ /f'„?WGlñ3ƒfrE
8— ddN„gàM÷_hÑ×ð/y€ÿ,ðç2äçäÚQçeÉäòÑµT§[ÊÁ½p÷·ë–Lg¸+ž}}×ïºâ[oPˆ¯$×4Ý3»'ÈVð“;”™Ú+éÓ–¼`ÝJÿ¤ÑÃ¿œ©ž±,[\{I‰í§ýƒöÇPlM¯ór·Ø„úã£Äeÿp¾¡'ªpð/òÌû³6$Êi(Mñ§´ä±Oç2n­­¦8ÍÇ}ÙÂÙ!övµWŸ…m7ÍÉ\HnÔ™œŒ·,ÈiÖœ7A¹(ÿ{Ê›º†²5GæNvh¢öª@#]d‘ë	=Ý|#ÃÑTIüœ¤®ôÜÁ.Än¿­ŸéåÐa‘ó"$kØ¶o@ù¦ë°µF3lÆãPÆ–ŠÁ°é¼˜• AíBÔ”tÁ[ßi¶ð¾ï¼+Å%[Ô	¤ ( ¾zƒñ.úT~S÷Zùfögn79<)Óì¡a©àw(ƒ€£kÿ”š)>E—¼eÊßÊ2ïK§Œ0ÖÇ<0ä‰L¨úN—˜¬Šq…Wpö›­Þç&ê±˜!´„‘²ãØÆÌ0JSc™IßÖÍ<H+?o€YÚXÁÀ–Ÿ½Þåo¦2!¥m62÷4xf .® L2‘<±[œcofqÂ¦â ï74I4q{b€ýþ—¦Ùñ1‰°ùÂ–ÄÎúÐP«BœtÆÖë&Y˜¶Z)ÁIö‰N÷…ÌPXÂXÃ¢{“7_Ÿ$ÝÍr×üâ¥˜p’]E††ý—ÒW?´¢2Ú=÷”Ìn5¸ŽÓHí¤WXfòkÂÂgµd hƒªáj»Ië«^
[áb}h-xtˆ.	>í}:A‡ôˆ€\ê¥hd6Ò\·Æd†b^Þ‡
ò˜®/îŽ;ÎSeD·Ig[Ã2´°åuÕ·œ&óˆ]O§«hÛxÙ|2ãÐ[àhŠ ¤iK‹Î]p:«á´¥7:8L«8uyÿ&n.ØÐí$ÕF”O\€ æÁÚWPÚÑ¤Ž[?AM³¿¡˜>³?ü$ñÔ×òÎûd4j°óïW+×Åicµ»{8þŽV%4©ª%ßjêöS,[Ä'0C'[SòüYÌÂ@›"øk²PÙ#4¢Z–]‡DŸp§Ø¨¸¹–•.2ò/˜%ŒYà9Üè3a&¦‰õ!xÏæ‘ÿÛr`PKòd˜U2:²ƒ"Ë`íé•™Fß“Òÿí:$œÈ©Jæßù»a;-‰Œ^nŠ¨æ½7¸9-QY½÷­*õ*[°}•è?ÄëŽÊ›¿n××±I±ñAŠ1`'	"Rw#ŠýP5d´ÁÛî†TÌ?î©ûÜ£¾Íí xƒÃ3°}_'p’³‡G‹0ÃNäs*tZû°”Í©€,nÖ?G*'3ÞÚ¨.­]‡ü¯%Ò7:Q2ý4K²”?›yugó^7àìL‹8”7«%|Þ0„Ï‚Ý‘^PÁži(_Ê•è–v€œƒ¢òh!ÿ¦Š…Nî*‚D
ã¼ÇNh6-êê$ü¶VÊhgIo¦°¦³üíñ_m-½ÀýCxæiïð±)ÒË©* wØŒÓïÖkñ¶^Óe,:ÎK¥¥{<æ©ùÙÑLËPKñû žº$EŒ¨»MQÐýâGâ :P¼J”‡jÏÚ-9®EoïÝ!i	úös÷äM&a×»À@ó¸¾òm8‚Ó/÷H¤„„ð\ú;{iaðá§Ä¢Gª¢]ž16ì3ÏšíÌáM†ÎD1eWRBð.TÝÊÏN)•Ñ–Pfqê¢ÜŒ¡’Ú!`º¶Ø©§>árnÃ¯1Ê]þ§å:æb|/lcöÎ’ˆûý4Çv^mê—åþ»¦ùñš( 6_MªúI
ìè·ðAÑùtê»½â~·p†ô¦âš,(ãÈä²4bRƒ1ŽÒÌÊº[ƒÀFÉv°/‹î^ýýÂ¸ÿbQä‚kqI–tPˆfðâ|as¦q€‹Õ|¬¦ûõ½ÚêÄRI–HÇq¥5í,Üõ*¨Õb“+<‡í!VDÅ—
iø ÞÒç<•õøyön3Fß]n9¯Hp3/…Õ†¢¿¬~O‡ËÅ<Y˜ì,[ñÌÓ±$dÚn
Š?Yf‹muÔ½!çÑûópä¼®¶Uš:À¹JˆAˆë8‚­/éÆ˜]Xah©%Ðsµ˜Âo¾öÇãa9×©!«µÈA”½„„†«	Ã	cR—ƒ×Â5x¸hªÅõm°×´éCV¸Qyþè´ür@çmUS2y@ç`EÎ(x™|äNß¹˜þÿ"Zˆòn±p‹Õ}Øëãf´~e´©Õë$FŸÚ>µG€wœñ©•Â>dÌao]æ8•.}&öûé7O#›¹LCIÞ…Y7*|;ÌŽ)·'%	þ&ÙµÈžÎ›ÌyðXKÑB…ŠbM¶ìºÞrÂÃä™ÄI8:[ßxbápDûD‡P,â™„pæóÎƒ£D€Ú£_à‰ÌÐ<`<”—å‡m6™Ô"R`RºÔ·4»óì4ë’ŽK^Ày7ÍDL5:òû$²'äˆ¢Ø´¾I­@LÙ~¢ÀÃ {¨®Œ^YA9 ¹šåÍòoCù!+¯DaXL+¶ÈT^]aeg¬ÈEñØ’ï®f9ŸÝL7¿¢‡ýX¹Ÿã:ð¹PÇMH‘ß¶êúÁ¿läˆ˜ÈF£${:|˜dU@Ž¬7oñ\uDIV÷ÀQyç'£  ÙTÈq~hÝY…tîÞ¶-Ôì£‚œ0úð	ôëm `éä×¡4ù„ Iþ=fúŒ€º˜~pK±(Ž3˜ØÑÇì…_'rò•¸'át»-ZËóÌ/z»d2¾ÝKƒ Ñªìœ# ÆŽb3s¼ô
fB¥.Ë† «Ò@rcž©K»TÍ-å<ñÃ÷¿y/µíQt¶Ó™ÊxÆèõºdØ¥˜ü™öÎ#ªä”û(Ï<¬Ý;þE¯*.Î2óÿ( ‡iÔÖ_éåx·ÅÇq("X}Æx€Hd¦Š\7åJq–üÇøõy›Eô$îFB ´2Î3Â_tÄPÅ­ÀÎj§ã(ýçÞ|Ø 0³6¼½>ñÿ“G¶··-Â¯GÐ’•5Ì¸ÚzˆLè”ÿ¦=Ëø5É|¡qQ…•èµA–Ë/ÂBÔöKYH	w¦î˜ˆÔ«åÓ¶”ëhº7ý¬ É­®ìBÈ³GXÐÍ,Ý ê±¸k¨Šcª„}¦t‘ŒÁXçÛúN¢ÝîCKuª4ìŒåÏ1ò;&ÇêCˆ^'ÈIóçxc~ßÜr2O	€NBSTöËáz?A„e´‰öóÄÚüwPâüåË9œóéŸcº¶¹øNš.ûö6ñ­gÚŠ:#â/÷;Ùß^ð>|sà2ëlåš0ó…¢hUfNØÇÙùxâ-½¶°žIpñR[ÑÎ¯ÅgÌc^à…ÿ¸jšÿ{“1:û83ÕC8Äl=®‡¥#«BY÷\¹³iL›D(nè¦¡ rei6÷Ç$ìW£V£ÎCFÆë 9àPz#rìJU	I"ª»^yÁ¡¿®w´«ôÒ\‰Y”­FZûÚ-±.>Ó¥Oˆ1Ã‹éÃ”…*Öd«ÓDeKˆø‰œŸ&|‘j²ðÊÙLB+F7cÔ[L¼³Ú´³‹›€Ò‰»]4ð²ÕªÊo£Õ.¬†ïß˜?)É+=}¨`Ø$Ió-Ï×-Q7£º‡DsšüR-.³Hîð‡A·IüÎwÇ0v8Ñ¢N«êGÉeÌý¢ôÇõ‚…¡ÕwˆÒ¤Š'¿gšG2½î!nO/xª®+ÂâaPVè‹°ÝeIìl28„úi±Äê| eèpVÆ¾´çd¸xü¿ B†•½‰˜Šú¬½•cŽdRäyìV+HêìMiÁ)Æõ«™PJÛ7Eø;@|*ç!ò/Ã£êöà-;¿¹úó‰RcrrhÉR×“áNÝÜÀ¼ª ²oÁP"ÃôQ?²H¢¡µ}˜·'¯]€jùm†”Pp†Fê†:g 7`Y	vŽK—*ßžzƒéÉÌ!îä®ÄÕ´áË%ƒ8ép>òÎE®“ªnW¤,`4Þ­„$±50M$Eó§Þzñp¶¼ekËÑv!N%ÛÔÐøÈÿ n$ýw4 Þ	£´_Ð(Èi^×	Lðl¹'»;U¯";j¥—ÏB´ÄÀŽ5	!Œ XàÌQ-õ°,¯CÑÁ]Ã¾¶þ+?J|2â9Ooå×>I?›S!ÁepE!óÕÚ³óÅ…×[ôoZ†øÉ[Ò+‹ÝJ/ýL¬Ã·àêSÐLo~zSpî
ybQÚßXXOq°pÄ	-óüD32‘<g¤ ‰JVr¼g†f$øP¢Û•ó—`ú3¦-Kiõôôí)—‡sd|¿ºÍr2šm¹ùÖÜgÞdTæ×?î´o„ŠRä-Æ+¬ôÖ8ð9›O3Q’kÝ Ò2ª^ª›½?åjªuEèsXå™ú¡]u®uú(äz¼ªàZ¹ì2õk@F¸^X÷âºÄÖDŽ.l`Ï.Ägš-¤ˆ‚é{œ>@¤9Ñ9ƒ÷*Ë³Í	ldƒ« }áy½ wùâŒôtxØÀ,L0V30
à…¡S—½Y(LÄdî^S¶}•¬4õØx’,{×Ø'9à]`Ý–b¦G 9-zFøÅ	`bÙËYÕi%~MAÞsñÖq´ÏüÔþëüÔeO¢Ê–·†9šwJ(lˆÑŠ!l_Hû·g§`™y*6Sˆ»Ÿ)Mt|dÓ ¢ùc¥ø‘BæŽ<Šáû6‡j (–Ší>Ó{6ºž9µ}ŒŽmù•°åKýCŽYh„þ`––8–çÂp JÚ=hþ8Hh	Ü}Iv:¿m”HÂ2¯Ô;d;5rzPù?=AaµpòDÂ-ÃPGª$mëZ¸	…¿	rœ=âÃxC»cÕœNŸÖÒÂ¯IÏ Yù~6£ÊYL‰ÕtßŒª<z¯˜1E<¨ù—™:âÃýÁ?	3™‡ºÖÈãšu“@ÌôhðN0¼jG­]ä)]ë°l:ËHÎdåœâ«¬Äd‹¿3Fs3ôzÊdñÛ]C„fwÄ5Œ®¼(£ Î”…=Òòc"šçÌ°‹å^#…!(ƒ¹$ô·C]“«¥þ)§»žà—¤¯/[hAvdˆB	›òý-ƒŽ
¥»@šiw£?Dt~è]aCdiØ@Yv¼^oÌW¡‡´*2¬X )Í8LùóàCå–²vgÔßBÈüôý¼’\Â°ÞO›iè59ü¶Wò‡{”9Re‰¨ŽöÙç©ŠÃS˜dÕÕ7U¸+*¡@SÁ‚ÓjZõú˜|4j/RûÀU ·•Ç'Éä0sŒ\¯ÎýB+>Ñ	Âø/±ivêZ[Kª/&4
d¢jSku*ƒ1ÀÍÕ©õ[¯ qøà¤
RË¨éDhyz×úŸš€®K"áUŠbõ·.ÃœD9t²	8NÂ?N_c2©¬êÉÖ¿w?WØ-®q]cº)ÐþöÜÎ:›Ê¸Òœ)EKjx¼™.MŠ	Èh€µ¾>Ää¢(õ²òø|N~10CÚlKhj
ÅU°¯ZB%×qÒÃ°m”ašÔŽ•Ð(•%¦sEÑ¯4ã{
á´ˆxuÛ¿ü«{ÈG 1)5›ô6L|¡û¤Ð8ÙQ¶õÙº¿W…™¨QÚrU§ø ¦uV#< á4<8{?²ÔŽ1ï‡C¼[‰¯€daÿUB&N˜D`ÑºnÉ-ŠŒúêËB7`GãPf¼p‘Ö|ƒ_ü2
ÉàÑº®ÐXúÓK„;KÞº+IìZbižaVÌ4ShCÈ¸«²Ï@&jô† ÍDí39Eñ¿^VHzÙ{¡Ïµ‘ÚÑñJé¬†„aW±þ¥m¼3ÖýÖD\*s Æ ùÙ<@gß(äÅÀRWÎl¹ì#QWîÅ¡"ÎŠEŠ4¾å¯%÷•Õ-`âªM¤rÿ“Höï¶Ãâi'¢64ëPl¥³Ê± Üœúý»š‡ÇUXò
ßŒ ‚±GsxÚµ,xÒ¥k*¤¾šÜ=hšïg˜LÕ]'	¥â5'	‚mP‚u„Îî®Ë™õ{¬¯QúlÅãê\'›|3Nšå¥¥Æ~iÖð	9ë£¿å&×ç‡€…©Þq\éŸ Ýà<ÜúÈ‰øæK®hØÜ¸›kÖ²Kô»‡½O‰¿Œ¦Q—è.¦tùÐ+{®=“×ŽòD‡ïÙfr G/B~úqâ¾º‡“ã"A6£€Àá½ó°#‹¿¹‹Á”ÿ	2‹Öò Hö+;;±!u¥b®K±€)¦È½†1¾`Þ}-’Âì¿¦]‡Ñ&»Ö¡AžkÖ|ÒÁ"2&äTv‹·gãV?ÇY^ÇoZ¹ D$wæ¿r½A&}•‰û—ÇñP…½ÞïÀˆ–¡W]è[ÙÊ•*âÅ	4¹¥åÉ'ò0jJäWyŒÍ¹3xÀá&6©b:õ¬°’½â Æs$^PCÖç@¼à¾Ü:¡Äo$û†,ÿÍŽö©d˜_¢Úo4óQN»„¡\ƒÉ*/K©“=¾Nÿœ1P#|·rÌ+¬ÝøT÷:%FP8rmö!^~8ðuPÌ€ô>h,„÷¥(	•™ûpÔdfÒÿ+Xk†:ð²™¤ú³øØ>{ãÅ‘¨èWg­‘ªÇ›²»+KJÐ•h¿ñ›ehãŠ¢ÀP¸Ü©FNfS|?(‘ÕÄ&?ÛŸëÓ¶é‘‡”fÑÎ‡Do¿áŠl^­C¿_.rÇž¿‰=@Aâ!¢qK3úõTT•ÂtâhÝqä˜ín9€•˜úè“xw‘Ñ[¼õ²á”_ü:ïZáûZ9ÐFT’ôËîÃy ä¥ùöQQßÂaéxî¬#>ðöÍ°ÚiÃì ÿÙV{´zçeJµüÜ»üÜŒÎAÕÑ¶‘Ad{ÖµªV^^ÿ³ÇÍ¨"Ó;ÎÝò¨S$«»z¬ôš[8¤Øè8ƒWF‚^ ˆ¡÷ä|‘{HžÕ ´¡Ïâr!™¢?F Ñ^Â¥Ið@¨(£ÿ y×[ÈŽ¢ˆÎÚ~üÐ9;›ùn€Gm8ëR·^ r{²Øÿb-¯ÜVMKòuò@¿·ª)ÍmÆþÖºy—ÀüX,5pØD«÷Z˜åg¡¸´yŸ.4w§ÏŠà23¡m€-ÞÏªN!\š	m8UGŒtŒ´€‡ Ÿ†*Ÿ}â•¥OV²©ä}ê«ÖìÍ&='håŠThRë=Ûÿí-ÒàúÑÕŸÄ±Y`±²ç[â|i¾áÂA’:P	£»HJnŸ®Ù~âÖ4;ðYÄÑ‚ï	IÎÿ(ø\È*¹Ÿ_…ïá¡¥ìŽÎg¿lÚw&˜f7~9:x7Gt\™¦Iv|FØ€Äl«6ço’¦S•iË(C"ío,·Hð“‹n9.faLÚï‘‚n)ù¾2ú3w*jQDøÈá?ÀÊniI¦³dÛSÈ½j|ƒ%¸vé¶­b 8ƒÃÁn¾mø½ß@fÞ_Ÿÿwš„áè‚¾Þ)ücº@óxŸÍe7ÎèOƒÿ¯'C"@»nQÛ7}3ùä½âûÞ¦k¶k¶µŠÝ`‚HV€FÈrå®ü”¾¶õZæâo4bšL.ò·ò”¼aŒU3M?ä[7­D­þ”û—MdÞGÜÁ•ƒà¤¦;™€fþkUU‘!#~\U+( ÊôùEÐ¼&Oe™Î$àö
õ\XSI?,E€`t¾<¨"*¿s|ë”¤ýýÄàîp4Ô½¤ ïH¿7†Æx7%bjžX]þðsfp {JíéÓuòhfJ{*ðcF¾?‹\gðœæ†Ä$<_OÙÈ¨ï’M¿FT®òuØ #ž©K=†,Šáá8h¹7úYÞn˜P¶ìdáíy†Äîð’ÄÀ—­L,Ì#Y~$ÏÒ™~\dÏKj bý5Ãn6ºçž™Ñüž'ç¤ØRZÍŽ=ª°%ª%#["‡)­Ñdü‹yõ`Ø¾úƒ•âåk·µ	Á¾©{<áUW²üÕ6˜5b¸Žë"z=}êT£dÕ—üÈµ}	æ]ÓQ¢@+Y‰oýmÀHP(42ƒ£Þªd|ÙÊš,¥šp°P™zì¦±w†ÛC³æi½Húb DÓzˆg–±…ŸÏÍÔ×­$F¦9f:sLU¢¤òËÂ ž_pÉã¥R…DËç™ÑÆ\ÅÉô}%ÿÌá¯s{‘ú½ÁZÕvèÖž*b£¥QÖ{fWtñB¼C—O•2‘ÛjÙó³L­Òå_V}§ÁóI—:j’l¾,˜á~ÛàÅZ›Þ¤Î–BôwÓƒ¬òÓ~žf3c“ÉyHÚèÜF•Öa¿]’¶„á[@¼¿ÕLivÞè{˜Ï ¾›zjy[IH¥k4a:	ˆ+¾Î¹soÝ›s2qÅôDÚ~å¥ûîáatGuˆ2´ÎLÙóc¹§1¡šþªº^â#ÔÔ(¥(Õ:ÔšŸÃž­Œû	$èÇN<¬Û2ø¹²A„û¢¸`I[oé?ØN?ÁæØŠ;zkXu´ä°ØZŽ+.¹É “<iÔnûj“À‘x6	k_ñ4]¹¾4°øˆ\i´M5ÉÑ6ùø$+VQP¡y9à˜TmO¹ynÍfd¦Üç#XþÅ(ñöÈ¸Ë¤ìÞôV™·Ž¶ðŸæ­lu¿•Óà8‡Ä­ßðûÉW‰õ¾ç¡åAýl!Tr¿g±8ÇAyíW‹Á7û0æ’þZÖŽ;Ò÷¥DŒœšj
¦Ñœ–}ìOÃ…ó³O—t]ªR…H—s‰Íßvå
´y}4C³ˆm×®=k ¡oŠ2˜¬¢×Ò2â®LŠ¤q¿M·7¬ÁÉí'êšcJÛNŽW"Ò<‘é©?€sùþÞCW ‡IÌKb[b_âèìÇÊÆëûåy½\Ï'œ&‰Õ^z+	Hð‘2‹&‰†F÷Á©i`¹©ˆRÛá u‡î¹ÓnˆûyµÎª*Cðsó—©gFÊ°¤LM’ì)¼&˜: b›k8BÓ?	xRÆ*ˆîrIe¥Ãœ×«%PkÄRyOøãÄkÌÌ‘
ÿÞ’b$Þ.§±Eæ‘¸Ö¦ÊÙÛâ„Ú^Ml€*îašß—@·É]~x@Ã“ °Uy]ÛQÅŸn=Èoä«œšæe)9wlnI	9Q¯õ´¶vÊ_Jl8Ó 3¿æ ÄYÈHŽŒ²ÿ®Ìz)ì2Â%‰ûr Ï•Š#nøíð«KG“Ù/yü—"(Ed/ÇÚî<@¦«ã§½j¿îŠkJ‹ŒGëª!šUä¦äý¯FÜžùFó§îÑÒJøO§Ïµü:G£)îÍ)Eó\ØXÎ¶YÎþ­ùoÕW1²ÜW.ªNÃðÒã»ˆŠ¡.2*›w„!±Ëæ2u…•»×¹Ê{Â³°Ê¾Êc`	Ï›Ñ~æ-¼üº{mg²:‹SÌ”¹$Ä+¾™a)Û;ÞDÀÐˆÁgñ™ƒ:äyºy7UüðÏÃDs+‡k¯(™o)ÍÞkÇ§ 	òäuTy8·!G¾<Z£MFÕ9ÃJ2Ñ ŠâÖ¾‚¸ªÌ´ˆµÚý+FóBôãø´´ÙÍÄÑ0m-ªëg
Xsîà¡ÝÈàÜ'T>ÍCqù¿7ßwêGzÌÝî¼ïÛŒÿzg_«ÃéÎRWä¶%L[˜žî™ƒÀYä‚‚=¶Y{žà<+ðÊÇ6Ù• c“Ñ' ez1IùœÕî‚R6¥ÝfMöç”"U€¨ØøùÃTBª¢ni½ÌEë Lâ âç€uºr{‘#*…üÝ5àá“™Õ	›Ð² ,îÐ¥¾8¬Ú%± ™¢¨‚f×ë˜D—§ŠyóIO‰ÁÀ¿À²Íájèõ  îñö›¾¢Ñ±æ\û©®Ïˆ¦5îÑn!ÚæY[qjÞ·Qú™ªjÛVÅ}hÍeü¦ˆçô»HlB‹CXYÝN•úà$s¹3£Êµgöt6â9µPHô³\@Â Z¬lÔ8¹cª…ãÆ‘ƒÅî›ÌÞ¾¨KNd<ë¹É³®
 "•Ï?iÆùº4ë]íIÕÎ¸\TH¡ÕcêÒSŽQ!†Àñ/]Õ\af}ðTÂ1
Ö»¼À¤žXNF6ørŸÄ¢ÚdT> Þ¸|óÔªù¸ð÷@»»mÑL4tT|ç” j…•°ä˜!]È}¾xTôœhi¤P6>]r#ÉÝ™¬nËûñ ß
¨Ò†Šââ¼8ä6™F€RVU F+ÍeŽq¤Ã<Ìcˆº_ž%0À@ìÚpat¨G~¤5ExrÊhÍ+þ>€úBß›©qöÒØ¢ÁÏâ¯ÞjÚ¶‡cŸlÓ¼†ÏªËúºW:€?,‚ü_'-XuôÞóÂ½ýXªvu“ˆ«p‘X9JUÞòm,•0ÿMMÏÇ6k>¯¹üdh&4Ðãt5¡èt&Å{¥0C
è¸CV™N œª	Pá9)y¾+6žƒ#HþŠ-J4ú™~?/CyLÄ¼’IN+êbè7[ó¶>¼ÆÂx}}gÎÊäàm%¾×Ÿœ°—ÿ$Ÿœ0 \8|¸h„û0Ç©ÂRÀÀ…­ìƒ«·LØ-~ï‹Æl_«¬B.ËeÝ¬§s¥&Hó~[}?
/@»¤Csÿq’†knÏ^œùÄÁ¶;Þ™nwÇçü‚âaK2(Î;õv?û‹»¶È8>1!$äs/îª7^IõÎ—cÕSÙ–káÐêÃ?Ä”gs~ŽÃ=ÚåØôŽÒ?0Ì±ÛÏ6òF¡æ [üIê!ÒŒ`(ìËß1Ó·$2DFû]a›œŽ&Æ¾“ºàµ7$« M¢YeîFp	ÝÔê¿ ³ìó¦f¯Ž§VøÑwF¾*ÄµEõÕ¾Øz5]À´æ2…ŒPY‘Wi·‘‹´î]¨©N}§o+üs¯5ÕfÉ’|¹‘ò:…:*Ä¥g~j•O-m•Z°CÀÛUB6bl•BÞ¾þË[¸ (Ì.AÀ4|—Äƒ‚Ë+s0Ë0÷e á ÊÃ±|&=>ÌÑõV9jÈ}ÈºPRZ\ucó%Ã)$!jÏµ®-'+NcŽ]aÀ×£‚0kUXIÑ$HxÞ"w(”×gek&£‡înúíä»ªæâå»+a´]N)"·L/:/Nb{CA“ŽL‘>È³žˆí<"ºQvvziÍ!š¶ÿë}àx0Zb>2Sh
Ž¤èO¥±ÁnÒæÏë=…V&™µƒŽãñ3Uz¤ˆÆoÒ¦Ô¼ÔÁcxtÌZiÏÌ&P„p§\
KØ5e²$öeúŽúô5üÅÊß~cºe˜j^-IIdTÚWòÌ¡æl«’Å³ºiÝÄ†™õ^z7<ìº˜‰ “ZQ(¾ë­ÆÇ'ølãp ;¦ý‡ÛÖINÂfœæßàç0Ë5„£)Rx¤À	Þ×½5-×PŸ¾Î¡±^ò˜aÁa×ˆŒ=—ÏDÎÅúWü¯²àI(Ñ2úÄp7R±ýoQ	‘®P¥¢ö¤Á|Bœ˜{ÉÎäR}Œ|v3ÈT5ý)‚‹ÊË óWWZ¤j½˜£&­°>d1“{(5#Ð˜«žÆ‰v©S’²ÐñY·bMÞ£ðDd¼éo_>Ïv˜ð˜M
™(®Î³;@vŒþ´¦
8èVö(¬#ñKD© Â€ƒæMó;Æˆg~èÑÆÂ~’"Ï?¼ñ&°G\	á„L¾Š/Ù»ðZ9dw£Šˆ²R#·¹¿cOpm[÷c2e*Õ6¾ò¸¾VR&ñ¤+Á«„¬â=Hæ¿”"Ò¹$:ùè‰ØÍ-?‰Zed[_èFäï9öLÍ-ÇA¾t—õ´db¦«hø®·,¢Ï¡ÇžXþ“Q%Ò¥ÛfyÌâC’ºCOuÌd‹FTq–`po‹¦<àgh¨6ømæÂaœäe½1Ù>«Å'^ù ¸ß¤\ˆ×¼ifÃ"xÜ¦^Ëã±fƒÛ·HÈ|ùCÆƒ|…<%–5D­pFª¤4ƒÿŽ>"w£;ŸFÓµ“#lÉŽFp²ÚG™ˆÕÓm Šù+#?MïšÏ`¬Ôôå-Q³Ä#x|ê§‚ÊðƒGžÙÕN¾ŸHwC ûD`½µ!³"kDçšÁm&uY×Üm¹æÝ;žñô[ï.=ž´±èìPå·$Ô½².h–~´Øuáò‚ÏD±Ó7Õ+uƒ¢&K(FLÏ©ËìÒ ¨6Æ"È²¬æÈ¹Á$ø×ÂÛ\€íyº‘à©JàK
1€\
çGƒ]ÇKþ#ø£»¡&¡*æ"3“z³’Œ+ †Á)¨¶ƒ·[ð\4TGíCü0lï÷!¯‡%Þ$_|ÑƒYR“zó€Â¼‰çÏ¼Ï„M{ÉÁ× œm×êõÊÆ¸•vCÍ —_Ñ† xr©cªNk©”ðû/mwT`¿×cÄÙÚÌ+”‡Š‘ÄÁy†{‡÷´†hµ(uAD‘§šŸ¯Îþ±ˆÅÙøÆß‚#:‹À&V	íüx0VPëk³BØäñõ…³»K”`Å#œÞ‚CÒÇ££³Í5Í8Ç¿ø[f*-+œŸW†ôÃEegXj?7Þ„þoÎâè…ýwÊ/?!¸8þU	m|3‰f3î¥0jTaT³vI'Ýû­ºJ-ËKò–ÐS´7RÚµœ–Ê(˜‚DáÐs›Ä›ó	ÛËcÉKVê‰9EÆg†öfdÆäXjŒHÇ°Ñx›Aeú¢ýÁø"Uˆuâyøf©ÜU2°«|âŽÊÃãý–è¨+¸ß©¬ìM³”gÎ¼a¨ÁVUÚ b¨ßq!Þk³×œ$"<‰’¨Lóèh8q@bÔ“Eµƒ §šfYé•6ñÊð>g"8E8L>7í½Ãç)Ïúø±?Ašµr):¥t•G]Ï–TiuJRKï„3ð+žRŽUý”[„'b@Yóy»"©OŒ¬sÍ	ïªö.óaF•ÔéSV?¹Ñ¯eg*Û©ug‡«ÿùÂgêL£µp×&Û~àÊS]m?‚½Ž‰Ëû`NŽ÷³2‡î–4Ë.fEg¸ëÆ÷4ªê›GØ I!ÛÚƒ°µž¼ ©s…JaWîOûµ 3ƒÞ¤çRBH©ç	¾QgñË†ñáz—…x°ƒ×¿TôB$iÑž‚¦g:ÞOpÌOR¹N»°B²Äã€exðè§á·:B„`™u³]U}·›Ž€##xGT¨Ï¤¬DnVGÿAV6JnÜæÊqíµbµÎM,’<ß”ÃnâBÞµÊtTµÂ*"uUAam·º@„,ÏQÞë0ÑEv¦ÇR—såÊœ­âùf&ÝD!”¤:Ä¯“Ÿj‡–ˆÍá½DØøpÎm‰«&kÉ¯¾NŽ$ÃÉ›‘mF—Ì¼¼”Õ¾æ“«`©¼“ÃxKlhŸIËªlù(‰«¸|­ß˜»Z Yá^\®„^¹+ïí*]þ¢jŽº5Ù1û`™›u
¨Ç\@UŒ$é?ÃÏaDéjDp¿@³?3ôÒzÐ¥ß.Áré~m®À¤OÄ\!E`’±c
?äƒLó%_ÙÜéA°b¤7öç~·RqkT($jëxé=ÚæŠzÈ¯QI_ëç'GìðB[§y^’[a˜]ÏŸ²gÆÄpÑD†ðAË€	|þ"ðæÃwzž†p‹oM6LÎc£Ò–s(€TTÄöíî‘Šz­²e¬ø;¼:óõ5ì94½K™èÛ•¨ç¹~t‹âdñ 1‘äÐkÍœÀÑl‹/\³6ÚažFÝ“R|</©åLý‘ýnOªç®ª~Tùý*sWC@ÊPãÁ?œ‚9!±VÚ8ªò¿N7[/ê¥0Ç¢<¥°ŒÏM4x”Súe‡üoËõ»´gVW=Ój^z°±k¿Ø¹e¨”}êGÞ¿Ãÿ¾ªý‰kDBº®+àûb<H±õÜá°¤§ÔÐ¦R6ìÜ[‡·2'…ÙiX`?Ýëàë­–µyÅ^‡§¿h©ha#ODñùa$kD–µäzÃ8ý%†6$6’º¶Þ=XÉÎn*9ÜÒxëCèd'z	¾ø˜#ˆË§¡ƒ”vhvk»ÖÚýÚæÐÀçöÂ*U–ÕËhÄ'<99‹b|`sú ÎŠzú=Á‹×/ Là
£®‰-Â­öÙ™fmõCÔ5­á6ÀsCÓÏ<íÇŒÜ«4îö¬š`kÃã„´3B9Û%éøò €rÃt©Ÿ-±¼ú2Ö]p4ð™håT§ mîR-:f!<*iá¢â00v³_XèY¿/G‘ûM *N¥8h8ÅÂ%sHï5›0w7E<ì0?«Hv„áÙ'
'“dáêÓä1¢æRoïqK,–¥²uÂèð&¦ðM3äC]–¢Â?Ém‹¦>@éðù¸ì„d‡È,¬*ZÔ¨6E°r ð9“ý¯îˆ\õNãÈ@ŸzîÃ6^F·ù,aVµŸ/)SµªÁgŒŠºJ,ß>9–Êk!â{,µ¢r>ÄBÍKêÝê}mÂ›žèBe»‹^chÿ×*À(¯„ççÿ*BÄx8£uÉ³æ.¶bGm¯c™½Á \ž€ôÓ(ƒÁfÀ¨IZ8è Ïçn›Œ»¤†l³&³1d]_Ö|mš>‚mû6.Y6SWô›O®%{@¯V×8þNàj¾þÈ[¼é€ïÑ]ËßÙµoPÍí®""¶1³ÌË2'ŸÉ@Z´ «ák)ã ×’SW'IñrP9ÔÛF<50¯ª,f³©D±œ`&CÂš¨É—«	°Ü0õ’žWÁ[ï¶ç4•ÂÐ¹ãÕÔrƒ=t4üGØ¡¾FVÁ›±õ]­E‰HÛP½“x™†Ñžbí¢¶„ëkg¿Ÿý¶Lu÷£O¦ŠgD&3‹‡,†ÓRGuV±®îô³‡ÙyÂË¥á*ÜúúŒ> øMxÏßÂžãPjŠ#«ø·=ÌÑ6ÉàkSjÝŽê?¢ >¬q@µµ’›Z9¢?jåç}| É`å—‚ðUÄì°wÁqÀåÒüh«s|žÑ»£Þ*ÒÅ3¡nªç~6â‡‚u1yæSôþ¤¸Ìúó$‘MA)µb…î£sÞP¼ý*Ù[%Î>c{‘ÐÿMdf—=›oNQlšƒLÊ%¤Ñàê_‰Uo¼AP)[×7(z‡ð®g7®¿Ùßìý/é»¤æ…C]x>Iâ¦'2˜ðÛ!Å/ÐF_›Ñ«‚›mÕ3G$e—ttD£BrNæF;nd@ÌÅU §áCšXg‰œ«PÇð‚ì?á~lžØœ¬-šŠõ„;B$f4å,å•÷ò„â½ËZBB5åRDMmW?w]Ze27Çhý5\ý;5Ð›f!}‚ÎãÀFäá‡…ÿ	.‹5â¿Ÿ®PWèÎ³4)ä>š»èÏ$ûÑLÜ[>dYcölæ©"jlO‡þ~·âÓ\P`L€ÂšNIJÀÏJŽµÓd5.y¸æÄØdX6Ã YPz6Sœ3ð0:œ¥žG‰!Œ^:Ú%Î“ù·×h$Ø4œÚ·A 'i"H£”†Öá(Ñ§§\Ú-Ì®°Þ»7uz„òš¿E£>"£–¯8ýPaîMÍÃáähñïû·:Õû=kÁ~&ÒÇ&_ýµåžúð¢S?YFáçÏ.Î­ö!è4Ã,ãYˆéMUéS“Mäl°ÜüíÃ€²%”šÿÓ_\,—‡üËÈ6$“èIÎOîåNGrÜg‘ûÎ@ŒXÃ2FìúnWåD¬™gy¨W@¬|$B¹8ÑóõË†]iíŸ¡Fb¶9?³¶LNxYHwgyP#Š¥*~Šô‘ãËý!HpzŸüÛãV ¡p
/|Þ;wç¦‡ÐX~ì”¶–‹Ù´20Ë­*vôÄ5xÅ‘øz‹•fCJÿ]}.0¦§ž¾ÙôGvvz5(ç/9P +™ áŠþ‡ž_<YèZÆ¬{¥ã¤Ð=M¸™Hw©àôð›d^tç ÷	Þ°#ç?çŠ¹eF#ùb+Ôq¨ üQeÃàÀ”–.áOœ€n¶@7]ìøØù\-¦Ã‹øÒÃÃ4ìN°¬3éU!´p?Aý'×bxYl~Êû^#Úž#S³R\à>H:0ð‡%£bUé ˜wZšSÌa|Ü‹OüŸVÎEÌâñÕ¯Î°&:^ ‡Z±i-†¥ÄÝ´¡›ýò‚]"Ý˜°â¹B âh~kµ-<ã“¡£à_^NÉàìÛ'S)FÃÏ¼^{H<¼®ø–»šåÊQ×¯AÃý ¾a0¢UK'LZôÏ×§Ú9Ì;ìgÌ¡]H „òhˆ¬{I6(²"`…
èÍua‚¦z¥„ýùuTNGQxæaDª›$Ë^, O|ƒ&o˜jØ%uRwòÃßØO#ÕùI¦¡m˜©ŠÖ²×-é'Ô…WqˆfîJª¯é%¤^F1ÒÁÝ4Þ¨.É—…d¸*hZùUIè²i‚ñæ`|0ùÚxÃŠáªÈXi¬·Jé®a#³Ëëà(œm1ÇPó&Ô*‡Ê
Úì„áKcf>¬´ïžÜî]»†£öò:ŽI{/0s[ÿ­)ˆÕGMÍCzÆ¹è4ÄñéC¥ð7˜‰›"¡Ac8x6§~ò6£àáöŽg²…lúK0m½ü<IŠw*0aªáÌMJÄóQÆècPiÔ{«O›Bá.=Ïù³ªE«¾A%úT…@7·¼±Ø|•ÈŒó½çw"c­Ž>¦ßd½Õ—a ÑêždVR<ó—ÖcLƒ.¼\š§Æ6kµ@7ÃK›Í,Wòrõ­Òë‚ÚÙ³™é¼Áû5¾"•FÖU¢ˆÅ4mŽÆ¹ÀÕi–‹þ{I=y!FŽ´j¶„}ÊS_÷5æÁxÌüÁÙÖ§Š\1AÌhd¹	Â7¹-»Pb@ÎÙ’ WAèt8@(ù“+?ôÀr˜° Ì× OXV¡\£[±Jî;v+ë…:+ `n§B@¿³ÚžÞË=Î ¥Pé­¹i«#½nPMbP»„1þ&ó˜\æ¹=Œ¦ßÀT—+¡Ç/é	™í(U…hM ëón•u…AÙr„Uîg%¬¤(JA~ÎP\“ˆ¬ÆÁ¤ÖEŒXŸ@
Çƒš€:XÀ¾y¯7ž^¨nab¦AÂ” ç’§ŒR6®gê[Ôfd*^{.ó7U[>nû<Üvø<ð:ËT2xù‰v âx†0³ew!-!yìûÀL €¥ƒ+¼[0*‚7L™±¤œÓ¾N˜síÍÿÛ®Ž`Ÿ)Y¤
¿rV!4Àó<s~‹9¦÷˜Áï)ÜÀôÍžÙrÄ5†û—`ÝX.²á·tÌ4“Y !?Lv«´]Ûbk÷¯6ø˜ï`ƒ(yX£L&]Àö+wZ>j›ÖF 8 h‰"\©fQ‰vC
/röºúþ]d>˜çÙ‚ž••;=R‘RM6¢òaƒe·åŽ5[‚·1ß£5MÄDM>ß4mMMŠEwV˜F0Ê%-;ùðÐáßÊ}T€™	1cù×€S ú8kò¢
8q„ËÙË:ð/R©a5|åA”Ýap$²xÌ–àT¾O­ÉýÔþ¥mC¬Êk„«IÖËÄŸ µÏâ¥Ÿ.Jà¯LYhEÀÖïÏ±>jP
EXj&5ôí Êû‚ªüó$Hè“Ì»ˆ#aïKÞÜœî2Ò”ú"¤A’‹3;š‹^ƒtyY=¸Çþ:˜¼ðËã¥L•ÚfH®ÕhÐÌ™^´á¨Î@äœ4£Af£&¾ði_™æànF0ÿ¹Ãˆ(÷âo™‚¸ÑÄ	ë}Z	?ÅÊÄ=þ)Ç¹xLÌJìcJ–žÕ	üÐ%R‰®Š`O¼:5ÆûËâê…ö°.–?D±åÂV~“Cô:BzSâ"ëÒuW“8 *Ÿ2ò ^wù×ƒs¶—2¸åù›Ð–,ÒÛ­Ç¼”€Ò&m‘&ÎÏM'|ÿspi›¢çZÛS%ÜóNeÞ/¹]‚¹týJõ…šˆ>ô•¡§Ç[dI2R'Ôƒ,nò•‹»‹¶Cí•Ï|ÑSòÙù¢I-–9¤.!0’Mi~˜–«ºiß$`c²Ã°FúšÔë>kÛ«*~å|ñ¶ÿ›[cîô^U©Óc•ÒPSôîù	ì{TX.3º[ïí¢®½ä+ä¤kç´]’Ñ>WÉš\R4Ù¼¯)0Éf××yÛ±.8c`º(¤ håÈzñéÔp¦•X<’lB"‰’À¢Lª¦VŒp9…äùõ8¾Á%“ªp]ð-'|%¯. ;åä éb¾ˆ`iñÊÈz´!†DiP²¡%+E¼²±R »”1Ù‡!ÞƒÙP=<3šËœ"îÅQ/ãuÙ-JËVqjŽÕi÷­Ëh|ò?®X½^|ñÛt –Ê9…§r—Ã!Çå5#§D“80šˆ¢7«BÜþê8%ÐéXÀ9 ÅÕ–ÄÐ(ÕûôYƒÐœxcIbx)SD}Ë’Q8âÑˆ1šœû¼ÆŽ	çºÖÁ-	´ünn÷__ÐÕ_,¢z"!(Õ”¢EFÑçÖŠr‡bÈ‰Ÿã’fôr´–qµÄöÑìêH›„ßn!.] IêëáPUtrÈÙ•S[…=ænØZö`é8-éõÿHÙ9JÚ€ƒÛîÊ-s´Íä¿ÕyÐùºÄXŽ’icŸ†À£[éM4yÇGB·(ö™a¿¾>§…>çîÉ#
.$¾ÀýŒ?÷¨§Ä…BÓÁ51 %ˆTGž¯iÎ.ç`Ðô˜…Ð‡}1ÊP:Ü9)÷W‡!sÐ§¼d r+LëÈH²–åÓË©”xÂIÏ®—qvÜƒþ£Ño–¡!ö¾zþáQ"^Rg¥Ç‚“ãf™‘/oLc=@=n£tƒŸMP®93tÎäÉ˜BËe¦½;r#?¢¥Þ Òªš¥U£èNs¿ÞUŠHzÎ£˜¦¢œ¼ èßû3(	«$Tžãêúb²ëýÇê!›VCí¹«ôPÂç85™t- €ë„‡›N¿ëó›Â‡zçÏ¶5—¥ ÂÖ(t¡1¶žÜveb»t õ´Ð{šÚõ¤ù¢…aîÅ\’±Ž»Á`1MÕs_µØhªø¨sÃwpürÎØBGš° ‚lYM'³ÃúÓ´\z[J_K6¨›_
$ýŽrNPÜªTB"=;Ò(Âpl“žH‹)P0©+£~Sƒ\r:*{¥ÚV&Ë¢øu`XÆ¹0@j ­Ì³÷?27™[>¶¾˜mOôgÕª‹Œž ²·RvÂL¥ã˜êâ¯•Å'¥8c‰á=·[˜m3ÛSªâšYŒN¼âíO,ÍÚ¨}‚ ª’F›7‘]¶_ªGœðÁ¬’_Ns£D”`áŒô°Ý\?üh–PþÊH¨>dCÿö WÔV†Y,!£
mÙ!P)W¥‡î³hí"´=õ<GA‚¼^h¬Ñº¶µÀàˆ£bÅ7Èšü12+¸ûJÞÕøûhòb`"›Ú¥ŸÎk¿u¼»‰šº (¤ ~_ÇXT[øˆâ+ÖÆ~yT%Nò@Ñ Äj;›#ô\ÿA¨Øzy§ÿ4=^RmÝ˜tŸ6VÓâSÏ¯™‚ƒ~|XT/ÎÀ_g¤…1Qòx¶ßüEY¾"¼¥„–D(Y »éùÖ
‹VcÓ•Þ‚§yhxÐ¶‘È,B t\„©S.‰Ô´Úâ …¦­Lw6Q ÎÙTÒ-Ii7Zt<Û}ýØ®v_¥¿¶;m°îšäàZÿR„n05 KPù5¢/]…]\ ;ˆ›:­cí¡óû”ÌŽ¤‡;06|?•mtÉ –DêÂ$ D¼¨=9K8B|á‡ólxˆÑ[.{¹YðÖ’šÅ&õJKž&TÑñ‹J<MæøU]Mµ9Áþ½™·û¸å-Hé¨£ðï¸¥x}tm—°7í2~K³)ï·îŒäá#ª.þ6v™ùÁªÒb€ ×[qçT¼¬ëGpÞÓÐ¸‰¿Ð‚¸'€•…<çiœaLáOlOÙ†{|1HJŽ<$9õ=´¹ï
ªÎŸ÷f¶'Ó"çj?`h i¦ÆÆA&ìýc‡¶ª­h×b<Ñ+‰®«òÙõ4‹Ú+|Z£U–Öª¬èa© Ö¤:K×kÅm«$p	Df|¸è’ ô;ï#Ê+Í°³¥;ð¶åü!MmÓ[	ÙÁ"$w…³<•hÓí¤JÙÆR!£p­ÒÞÝM³!æp—ä«…$éåph¢:±.ðŽQ»õ“T!¾çŸPÕ`VÕj>mÉ¯	]5ˆ&kñ<È’­àëuOÄ4]3»ïK#o2®Iý÷"*wÈ˜©óØÒQi¬/éhw×Ý=´£«ÊsáoNY5mÙZìmÛÄ ±e÷1ŠP[Ü“Ö¶/ÉDLO·³x‹>ÿDWMµÂ[ÿËP~Ž•üJV——ù½ù±fûC-9Ôžß]ðs¯Ä½SQ¼¿ \$ÍRÞ>:u¡VýîÕtj³ãƒRmX7ùèÛNGí)[´®N8ÞŠË*´ë‡}ªbDÄ]7R¼œûÃÑÁi"Ã„„Áð¸8ÉmÀ/›z9ço%ka¦»]ÏcÀÇðã{Ïxv­R4®ãQ˜Í 2/Ï¸dAÉµ¬þ=Å~ÙdÞVŽ::ÞCdu›ãZËÄ¿EîK¤ti…”µ§î´×ôhÚ=«Ú!Hôž6q0ºñ;¼Nñ÷Šqï‡Õƒ&xM9}T<ï¼;5‚õs¹Þž³W’ÒÌòýðé·âeƒ?§ä…,?·åkž¨€—çTJHaNekRÝ»˜¶$úK1žƒÆ¿.kb)8÷1«!mó8¦s}G£i¹î¿'f[Ó`SS)¼V¸(ÐÜcDäÕ»,ÿ—ÚI–0KR0•n>ó\_cŽxYm{úty#J¨¸ÉwÑƒG¸ÚŠ[Ôžÿö†ch@ˆFš‚‰:Iá×M«C}ML.Ï« ÒVù:±÷¦h—EÀ¶ßÇ¦AÝH™(seùYÀó@ý¡JÁ€JX±±P°€‡ËPWØµ’¬%X8nØÆ¢Ã_ÌzZ¥£1J7·â;<œ—Íë,÷/YôµýóM­áÍxGôÖ6²¼øÀô×Uš°‰þ6šülhb‹x×I}¨dÆýúî´}“PkÄÔ$Ùy’¼S‘8«‘jl-ÌØ%§8E\ m7"ÈuŸdÅ5NÑTEìü¡Øôíºù«Mˆ²á©ëži
­Ónû‡ºÙq„W/låGŸ-R#YÆjøhÿ¬ú˜JCßò§xÏO.HÁÛž=¸ìYªâºgS{âiÏÏM2^Ø†™¹[Ó¸I…ÜyµÙ¹ÜWþÏ´(×,ãsyk0×›2&r!cu¶;ÑÔcÍñòÄçaÞlOec‰mnÐü2ùYÃ*±$© ä=°!ˆ´¬P¶wôüJD“îšÕªw9.éD¦ÏWìO#ì{7ûó÷sÇ^S#µÕ¼3àšÉ¹E¾+–&xÂ[y>HŒ1«Ï“”3oéy«êdÌ•œµ*R¼+vÅkB·f)ô1R(Ct‡ö}äsÙå¸ò¾,dÇ2X²¤à™J‰­nCRZïLÚZË?ðƒÏ U7X±S;X‚ÅÇ‘Ìtàì(n€¼ óê‰y€ËÉøÔÃ$Õ(û\òðhâæ™©(´W íLÉ˜ÐÿµŽÅR :oL=…þ“éƒ“Xí„ÿˆV†Ñ;3Xù“Sðì#½Sw®
Å85Àþ‡ƒ>+ô¿‚ä´ìé™]f^i9jµé˜›íËäBm©ØP9cQ¥i¡ã{£ÍI{Úôr±‡p9ø£q)ùº2›k¶˜—5‰Š²ŒD§Vª"„ëÔ,‚kºõ¦—’>ä™%EÌ_ÄvÅÇk‹ŠÖ¢Â<mÓµ…vÇ‹'2˜=45¬Xý`”àq #AssMrgPrt
à assem_merge_parts ãñ#IndentTag
à Fið&Yøód’€ÛˆŠt¥®ê˜.Í Å·‰~@do	Ýbµ£Ü˜Ó6Þ!‹jß­y”ÓS’JL+”n0#âåXç|á<ç¡þ®&TnUqbÑÔÒ
°îbŠaËaÁ"®èdª÷#žØ\Ún÷½Õêç~³˜…HW¤uR†0#d™ñé4€D?r8$ÌºÒ‚FD(ÀUn-pQ ââ|¼‹²p™ÎßE«gZf3—$±Ö{;>;¶UÌP¾Äžé©$ÆE:6&ÅLSD÷êH±T{Ø %°Pb€ö³CÈÞo'ç‰ÈÇŽ÷¨Ž{Žip´–¬­™x˜²~«ÅöqÊF‚“{»6©7ž™?Ž¥!« \Rø¶@5ÄUVõƒ«"×^åùe.#’e5ÓŽ&jyl„mZO`esIO: ™ÝôdVr“©½ƒ›îœ<•‰Ö{“øu¾•óXSÖƒ9i}	»Ò­1²¬«»×ºˆÌ@&òUˆ!ža-™¸¼_Rá´!}—~·q’‹“·¶ÏØö …Ý=ØGù5õø‹s-]š‰S«f£KÚ9ë\0t¹{Sl™ë<gž*ì¶
¹W\ƒíSé½¤ÊX.¹ûªÂç*zøÀŠ73
‡QjÓžXmëú‹7Áó%Ò§Åe
¸œ¥š7mŸ¥,§Š’ó’m×„ÏFMNð}Q§äëŒÚ>ÀÞà4é_U©r)ÁÕ£<fbòÃ¶ÛRü¡ÂI†è00&¿øª®±þDÿÖÞÔ.—ÊˆGãp4H›‰çvj(×¬˜²>‘"ì¸)~²'83/÷;}8™‘+@À1~ŸÈMü‚¢Ëº’¼!ï¼½¨[¨+HIÃœ¿©ƒ$ÿc3êv¸Yç\þ¾ëjŽoFñ*hµãd
Ô9£_ŒóœväònHÚ.‘*iñU!Î(0Ü×‘–|‹ñ†[×"JÙxß§­á‘l¿5ž#"')•Óâßg„_Œ·åvÿ¼û ØŠ…o-.p¨qD¾E³ðšÑ™‰•ÄãÕàÁÏx·Öùxµõáû[Zh?Ê^mÄ¥†3'{+"§˜»§oïÄÃb+}±¾BZnŒ™feÁ9þhTþ&ÿ.8M#FeatRefData
à FeI0a›/pU U¬eƒHªIs×rÛÔŽÁ¤
?šèzià)@þè`°bí7iÈhßTÊY¥‹.‹iœ(ÕW m“2	%|)bh3ò{x“8P<¢î–¥"Ô‹”WIÈ^“ 6¶l¦mÁŒ¸.¬ÞÅš_qw;E‚ÜŽr¸C¦ÂùÒ–£:y“Æ•½›4
ëó`öv—6YBì$äxõ·,Ó^Î´°i=¹Ç­ÏÐ ûè
tkÉ”šjáüIÀ­ùT¸WÓìñ‡AÂ/jŠ(ý´Õâç1XóþkŠ<ª}•“ªÜc}œ³	~e#END_OF_UGC
