ISO-10303-21;
HEADER;
FILE_DESCRIPTION(('STEP AP214'),'1');
FILE_NAME('4290010.stp','2017-06-20T12:16:17',('TraceParts'),('TraceParts S.A.'),'Spatial InterOp 3D',' ',' ');
FILE_SCHEMA(('automotive_design'));
ENDSEC;
DATA;
#1=MECHANICAL_DESIGN_GEOMETRIC_PRESENTATION_REPRESENTATION(' ',(#10,#11,#12,#13,#14,#15,#16,#17,#18,#19,#20,#21,#22,#23,#24,#25,#26,#27,#28,#29,#30,#31,#32,#33,#34,#35,#36,#37,#38,#39,#40,#41,#42,#43,#44,#45,#46,#47,#48,#49,#50,#51,#52,#53,#54,#55),#6);
#2=PRODUCT_DEFINITION_CONTEXT('',#56,'design');
#3=APPLICATION_PROTOCOL_DEFINITION('INTERNATIONAL STANDARD','automotive_design',1994,#56);
#4=PRODUCT_CATEGORY_RELATIONSHIP('NONE','NONE',#57,#58);
#5=SHAPE_DEFINITION_REPRESENTATION(#59,#60);
#6= (GEOMETRIC_REPRESENTATION_CONTEXT(3)GLOBAL_UNCERTAINTY_ASSIGNED_CONTEXT((#63))GLOBAL_UNIT_ASSIGNED_CONTEXT((#65,#66,#67))REPRESENTATION_CONTEXT('NONE','WORKSPACE'));
#10=STYLED_ITEM('',(#69),#70);
#11=STYLED_ITEM('',(#71),#72);
#12=STYLED_ITEM('',(#73),#74);
#13=STYLED_ITEM('',(#75),#76);
#14=STYLED_ITEM('',(#77),#78);
#15=STYLED_ITEM('',(#79),#80);
#16=STYLED_ITEM('',(#81),#82);
#17=STYLED_ITEM('',(#83),#84);
#18=STYLED_ITEM('',(#85),#86);
#19=STYLED_ITEM('',(#87),#88);
#20=STYLED_ITEM('',(#89),#90);
#21=STYLED_ITEM('',(#91),#92);
#22=STYLED_ITEM('',(#93),#94);
#23=STYLED_ITEM('',(#95),#96);
#24=STYLED_ITEM('',(#97),#98);
#25=STYLED_ITEM('',(#99),#100);
#26=STYLED_ITEM('',(#101),#102);
#27=STYLED_ITEM('',(#103),#104);
#28=STYLED_ITEM('',(#105),#106);
#29=STYLED_ITEM('',(#107),#108);
#30=STYLED_ITEM('',(#109),#110);
#31=STYLED_ITEM('',(#111),#112);
#32=STYLED_ITEM('',(#113),#114);
#33=STYLED_ITEM('',(#115),#116);
#34=STYLED_ITEM('',(#117),#118);
#35=STYLED_ITEM('',(#119),#120);
#36=STYLED_ITEM('',(#121),#122);
#37=STYLED_ITEM('',(#123),#124);
#38=STYLED_ITEM('',(#125),#126);
#39=STYLED_ITEM('',(#127),#128);
#40=STYLED_ITEM('',(#129),#130);
#41=STYLED_ITEM('',(#131),#132);
#42=STYLED_ITEM('',(#133),#134);
#43=STYLED_ITEM('',(#135),#136);
#44=STYLED_ITEM('',(#137),#138);
#45=STYLED_ITEM('',(#139),#140);
#46=STYLED_ITEM('',(#141),#142);
#47=STYLED_ITEM('',(#143),#144);
#48=STYLED_ITEM('',(#145),#146);
#49=STYLED_ITEM('',(#147),#148);
#50=STYLED_ITEM('',(#149),#150);
#51=STYLED_ITEM('',(#151),#152);
#52=STYLED_ITEM('',(#153),#154);
#53=STYLED_ITEM('',(#155),#156);
#54=STYLED_ITEM('',(#157),#158);
#55=STYLED_ITEM('',(#159),#160);
#56=APPLICATION_CONTEXT(' ');
#57=PRODUCT_CATEGORY('part','NONE');
#58=PRODUCT_RELATED_PRODUCT_CATEGORY('detail',' ',(#161));
#59=PRODUCT_DEFINITION_SHAPE('NONE','NONE',#162);
#60=ADVANCED_BREP_SHAPE_REPRESENTATION('4290010',(#160,#163),#6);
#63=UNCERTAINTY_MEASURE_WITH_UNIT(LENGTH_MEASURE(1.0E-006),#65,'','');
#65= (CONVERSION_BASED_UNIT('MILLIMETRE',#166)LENGTH_UNIT()NAMED_UNIT(#169));
#66= (NAMED_UNIT(#171)PLANE_ANGLE_UNIT()SI_UNIT($,.RADIAN.));
#67= (NAMED_UNIT(#171)SOLID_ANGLE_UNIT()SI_UNIT($,.STERADIAN.));
#69=PRESENTATION_STYLE_ASSIGNMENT((#177));
#70=ADVANCED_FACE('',(#178),#179,.F.);
#71=PRESENTATION_STYLE_ASSIGNMENT((#180));
#72=ADVANCED_FACE('',(#181),#182,.T.);
#73=PRESENTATION_STYLE_ASSIGNMENT((#183));
#74=ADVANCED_FACE('',(#184),#185,.T.);
#75=PRESENTATION_STYLE_ASSIGNMENT((#186));
#76=ADVANCED_FACE('',(#187),#188,.F.);
#77=PRESENTATION_STYLE_ASSIGNMENT((#189));
#78=ADVANCED_FACE('',(#190),#191,.T.);
#79=PRESENTATION_STYLE_ASSIGNMENT((#192));
#80=ADVANCED_FACE('',(#193),#194,.F.);
#81=PRESENTATION_STYLE_ASSIGNMENT((#195));
#82=ADVANCED_FACE('',(#196),#197,.F.);
#83=PRESENTATION_STYLE_ASSIGNMENT((#198));
#84=ADVANCED_FACE('',(#199),#200,.F.);
#85=PRESENTATION_STYLE_ASSIGNMENT((#201));
#86=ADVANCED_FACE('',(#202),#203,.F.);
#87=PRESENTATION_STYLE_ASSIGNMENT((#204));
#88=ADVANCED_FACE('',(#205),#206,.T.);
#89=PRESENTATION_STYLE_ASSIGNMENT((#207));
#90=ADVANCED_FACE('',(#208),#209,.T.);
#91=PRESENTATION_STYLE_ASSIGNMENT((#210));
#92=ADVANCED_FACE('',(#211),#212,.T.);
#93=PRESENTATION_STYLE_ASSIGNMENT((#213));
#94=ADVANCED_FACE('',(#214),#215,.T.);
#95=PRESENTATION_STYLE_ASSIGNMENT((#216));
#96=ADVANCED_FACE('',(#217),#218,.T.);
#97=PRESENTATION_STYLE_ASSIGNMENT((#219));
#98=ADVANCED_FACE('',(#220),#221,.T.);
#99=PRESENTATION_STYLE_ASSIGNMENT((#222));
#100=ADVANCED_FACE('',(#223),#224,.F.);
#101=PRESENTATION_STYLE_ASSIGNMENT((#225));
#102=ADVANCED_FACE('',(#226),#227,.F.);
#103=PRESENTATION_STYLE_ASSIGNMENT((#228));
#104=ADVANCED_FACE('',(#229),#230,.F.);
#105=PRESENTATION_STYLE_ASSIGNMENT((#231));
#106=ADVANCED_FACE('',(#232),#233,.F.);
#107=PRESENTATION_STYLE_ASSIGNMENT((#234));
#108=ADVANCED_FACE('',(#235),#236,.F.);
#109=PRESENTATION_STYLE_ASSIGNMENT((#237));
#110=ADVANCED_FACE('',(#238),#239,.F.);
#111=PRESENTATION_STYLE_ASSIGNMENT((#240));
#112=ADVANCED_FACE('',(#241),#242,.F.);
#113=PRESENTATION_STYLE_ASSIGNMENT((#243));
#114=ADVANCED_FACE('',(#244),#245,.F.);
#115=PRESENTATION_STYLE_ASSIGNMENT((#246));
#116=ADVANCED_FACE('',(#247),#248,.T.);
#117=PRESENTATION_STYLE_ASSIGNMENT((#249));
#118=ADVANCED_FACE('',(#250),#251,.T.);
#119=PRESENTATION_STYLE_ASSIGNMENT((#252));
#120=ADVANCED_FACE('',(#253),#254,.F.);
#121=PRESENTATION_STYLE_ASSIGNMENT((#255));
#122=ADVANCED_FACE('',(#256),#257,.F.);
#123=PRESENTATION_STYLE_ASSIGNMENT((#258));
#124=ADVANCED_FACE('',(#259),#260,.T.);
#125=PRESENTATION_STYLE_ASSIGNMENT((#261));
#126=ADVANCED_FACE('',(#262),#263,.F.);
#127=PRESENTATION_STYLE_ASSIGNMENT((#264));
#128=ADVANCED_FACE('',(#265),#266,.F.);
#129=PRESENTATION_STYLE_ASSIGNMENT((#267));
#130=ADVANCED_FACE('',(#268),#269,.F.);
#131=PRESENTATION_STYLE_ASSIGNMENT((#270));
#132=ADVANCED_FACE('',(#271),#272,.F.);
#133=PRESENTATION_STYLE_ASSIGNMENT((#273));
#134=ADVANCED_FACE('',(#274),#275,.F.);
#135=PRESENTATION_STYLE_ASSIGNMENT((#276));
#136=ADVANCED_FACE('',(#277),#278,.F.);
#137=PRESENTATION_STYLE_ASSIGNMENT((#279));
#138=ADVANCED_FACE('',(#280),#281,.T.);
#139=PRESENTATION_STYLE_ASSIGNMENT((#282));
#140=ADVANCED_FACE('',(#283),#284,.T.);
#141=PRESENTATION_STYLE_ASSIGNMENT((#285));
#142=ADVANCED_FACE('',(#286),#287,.F.);
#143=PRESENTATION_STYLE_ASSIGNMENT((#288));
#144=ADVANCED_FACE('',(#289),#290,.F.);
#145=PRESENTATION_STYLE_ASSIGNMENT((#291));
#146=ADVANCED_FACE('',(#292),#293,.F.);
#147=PRESENTATION_STYLE_ASSIGNMENT((#294));
#148=ADVANCED_FACE('',(#295),#296,.F.);
#149=PRESENTATION_STYLE_ASSIGNMENT((#297));
#150=ADVANCED_FACE('',(#298),#299,.F.);
#151=PRESENTATION_STYLE_ASSIGNMENT((#300));
#152=ADVANCED_FACE('',(#301),#302,.T.);
#153=PRESENTATION_STYLE_ASSIGNMENT((#303));
#154=ADVANCED_FACE('',(#304),#305,.T.);
#155=PRESENTATION_STYLE_ASSIGNMENT((#306));
#156=ADVANCED_FACE('',(#307),#308,.F.);
#157=PRESENTATION_STYLE_ASSIGNMENT((#309));
#158=ADVANCED_FACE('',(#310,#311),#312,.T.);
#159=PRESENTATION_STYLE_ASSIGNMENT((#313));
#160=MANIFOLD_SOLID_BREP('4290010',#314);
#161=PRODUCT('4290010','4290010','PART-4290010-DESC',(#315));
#162=PRODUCT_DEFINITION('NONE','NONE',#316,#2);
#163=AXIS2_PLACEMENT_3D('',#317,#318,#319);
#166=LENGTH_MEASURE_WITH_UNIT(LENGTH_MEASURE(1.0),#320);
#169=DIMENSIONAL_EXPONENTS(1.0,0.0,0.0,0.0,0.0,0.0,0.0);
#171=DIMENSIONAL_EXPONENTS(0.0,0.0,0.0,0.0,0.0,0.0,0.0);
#177=SURFACE_STYLE_USAGE(.BOTH.,#321);
#178=FACE_OUTER_BOUND('',#322,.T.);
#179=CONICAL_SURFACE('',#323,4.794,1.30899693899575);
#180=SURFACE_STYLE_USAGE(.BOTH.,#324);
#181=FACE_OUTER_BOUND('',#325,.T.);
#182=CONICAL_SURFACE('',#326,13.1195,1.30899693899575);
#183=SURFACE_STYLE_USAGE(.BOTH.,#327);
#184=FACE_OUTER_BOUND('',#328,.T.);
#185=CONICAL_SURFACE('',#329,12.46,1.30899693899575);
#186=SURFACE_STYLE_USAGE(.BOTH.,#330);
#187=FACE_OUTER_BOUND('',#331,.T.);
#188=CYLINDRICAL_SURFACE('',#332,4.188);
#189=SURFACE_STYLE_USAGE(.BOTH.,#333);
#190=FACE_OUTER_BOUND('',#334,.T.);
#191=CONICAL_SURFACE('',#335,13.1195,1.30899693899575);
#192=SURFACE_STYLE_USAGE(.BOTH.,#336);
#193=FACE_OUTER_BOUND('',#337,.T.);
#194=PLANE('',#338);
#195=SURFACE_STYLE_USAGE(.BOTH.,#339);
#196=FACE_OUTER_BOUND('',#340,.T.);
#197=PLANE('',#341);
#198=SURFACE_STYLE_USAGE(.BOTH.,#342);
#199=FACE_OUTER_BOUND('',#343,.T.);
#200=PLANE('',#344);
#201=SURFACE_STYLE_USAGE(.BOTH.,#345);
#202=FACE_OUTER_BOUND('',#346,.T.);
#203=PLANE('',#347);
#204=SURFACE_STYLE_USAGE(.BOTH.,#348);
#205=FACE_OUTER_BOUND('',#349,.T.);
#206=PLANE('',#350);
#207=SURFACE_STYLE_USAGE(.BOTH.,#351);
#208=FACE_OUTER_BOUND('',#352,.T.);
#209=PLANE('',#353);
#210=SURFACE_STYLE_USAGE(.BOTH.,#354);
#211=FACE_OUTER_BOUND('',#355,.T.);
#212=CONICAL_SURFACE('',#356,13.1195,1.30899693899575);
#213=SURFACE_STYLE_USAGE(.BOTH.,#357);
#214=FACE_OUTER_BOUND('',#358,.T.);
#215=CONICAL_SURFACE('',#359,13.1195,1.30899693899575);
#216=SURFACE_STYLE_USAGE(.BOTH.,#360);
#217=FACE_OUTER_BOUND('',#361,.T.);
#218=CONICAL_SURFACE('',#362,13.1195,1.30899693899575);
#219=SURFACE_STYLE_USAGE(.BOTH.,#363);
#220=FACE_OUTER_BOUND('',#364,.T.);
#221=PLANE('',#365);
#222=SURFACE_STYLE_USAGE(.BOTH.,#366);
#223=FACE_OUTER_BOUND('',#367,.T.);
#224=CYLINDRICAL_SURFACE('',#368,4.188);
#225=SURFACE_STYLE_USAGE(.BOTH.,#369);
#226=FACE_OUTER_BOUND('',#370,.T.);
#227=PLANE('',#371);
#228=SURFACE_STYLE_USAGE(.BOTH.,#372);
#229=FACE_OUTER_BOUND('',#373,.T.);
#230=PLANE('',#374);
#231=SURFACE_STYLE_USAGE(.BOTH.,#375);
#232=FACE_OUTER_BOUND('',#376,.T.);
#233=PLANE('',#377);
#234=SURFACE_STYLE_USAGE(.BOTH.,#378);
#235=FACE_OUTER_BOUND('',#379,.T.);
#236=PLANE('',#380);
#237=SURFACE_STYLE_USAGE(.BOTH.,#381);
#238=FACE_OUTER_BOUND('',#382,.T.);
#239=PLANE('',#383);
#240=SURFACE_STYLE_USAGE(.BOTH.,#384);
#241=FACE_OUTER_BOUND('',#385,.T.);
#242=CYLINDRICAL_SURFACE('',#386,1.525);
#243=SURFACE_STYLE_USAGE(.BOTH.,#387);
#244=FACE_OUTER_BOUND('',#388,.T.);
#245=PLANE('',#389);
#246=SURFACE_STYLE_USAGE(.BOTH.,#390);
#247=FACE_OUTER_BOUND('',#391,.T.);
#248=PLANE('',#392);
#249=SURFACE_STYLE_USAGE(.BOTH.,#393);
#250=FACE_OUTER_BOUND('',#394,.T.);
#251=CONICAL_SURFACE('',#395,13.1195,1.30899693899575);
#252=SURFACE_STYLE_USAGE(.BOTH.,#396);
#253=FACE_OUTER_BOUND('',#397,.T.);
#254=PLANE('',#398);
#255=SURFACE_STYLE_USAGE(.BOTH.,#399);
#256=FACE_OUTER_BOUND('',#400,.T.);
#257=CYLINDRICAL_SURFACE('',#401,1.525);
#258=SURFACE_STYLE_USAGE(.BOTH.,#402);
#259=FACE_OUTER_BOUND('',#403,.T.);
#260=PLANE('',#404);
#261=SURFACE_STYLE_USAGE(.BOTH.,#405);
#262=FACE_OUTER_BOUND('',#406,.T.);
#263=PLANE('',#407);
#264=SURFACE_STYLE_USAGE(.BOTH.,#408);
#265=FACE_OUTER_BOUND('',#409,.T.);
#266=PLANE('',#410);
#267=SURFACE_STYLE_USAGE(.BOTH.,#411);
#268=FACE_OUTER_BOUND('',#412,.T.);
#269=PLANE('',#413);
#270=SURFACE_STYLE_USAGE(.BOTH.,#414);
#271=FACE_OUTER_BOUND('',#415,.T.);
#272=PLANE('',#416);
#273=SURFACE_STYLE_USAGE(.BOTH.,#417);
#274=FACE_OUTER_BOUND('',#418,.T.);
#275=PLANE('',#419);
#276=SURFACE_STYLE_USAGE(.BOTH.,#420);
#277=FACE_OUTER_BOUND('',#421,.T.);
#278=CYLINDRICAL_SURFACE('',#422,1.525);
#279=SURFACE_STYLE_USAGE(.BOTH.,#423);
#280=FACE_OUTER_BOUND('',#424,.T.);
#281=CONICAL_SURFACE('',#425,13.1195,1.30899693899575);
#282=SURFACE_STYLE_USAGE(.BOTH.,#426);
#283=FACE_OUTER_BOUND('',#427,.T.);
#284=PLANE('',#428);
#285=SURFACE_STYLE_USAGE(.BOTH.,#429);
#286=FACE_OUTER_BOUND('',#430,.T.);
#287=CYLINDRICAL_SURFACE('',#431,1.525);
#288=SURFACE_STYLE_USAGE(.BOTH.,#432);
#289=FACE_OUTER_BOUND('',#433,.T.);
#290=CYLINDRICAL_SURFACE('',#434,1.525);
#291=SURFACE_STYLE_USAGE(.BOTH.,#435);
#292=FACE_OUTER_BOUND('',#436,.T.);
#293=CYLINDRICAL_SURFACE('',#437,1.525);
#294=SURFACE_STYLE_USAGE(.BOTH.,#438);
#295=FACE_OUTER_BOUND('',#439,.T.);
#296=PLANE('',#440);
#297=SURFACE_STYLE_USAGE(.BOTH.,#441);
#298=FACE_OUTER_BOUND('',#442,.T.);
#299=PLANE('',#443);
#300=SURFACE_STYLE_USAGE(.BOTH.,#444);
#301=FACE_OUTER_BOUND('',#445,.T.);
#302=CONICAL_SURFACE('',#446,12.46,1.30899693899575);
#303=SURFACE_STYLE_USAGE(.BOTH.,#447);
#304=FACE_OUTER_BOUND('',#448,.T.);
#305=CONICAL_SURFACE('',#449,13.1195,1.30899693899575);
#306=SURFACE_STYLE_USAGE(.BOTH.,#450);
#307=FACE_OUTER_BOUND('',#451,.T.);
#308=CONICAL_SURFACE('',#452,4.794,1.30899693899575);
#309=SURFACE_STYLE_USAGE(.BOTH.,#453);
#310=FACE_OUTER_BOUND('',#454,.T.);
#311=FACE_BOUND('',#455,.T.);
#312=PLANE('',#456);
#313=SURFACE_STYLE_USAGE(.BOTH.,#457);
#314=CLOSED_SHELL('',(#70,#72,#74,#76,#78,#80,#82,#84,#86,#88,#90,#92,#94,#96,#98,#100,#102,#104,#106,#108,#110,#112,#114,#116,#118,#120,#122,#124,#126,#128,#130,#132,#134,#136,#138,#140,#142,#144,#146,#148,#150,#152,#154,#156,#158));
#315=PRODUCT_CONTEXT('',#56,'mechanical');
#316=PRODUCT_DEFINITION_FORMATION_WITH_SPECIFIED_SOURCE(' ','NONE',#161,.NOT_KNOWN.);
#317=CARTESIAN_POINT('',(0.0,0.0,0.0));
#318=DIRECTION('',(0.0,0.0,1.0));
#319=DIRECTION('',(1.0,0.0,0.0));
#320= (NAMED_UNIT(#169)LENGTH_UNIT()SI_UNIT(.MILLI.,.METRE.));
#321=SURFACE_SIDE_STYLE('',(#459));
#322=EDGE_LOOP('',(#460,#461,#462,#463));
#323=AXIS2_PLACEMENT_3D('',#464,#465,#466);
#324=SURFACE_SIDE_STYLE('',(#467));
#325=EDGE_LOOP('',(#468,#469,#470,#471));
#326=AXIS2_PLACEMENT_3D('',#472,#473,#474);
#327=SURFACE_SIDE_STYLE('',(#475));
#328=EDGE_LOOP('',(#476,#477,#478,#479,#480,#481));
#329=AXIS2_PLACEMENT_3D('',#482,#483,#484);
#330=SURFACE_SIDE_STYLE('',(#485));
#331=EDGE_LOOP('',(#486,#487,#488,#489,#490,#491,#492,#493,#494,#495,#496,#497,#498,#499,#500,#501));
#332=AXIS2_PLACEMENT_3D('',#502,#503,#504);
#333=SURFACE_SIDE_STYLE('',(#505));
#334=EDGE_LOOP('',(#506,#507,#508,#509));
#335=AXIS2_PLACEMENT_3D('',#510,#511,#512);
#336=SURFACE_SIDE_STYLE('',(#513));
#337=EDGE_LOOP('',(#514,#515,#516,#517,#518));
#338=AXIS2_PLACEMENT_3D('',#519,#520,#521);
#339=SURFACE_SIDE_STYLE('',(#522));
#340=EDGE_LOOP('',(#523,#524,#525,#526,#527));
#341=AXIS2_PLACEMENT_3D('',#528,#529,#530);
#342=SURFACE_SIDE_STYLE('',(#531));
#343=EDGE_LOOP('',(#532,#533,#534,#535,#536));
#344=AXIS2_PLACEMENT_3D('',#537,#538,#539);
#345=SURFACE_SIDE_STYLE('',(#540));
#346=EDGE_LOOP('',(#541,#542,#543,#544,#545));
#347=AXIS2_PLACEMENT_3D('',#546,#547,#548);
#348=SURFACE_SIDE_STYLE('',(#549));
#349=EDGE_LOOP('',(#550,#551,#552,#553));
#350=AXIS2_PLACEMENT_3D('',#554,#555,#556);
#351=SURFACE_SIDE_STYLE('',(#557));
#352=EDGE_LOOP('',(#558,#559,#560,#561,#562,#563));
#353=AXIS2_PLACEMENT_3D('',#564,#565,#566);
#354=SURFACE_SIDE_STYLE('',(#567));
#355=EDGE_LOOP('',(#568,#569,#570,#571,#572));
#356=AXIS2_PLACEMENT_3D('',#573,#574,#575);
#357=SURFACE_SIDE_STYLE('',(#576));
#358=EDGE_LOOP('',(#577,#578,#579,#580));
#359=AXIS2_PLACEMENT_3D('',#581,#582,#583);
#360=SURFACE_SIDE_STYLE('',(#584));
#361=EDGE_LOOP('',(#585,#586,#587,#588,#589));
#362=AXIS2_PLACEMENT_3D('',#590,#591,#592);
#363=SURFACE_SIDE_STYLE('',(#593));
#364=EDGE_LOOP('',(#594,#595,#596,#597,#598,#599));
#365=AXIS2_PLACEMENT_3D('',#600,#601,#602);
#366=SURFACE_SIDE_STYLE('',(#603));
#367=EDGE_LOOP('',(#604,#605,#606,#607,#608,#609,#610,#611,#612,#613,#614,#615,#616,#617,#618,#619));
#368=AXIS2_PLACEMENT_3D('',#620,#621,#622);
#369=SURFACE_SIDE_STYLE('',(#623));
#370=EDGE_LOOP('',(#624,#625,#626,#627,#628,#629,#630,#631));
#371=AXIS2_PLACEMENT_3D('',#632,#633,#634);
#372=SURFACE_SIDE_STYLE('',(#635));
#373=EDGE_LOOP('',(#636,#637,#638,#639,#640));
#374=AXIS2_PLACEMENT_3D('',#641,#642,#643);
#375=SURFACE_SIDE_STYLE('',(#644));
#376=EDGE_LOOP('',(#645,#646,#647,#648,#649));
#377=AXIS2_PLACEMENT_3D('',#650,#651,#652);
#378=SURFACE_SIDE_STYLE('',(#653));
#379=EDGE_LOOP('',(#654,#655,#656,#657,#658));
#380=AXIS2_PLACEMENT_3D('',#659,#660,#661);
#381=SURFACE_SIDE_STYLE('',(#662));
#382=EDGE_LOOP('',(#663,#664,#665,#666,#667));
#383=AXIS2_PLACEMENT_3D('',#668,#669,#670);
#384=SURFACE_SIDE_STYLE('',(#671));
#385=EDGE_LOOP('',(#672,#673,#674,#675));
#386=AXIS2_PLACEMENT_3D('',#676,#677,#678);
#387=SURFACE_SIDE_STYLE('',(#679));
#388=EDGE_LOOP('',(#680,#681,#682,#683,#684,#685,#686,#687));
#389=AXIS2_PLACEMENT_3D('',#688,#689,#690);
#390=SURFACE_SIDE_STYLE('',(#691));
#391=EDGE_LOOP('',(#692,#693,#694,#695));
#392=AXIS2_PLACEMENT_3D('',#696,#697,#698);
#393=SURFACE_SIDE_STYLE('',(#699));
#394=EDGE_LOOP('',(#700,#701,#702,#703,#704));
#395=AXIS2_PLACEMENT_3D('',#705,#706,#707);
#396=SURFACE_SIDE_STYLE('',(#708));
#397=EDGE_LOOP('',(#709,#710,#711,#712,#713,#714,#715,#716));
#398=AXIS2_PLACEMENT_3D('',#717,#718,#719);
#399=SURFACE_SIDE_STYLE('',(#720));
#400=EDGE_LOOP('',(#721,#722,#723,#724));
#401=AXIS2_PLACEMENT_3D('',#725,#726,#727);
#402=SURFACE_SIDE_STYLE('',(#728));
#403=EDGE_LOOP('',(#729,#730,#731,#732));
#404=AXIS2_PLACEMENT_3D('',#733,#734,#735);
#405=SURFACE_SIDE_STYLE('',(#736));
#406=EDGE_LOOP('',(#737,#738,#739,#740,#741));
#407=AXIS2_PLACEMENT_3D('',#742,#743,#744);
#408=SURFACE_SIDE_STYLE('',(#745));
#409=EDGE_LOOP('',(#746,#747,#748,#749,#750));
#410=AXIS2_PLACEMENT_3D('',#751,#752,#753);
#411=SURFACE_SIDE_STYLE('',(#754));
#412=EDGE_LOOP('',(#755,#756,#757,#758,#759));
#413=AXIS2_PLACEMENT_3D('',#760,#761,#762);
#414=SURFACE_SIDE_STYLE('',(#763));
#415=EDGE_LOOP('',(#764,#765,#766,#767,#768));
#416=AXIS2_PLACEMENT_3D('',#769,#770,#771);
#417=SURFACE_SIDE_STYLE('',(#772));
#418=EDGE_LOOP('',(#773,#774,#775,#776,#777,#778,#779,#780));
#419=AXIS2_PLACEMENT_3D('',#781,#782,#783);
#420=SURFACE_SIDE_STYLE('',(#784));
#421=EDGE_LOOP('',(#785,#786,#787,#788));
#422=AXIS2_PLACEMENT_3D('',#789,#790,#791);
#423=SURFACE_SIDE_STYLE('',(#792));
#424=EDGE_LOOP('',(#793,#794,#795,#796,#797));
#425=AXIS2_PLACEMENT_3D('',#798,#799,#800);
#426=SURFACE_SIDE_STYLE('',(#801));
#427=EDGE_LOOP('',(#802,#803,#804,#805));
#428=AXIS2_PLACEMENT_3D('',#806,#807,#808);
#429=SURFACE_SIDE_STYLE('',(#809));
#430=EDGE_LOOP('',(#810,#811,#812,#813));
#431=AXIS2_PLACEMENT_3D('',#814,#815,#816);
#432=SURFACE_SIDE_STYLE('',(#817));
#433=EDGE_LOOP('',(#818,#819,#820,#821));
#434=AXIS2_PLACEMENT_3D('',#822,#823,#824);
#435=SURFACE_SIDE_STYLE('',(#825));
#436=EDGE_LOOP('',(#826,#827,#828,#829));
#437=AXIS2_PLACEMENT_3D('',#830,#831,#832);
#438=SURFACE_SIDE_STYLE('',(#833));
#439=EDGE_LOOP('',(#834,#835,#836,#837,#838,#839,#840,#841));
#440=AXIS2_PLACEMENT_3D('',#842,#843,#844);
#441=SURFACE_SIDE_STYLE('',(#845));
#442=EDGE_LOOP('',(#846,#847,#848,#849,#850,#851,#852,#853));
#443=AXIS2_PLACEMENT_3D('',#854,#855,#856);
#444=SURFACE_SIDE_STYLE('',(#857));
#445=EDGE_LOOP('',(#858,#859,#860,#861,#862,#863));
#446=AXIS2_PLACEMENT_3D('',#864,#865,#866);
#447=SURFACE_SIDE_STYLE('',(#867));
#448=EDGE_LOOP('',(#868,#869,#870,#871));
#449=AXIS2_PLACEMENT_3D('',#872,#873,#874);
#450=SURFACE_SIDE_STYLE('',(#875));
#451=EDGE_LOOP('',(#876,#877,#878,#879));
#452=AXIS2_PLACEMENT_3D('',#880,#881,#882);
#453=SURFACE_SIDE_STYLE('',(#883));
#454=EDGE_LOOP('',(#884,#885));
#455=EDGE_LOOP('',(#886,#887));
#456=AXIS2_PLACEMENT_3D('',#888,#889,#890);
#457=SURFACE_SIDE_STYLE('',(#891));
#459=SURFACE_STYLE_FILL_AREA(#892);
#460=ORIENTED_EDGE('',*,*,#893,.F.);
#461=ORIENTED_EDGE('',*,*,#894,.F.);
#462=ORIENTED_EDGE('',*,*,#895,.F.);
#463=ORIENTED_EDGE('',*,*,#896,.T.);
#464=CARTESIAN_POINT('',(0.162377210613261,9.9424081916477E-018,0.0));
#465=DIRECTION('',(-1.0,-6.12303176911189E-017,-0.0));
#466=DIRECTION('',(6.12303176911189E-017,-1.0,0.0));
#467=SURFACE_STYLE_FILL_AREA(#897);
#468=ORIENTED_EDGE('',*,*,#898,.F.);
#469=ORIENTED_EDGE('',*,*,#899,.F.);
#470=ORIENTED_EDGE('',*,*,#900,.T.);
#471=ORIENTED_EDGE('',*,*,#901,.T.);
#472=CARTESIAN_POINT('',(10.7539022805991,6.58464853060328E-016,0.0));
#473=DIRECTION('',(-1.0,-6.12303176911189E-017,-0.0));
#474=DIRECTION('',(6.12303176911189E-017,-1.0,0.0));
#475=SURFACE_STYLE_FILL_AREA(#902);
#476=ORIENTED_EDGE('',*,*,#903,.F.);
#477=ORIENTED_EDGE('',*,*,#904,.T.);
#478=ORIENTED_EDGE('',*,*,#905,.F.);
#479=ORIENTED_EDGE('',*,*,#906,.T.);
#480=ORIENTED_EDGE('',*,*,#907,.T.);
#481=ORIENTED_EDGE('',*,*,#908,.T.);
#482=CARTESIAN_POINT('',(1.42281021180926,8.71191212832492E-017,0.0));
#483=DIRECTION('',(1.0,6.12303176911189E-017,0.0));
#484=DIRECTION('',(6.12303176911189E-017,-1.0,0.0));
#485=SURFACE_STYLE_FILL_AREA(#909);
#486=ORIENTED_EDGE('',*,*,#910,.F.);
#487=ORIENTED_EDGE('',*,*,#896,.F.);
#488=ORIENTED_EDGE('',*,*,#911,.F.);
#489=ORIENTED_EDGE('',*,*,#912,.T.);
#490=ORIENTED_EDGE('',*,*,#913,.T.);
#491=ORIENTED_EDGE('',*,*,#914,.T.);
#492=ORIENTED_EDGE('',*,*,#915,.T.);
#493=ORIENTED_EDGE('',*,*,#916,.T.);
#494=ORIENTED_EDGE('',*,*,#917,.T.);
#495=ORIENTED_EDGE('',*,*,#918,.T.);
#496=ORIENTED_EDGE('',*,*,#919,.T.);
#497=ORIENTED_EDGE('',*,*,#920,.T.);
#498=ORIENTED_EDGE('',*,*,#921,.T.);
#499=ORIENTED_EDGE('',*,*,#922,.T.);
#500=ORIENTED_EDGE('',*,*,#923,.T.);
#501=ORIENTED_EDGE('',*,*,#924,.T.);
#502=CARTESIAN_POINT('',(6.16237721061326,3.77324314338361E-016,0.0));
#503=DIRECTION('',(1.0,6.12303176911189E-017,0.0));
#504=DIRECTION('',(6.12303176911189E-017,-1.0,0.0));
#505=SURFACE_STYLE_FILL_AREA(#925);
#506=ORIENTED_EDGE('',*,*,#926,.F.);
#507=ORIENTED_EDGE('',*,*,#927,.T.);
#508=ORIENTED_EDGE('',*,*,#928,.T.);
#509=ORIENTED_EDGE('',*,*,#929,.F.);
#510=CARTESIAN_POINT('',(10.7539022805991,6.58464853060328E-016,0.0));
#511=DIRECTION('',(-1.0,-6.12303176911189E-017,-0.0));
#512=DIRECTION('',(6.12303176911189E-017,-1.0,0.0));
#513=SURFACE_STYLE_FILL_AREA(#930);
#514=ORIENTED_EDGE('',*,*,#931,.F.);
#515=ORIENTED_EDGE('',*,*,#932,.F.);
#516=ORIENTED_EDGE('',*,*,#933,.F.);
#517=ORIENTED_EDGE('',*,*,#934,.F.);
#518=ORIENTED_EDGE('',*,*,#935,.F.);
#519=CARTESIAN_POINT('',(9.525,15.4255754362787,7.14504180951203));
#520=DIRECTION('',(0.0,0.5,-0.866025403784439));
#521=DIRECTION('',(0.0,0.866025403784439,0.5));
#522=SURFACE_STYLE_FILL_AREA(#936);
#523=ORIENTED_EDGE('',*,*,#937,.F.);
#524=ORIENTED_EDGE('',*,*,#938,.F.);
#525=ORIENTED_EDGE('',*,*,#913,.F.);
#526=ORIENTED_EDGE('',*,*,#939,.F.);
#527=ORIENTED_EDGE('',*,*,#940,.F.);
#528=CARTESIAN_POINT('',(9.525,15.4255754362787,7.14504180951203));
#529=DIRECTION('',(0.0,0.5,-0.866025403784439));
#530=DIRECTION('',(0.0,0.866025403784439,0.5));
#531=SURFACE_STYLE_FILL_AREA(#941);
#532=ORIENTED_EDGE('',*,*,#942,.F.);
#533=ORIENTED_EDGE('',*,*,#943,.F.);
#534=ORIENTED_EDGE('',*,*,#928,.F.);
#535=ORIENTED_EDGE('',*,*,#944,.F.);
#536=ORIENTED_EDGE('',*,*,#945,.T.);
#537=CARTESIAN_POINT('',(9.525,-15.4255754362787,-7.14504180951203));
#538=DIRECTION('',(0.0,-0.5,0.866025403784439));
#539=DIRECTION('',(0.0,-0.866025403784439,-0.5));
#540=SURFACE_STYLE_FILL_AREA(#946);
#541=ORIENTED_EDGE('',*,*,#947,.F.);
#542=ORIENTED_EDGE('',*,*,#948,.F.);
#543=ORIENTED_EDGE('',*,*,#949,.F.);
#544=ORIENTED_EDGE('',*,*,#915,.F.);
#545=ORIENTED_EDGE('',*,*,#950,.T.);
#546=CARTESIAN_POINT('',(9.525,-15.4255754362787,-7.14504180951203));
#547=DIRECTION('',(0.0,-0.5,0.866025403784439));
#548=DIRECTION('',(0.0,-0.866025403784439,-0.5));
#549=SURFACE_STYLE_FILL_AREA(#951);
#550=ORIENTED_EDGE('',*,*,#949,.T.);
#551=ORIENTED_EDGE('',*,*,#952,.T.);
#552=ORIENTED_EDGE('',*,*,#953,.T.);
#553=ORIENTED_EDGE('',*,*,#916,.F.);
#554=CARTESIAN_POINT('',(12.0,-6.3285,0.0));
#555=DIRECTION('',(1.0,0.0,0.0));
#556=DIRECTION('',(0.0,-1.0,0.0));
#557=SURFACE_STYLE_FILL_AREA(#954);
#558=ORIENTED_EDGE('',*,*,#939,.T.);
#559=ORIENTED_EDGE('',*,*,#912,.F.);
#560=ORIENTED_EDGE('',*,*,#955,.F.);
#561=ORIENTED_EDGE('',*,*,#956,.T.);
#562=ORIENTED_EDGE('',*,*,#899,.T.);
#563=ORIENTED_EDGE('',*,*,#957,.T.);
#564=CARTESIAN_POINT('',(12.0,-6.3285,0.0));
#565=DIRECTION('',(1.0,0.0,0.0));
#566=DIRECTION('',(0.0,-1.0,0.0));
#567=SURFACE_STYLE_FILL_AREA(#958);
#568=ORIENTED_EDGE('',*,*,#948,.T.);
#569=ORIENTED_EDGE('',*,*,#959,.T.);
#570=ORIENTED_EDGE('',*,*,#960,.T.);
#571=ORIENTED_EDGE('',*,*,#961,.T.);
#572=ORIENTED_EDGE('',*,*,#952,.F.);
#573=CARTESIAN_POINT('',(10.7539022805991,6.58464853060328E-016,0.0));
#574=DIRECTION('',(-1.0,-6.12303176911189E-017,-0.0));
#575=DIRECTION('',(6.12303176911189E-017,-1.0,0.0));
#576=SURFACE_STYLE_FILL_AREA(#962);
#577=ORIENTED_EDGE('',*,*,#926,.T.);
#578=ORIENTED_EDGE('',*,*,#963,.F.);
#579=ORIENTED_EDGE('',*,*,#964,.T.);
#580=ORIENTED_EDGE('',*,*,#965,.T.);
#581=CARTESIAN_POINT('',(10.7539022805991,6.58464853060328E-016,0.0));
#582=DIRECTION('',(-1.0,-6.12303176911189E-017,-0.0));
#583=DIRECTION('',(6.12303176911189E-017,-1.0,0.0));
#584=SURFACE_STYLE_FILL_AREA(#966);
#585=ORIENTED_EDGE('',*,*,#934,.T.);
#586=ORIENTED_EDGE('',*,*,#967,.T.);
#587=ORIENTED_EDGE('',*,*,#968,.T.);
#588=ORIENTED_EDGE('',*,*,#969,.T.);
#589=ORIENTED_EDGE('',*,*,#970,.F.);
#590=CARTESIAN_POINT('',(10.7539022805991,6.58464853060328E-016,0.0));
#591=DIRECTION('',(-1.0,-6.12303176911189E-017,-0.0));
#592=DIRECTION('',(6.12303176911189E-017,-1.0,0.0));
#593=SURFACE_STYLE_FILL_AREA(#971);
#594=ORIENTED_EDGE('',*,*,#943,.T.);
#595=ORIENTED_EDGE('',*,*,#972,.F.);
#596=ORIENTED_EDGE('',*,*,#924,.F.);
#597=ORIENTED_EDGE('',*,*,#973,.T.);
#598=ORIENTED_EDGE('',*,*,#963,.T.);
#599=ORIENTED_EDGE('',*,*,#929,.T.);
#600=CARTESIAN_POINT('',(12.0,-6.3285,0.0));
#601=DIRECTION('',(1.0,0.0,0.0));
#602=DIRECTION('',(0.0,-1.0,0.0));
#603=SURFACE_STYLE_FILL_AREA(#974);
#604=ORIENTED_EDGE('',*,*,#910,.T.);
#605=ORIENTED_EDGE('',*,*,#972,.T.);
#606=ORIENTED_EDGE('',*,*,#942,.T.);
#607=ORIENTED_EDGE('',*,*,#975,.T.);
#608=ORIENTED_EDGE('',*,*,#931,.T.);
#609=ORIENTED_EDGE('',*,*,#976,.T.);
#610=ORIENTED_EDGE('',*,*,#977,.T.);
#611=ORIENTED_EDGE('',*,*,#978,.T.);
#612=ORIENTED_EDGE('',*,*,#979,.T.);
#613=ORIENTED_EDGE('',*,*,#980,.T.);
#614=ORIENTED_EDGE('',*,*,#981,.T.);
#615=ORIENTED_EDGE('',*,*,#982,.T.);
#616=ORIENTED_EDGE('',*,*,#983,.T.);
#617=ORIENTED_EDGE('',*,*,#955,.T.);
#618=ORIENTED_EDGE('',*,*,#911,.T.);
#619=ORIENTED_EDGE('',*,*,#984,.F.);
#620=CARTESIAN_POINT('',(6.16237721061326,3.77324314338361E-016,0.0));
#621=DIRECTION('',(1.0,6.12303176911189E-017,0.0));
#622=DIRECTION('',(6.12303176911189E-017,-1.0,0.0));
#623=SURFACE_STYLE_FILL_AREA(#985);
#624=ORIENTED_EDGE('',*,*,#933,.T.);
#625=ORIENTED_EDGE('',*,*,#986,.T.);
#626=ORIENTED_EDGE('',*,*,#944,.T.);
#627=ORIENTED_EDGE('',*,*,#927,.F.);
#628=ORIENTED_EDGE('',*,*,#987,.F.);
#629=ORIENTED_EDGE('',*,*,#908,.F.);
#630=ORIENTED_EDGE('',*,*,#988,.T.);
#631=ORIENTED_EDGE('',*,*,#967,.F.);
#632=CARTESIAN_POINT('',(0.0,-9.81495457622364,0.0));
#633=DIRECTION('',(0.0,0.866025403784439,0.5));
#634=DIRECTION('',(0.0,-0.5,0.866025403784439));
#635=SURFACE_STYLE_FILL_AREA(#989);
#636=ORIENTED_EDGE('',*,*,#990,.F.);
#637=ORIENTED_EDGE('',*,*,#900,.F.);
#638=ORIENTED_EDGE('',*,*,#956,.F.);
#639=ORIENTED_EDGE('',*,*,#983,.F.);
#640=ORIENTED_EDGE('',*,*,#991,.F.);
#641=CARTESIAN_POINT('',(9.525,-13.9005754362787,9.78641929105457));
#642=DIRECTION('',(0.0,0.5,0.866025403784439));
#643=DIRECTION('',(0.0,-0.866025403784439,0.5));
#644=SURFACE_STYLE_FILL_AREA(#992);
#645=ORIENTED_EDGE('',*,*,#993,.F.);
#646=ORIENTED_EDGE('',*,*,#994,.T.);
#647=ORIENTED_EDGE('',*,*,#981,.F.);
#648=ORIENTED_EDGE('',*,*,#995,.F.);
#649=ORIENTED_EDGE('',*,*,#996,.F.);
#650=CARTESIAN_POINT('',(9.525,13.9005754362787,-9.78641929105457));
#651=DIRECTION('',(0.0,-0.5,-0.866025403784439));
#652=DIRECTION('',(0.0,0.866025403784439,-0.5));
#653=SURFACE_STYLE_FILL_AREA(#997);
#654=ORIENTED_EDGE('',*,*,#923,.F.);
#655=ORIENTED_EDGE('',*,*,#998,.T.);
#656=ORIENTED_EDGE('',*,*,#999,.F.);
#657=ORIENTED_EDGE('',*,*,#964,.F.);
#658=ORIENTED_EDGE('',*,*,#973,.F.);
#659=CARTESIAN_POINT('',(9.525,13.9005754362787,-9.78641929105457));
#660=DIRECTION('',(0.0,-0.5,-0.866025403784439));
#661=DIRECTION('',(0.0,0.866025403784439,-0.5));
#662=SURFACE_STYLE_FILL_AREA(#1000);
#663=ORIENTED_EDGE('',*,*,#921,.F.);
#664=ORIENTED_EDGE('',*,*,#1001,.F.);
#665=ORIENTED_EDGE('',*,*,#1002,.F.);
#666=ORIENTED_EDGE('',*,*,#1003,.F.);
#667=ORIENTED_EDGE('',*,*,#1004,.F.);
#668=CARTESIAN_POINT('',(9.525,-13.9005754362787,9.78641929105457));
#669=DIRECTION('',(0.0,0.5,0.866025403784439));
#670=DIRECTION('',(0.0,-0.866025403784439,0.5));
#671=SURFACE_STYLE_FILL_AREA(#1005);
#672=ORIENTED_EDGE('',*,*,#1004,.T.);
#673=ORIENTED_EDGE('',*,*,#1006,.F.);
#674=ORIENTED_EDGE('',*,*,#998,.F.);
#675=ORIENTED_EDGE('',*,*,#922,.F.);
#676=CARTESIAN_POINT('',(9.525,0.0,-7.105427357601E-015));
#677=DIRECTION('',(0.0,0.866025403784439,-0.5));
#678=DIRECTION('',(0.0,-0.5,-0.866025403784439));
#679=SURFACE_STYLE_FILL_AREA(#1007);
#680=ORIENTED_EDGE('',*,*,#1003,.T.);
#681=ORIENTED_EDGE('',*,*,#1008,.F.);
#682=ORIENTED_EDGE('',*,*,#1009,.F.);
#683=ORIENTED_EDGE('',*,*,#1010,.F.);
#684=ORIENTED_EDGE('',*,*,#987,.T.);
#685=ORIENTED_EDGE('',*,*,#965,.F.);
#686=ORIENTED_EDGE('',*,*,#999,.T.);
#687=ORIENTED_EDGE('',*,*,#1006,.T.);
#688=CARTESIAN_POINT('',(0.0,-4.90747728811182,8.5));
#689=DIRECTION('',(0.0,0.866025403784439,-0.5));
#690=DIRECTION('',(0.0,0.5,0.866025403784439));
#691=SURFACE_STYLE_FILL_AREA(#1011);
#692=ORIENTED_EDGE('',*,*,#935,.T.);
#693=ORIENTED_EDGE('',*,*,#970,.T.);
#694=ORIENTED_EDGE('',*,*,#1012,.T.);
#695=ORIENTED_EDGE('',*,*,#976,.F.);
#696=CARTESIAN_POINT('',(12.0,-6.3285,0.0));
#697=DIRECTION('',(1.0,0.0,0.0));
#698=DIRECTION('',(0.0,-1.0,0.0));
#699=SURFACE_STYLE_FILL_AREA(#1013);
#700=ORIENTED_EDGE('',*,*,#996,.T.);
#701=ORIENTED_EDGE('',*,*,#1014,.F.);
#702=ORIENTED_EDGE('',*,*,#1015,.T.);
#703=ORIENTED_EDGE('',*,*,#1016,.T.);
#704=ORIENTED_EDGE('',*,*,#1017,.T.);
#705=CARTESIAN_POINT('',(10.7539022805991,6.58464853060328E-016,0.0));
#706=DIRECTION('',(-1.0,-6.12303176911189E-017,-0.0));
#707=DIRECTION('',(6.12303176911189E-017,-1.0,0.0));
#708=SURFACE_STYLE_FILL_AREA(#1018);
#709=ORIENTED_EDGE('',*,*,#990,.T.);
#710=ORIENTED_EDGE('',*,*,#1019,.T.);
#711=ORIENTED_EDGE('',*,*,#993,.T.);
#712=ORIENTED_EDGE('',*,*,#1017,.F.);
#713=ORIENTED_EDGE('',*,*,#1020,.F.);
#714=ORIENTED_EDGE('',*,*,#906,.F.);
#715=ORIENTED_EDGE('',*,*,#1021,.T.);
#716=ORIENTED_EDGE('',*,*,#901,.F.);
#717=CARTESIAN_POINT('',(0.0,4.90747728811182,-8.5));
#718=DIRECTION('',(0.0,-0.866025403784439,0.5));
#719=DIRECTION('',(0.0,-0.5,-0.866025403784439));
#720=SURFACE_STYLE_FILL_AREA(#1022);
#721=ORIENTED_EDGE('',*,*,#991,.T.);
#722=ORIENTED_EDGE('',*,*,#982,.F.);
#723=ORIENTED_EDGE('',*,*,#994,.F.);
#724=ORIENTED_EDGE('',*,*,#1019,.F.);
#725=CARTESIAN_POINT('',(9.525,0.0,-7.105427357601E-015));
#726=DIRECTION('',(0.0,0.866025403784439,-0.5));
#727=DIRECTION('',(0.0,-0.5,-0.866025403784439));
#728=SURFACE_STYLE_FILL_AREA(#1023);
#729=ORIENTED_EDGE('',*,*,#995,.T.);
#730=ORIENTED_EDGE('',*,*,#980,.F.);
#731=ORIENTED_EDGE('',*,*,#1024,.T.);
#732=ORIENTED_EDGE('',*,*,#1014,.T.);
#733=CARTESIAN_POINT('',(12.0,-6.3285,0.0));
#734=DIRECTION('',(1.0,0.0,0.0));
#735=DIRECTION('',(0.0,-1.0,0.0));
#736=SURFACE_STYLE_FILL_AREA(#1025);
#737=ORIENTED_EDGE('',*,*,#1026,.F.);
#738=ORIENTED_EDGE('',*,*,#1027,.F.);
#739=ORIENTED_EDGE('',*,*,#917,.F.);
#740=ORIENTED_EDGE('',*,*,#953,.F.);
#741=ORIENTED_EDGE('',*,*,#961,.F.);
#742=CARTESIAN_POINT('',(9.525,1.525,16.9314611005666));
#743=DIRECTION('',(0.0,1.0,0.0));
#744=DIRECTION('',(0.0,0.0,1.0));
#745=SURFACE_STYLE_FILL_AREA(#1028);
#746=ORIENTED_EDGE('',*,*,#1029,.F.);
#747=ORIENTED_EDGE('',*,*,#1030,.F.);
#748=ORIENTED_EDGE('',*,*,#1031,.F.);
#749=ORIENTED_EDGE('',*,*,#919,.F.);
#750=ORIENTED_EDGE('',*,*,#1032,.T.);
#751=CARTESIAN_POINT('',(9.525,-1.525,-16.9314611005666));
#752=DIRECTION('',(0.0,-1.0,0.0));
#753=DIRECTION('',(0.0,0.0,-1.0));
#754=SURFACE_STYLE_FILL_AREA(#1033);
#755=ORIENTED_EDGE('',*,*,#1034,.F.);
#756=ORIENTED_EDGE('',*,*,#1035,.T.);
#757=ORIENTED_EDGE('',*,*,#977,.F.);
#758=ORIENTED_EDGE('',*,*,#1012,.F.);
#759=ORIENTED_EDGE('',*,*,#969,.F.);
#760=CARTESIAN_POINT('',(9.525,-1.525,-16.9314611005666));
#761=DIRECTION('',(0.0,-1.0,0.0));
#762=DIRECTION('',(0.0,0.0,-1.0));
#763=SURFACE_STYLE_FILL_AREA(#1036);
#764=ORIENTED_EDGE('',*,*,#1037,.F.);
#765=ORIENTED_EDGE('',*,*,#1015,.F.);
#766=ORIENTED_EDGE('',*,*,#1024,.F.);
#767=ORIENTED_EDGE('',*,*,#979,.F.);
#768=ORIENTED_EDGE('',*,*,#1038,.F.);
#769=CARTESIAN_POINT('',(9.525,1.525,16.9314611005666));
#770=DIRECTION('',(0.0,1.0,0.0));
#771=DIRECTION('',(0.0,0.0,1.0));
#772=SURFACE_STYLE_FILL_AREA(#1039);
#773=ORIENTED_EDGE('',*,*,#1037,.T.);
#774=ORIENTED_EDGE('',*,*,#1040,.T.);
#775=ORIENTED_EDGE('',*,*,#1034,.T.);
#776=ORIENTED_EDGE('',*,*,#968,.F.);
#777=ORIENTED_EDGE('',*,*,#988,.F.);
#778=ORIENTED_EDGE('',*,*,#907,.F.);
#779=ORIENTED_EDGE('',*,*,#1020,.T.);
#780=ORIENTED_EDGE('',*,*,#1016,.F.);
#781=CARTESIAN_POINT('',(0.0,-4.90747728811182,-8.5));
#782=DIRECTION('',(0.0,0.0,1.0));
#783=DIRECTION('',(0.0,-1.0,0.0));
#784=SURFACE_STYLE_FILL_AREA(#1041);
#785=ORIENTED_EDGE('',*,*,#1038,.T.);
#786=ORIENTED_EDGE('',*,*,#978,.F.);
#787=ORIENTED_EDGE('',*,*,#1035,.F.);
#788=ORIENTED_EDGE('',*,*,#1040,.F.);
#789=CARTESIAN_POINT('',(9.525,-3.5527136788005E-015,3.5527136788005E-015));
#790=DIRECTION('',(0.0,0.0,-1.0));
#791=DIRECTION('',(0.0,-1.0,0.0));
#792=SURFACE_STYLE_FILL_AREA(#1042);
#793=ORIENTED_EDGE('',*,*,#1002,.T.);
#794=ORIENTED_EDGE('',*,*,#1043,.F.);
#795=ORIENTED_EDGE('',*,*,#1030,.T.);
#796=ORIENTED_EDGE('',*,*,#1044,.T.);
#797=ORIENTED_EDGE('',*,*,#1008,.T.);
#798=CARTESIAN_POINT('',(10.7539022805991,6.58464853060328E-016,0.0));
#799=DIRECTION('',(-1.0,-6.12303176911189E-017,-0.0));
#800=DIRECTION('',(6.12303176911189E-017,-1.0,0.0));
#801=SURFACE_STYLE_FILL_AREA(#1045);
#802=ORIENTED_EDGE('',*,*,#1001,.T.);
#803=ORIENTED_EDGE('',*,*,#920,.F.);
#804=ORIENTED_EDGE('',*,*,#1031,.T.);
#805=ORIENTED_EDGE('',*,*,#1043,.T.);
#806=CARTESIAN_POINT('',(12.0,-6.3285,0.0));
#807=DIRECTION('',(1.0,0.0,0.0));
#808=DIRECTION('',(0.0,-1.0,0.0));
#809=SURFACE_STYLE_FILL_AREA(#1046);
#810=ORIENTED_EDGE('',*,*,#938,.T.);
#811=ORIENTED_EDGE('',*,*,#1047,.F.);
#812=ORIENTED_EDGE('',*,*,#950,.F.);
#813=ORIENTED_EDGE('',*,*,#914,.F.);
#814=CARTESIAN_POINT('',(9.525,-3.5527136788005E-015,1.77635683940025E-015));
#815=DIRECTION('',(0.0,-0.866025403784439,-0.5));
#816=DIRECTION('',(0.0,-0.5,0.866025403784439));
#817=SURFACE_STYLE_FILL_AREA(#1048);
#818=ORIENTED_EDGE('',*,*,#932,.T.);
#819=ORIENTED_EDGE('',*,*,#975,.F.);
#820=ORIENTED_EDGE('',*,*,#945,.F.);
#821=ORIENTED_EDGE('',*,*,#986,.F.);
#822=CARTESIAN_POINT('',(9.525,-3.5527136788005E-015,1.77635683940025E-015));
#823=DIRECTION('',(0.0,-0.866025403784439,-0.5));
#824=DIRECTION('',(0.0,-0.5,0.866025403784439));
#825=SURFACE_STYLE_FILL_AREA(#1049);
#826=ORIENTED_EDGE('',*,*,#1027,.T.);
#827=ORIENTED_EDGE('',*,*,#1050,.F.);
#828=ORIENTED_EDGE('',*,*,#1032,.F.);
#829=ORIENTED_EDGE('',*,*,#918,.F.);
#830=CARTESIAN_POINT('',(9.525,-3.5527136788005E-015,3.5527136788005E-015));
#831=DIRECTION('',(0.0,0.0,-1.0));
#832=DIRECTION('',(0.0,-1.0,0.0));
#833=SURFACE_STYLE_FILL_AREA(#1051);
#834=ORIENTED_EDGE('',*,*,#1026,.T.);
#835=ORIENTED_EDGE('',*,*,#960,.F.);
#836=ORIENTED_EDGE('',*,*,#1052,.F.);
#837=ORIENTED_EDGE('',*,*,#1053,.F.);
#838=ORIENTED_EDGE('',*,*,#1009,.T.);
#839=ORIENTED_EDGE('',*,*,#1044,.F.);
#840=ORIENTED_EDGE('',*,*,#1029,.T.);
#841=ORIENTED_EDGE('',*,*,#1050,.T.);
#842=CARTESIAN_POINT('',(0.0,4.90747728811182,8.5));
#843=DIRECTION('',(0.0,0.0,-1.0));
#844=DIRECTION('',(0.0,1.0,0.0));
#845=SURFACE_STYLE_FILL_AREA(#1054);
#846=ORIENTED_EDGE('',*,*,#937,.T.);
#847=ORIENTED_EDGE('',*,*,#1055,.F.);
#848=ORIENTED_EDGE('',*,*,#1021,.F.);
#849=ORIENTED_EDGE('',*,*,#1056,.F.);
#850=ORIENTED_EDGE('',*,*,#1052,.T.);
#851=ORIENTED_EDGE('',*,*,#959,.F.);
#852=ORIENTED_EDGE('',*,*,#947,.T.);
#853=ORIENTED_EDGE('',*,*,#1047,.T.);
#854=CARTESIAN_POINT('',(0.0,9.81495457622364,0.0));
#855=DIRECTION('',(0.0,-0.866025403784439,-0.5));
#856=DIRECTION('',(0.0,0.5,-0.866025403784439));
#857=SURFACE_STYLE_FILL_AREA(#1057);
#858=ORIENTED_EDGE('',*,*,#903,.T.);
#859=ORIENTED_EDGE('',*,*,#1010,.T.);
#860=ORIENTED_EDGE('',*,*,#1053,.T.);
#861=ORIENTED_EDGE('',*,*,#1056,.T.);
#862=ORIENTED_EDGE('',*,*,#905,.T.);
#863=ORIENTED_EDGE('',*,*,#1058,.T.);
#864=CARTESIAN_POINT('',(1.42281021180926,8.71191212832492E-017,0.0));
#865=DIRECTION('',(1.0,6.12303176911189E-017,0.0));
#866=DIRECTION('',(6.12303176911189E-017,-1.0,0.0));
#867=SURFACE_STYLE_FILL_AREA(#1059);
#868=ORIENTED_EDGE('',*,*,#898,.T.);
#869=ORIENTED_EDGE('',*,*,#1055,.T.);
#870=ORIENTED_EDGE('',*,*,#940,.T.);
#871=ORIENTED_EDGE('',*,*,#957,.F.);
#872=CARTESIAN_POINT('',(10.7539022805991,6.58464853060328E-016,0.0));
#873=DIRECTION('',(-1.0,-6.12303176911189E-017,-0.0));
#874=DIRECTION('',(6.12303176911189E-017,-1.0,0.0));
#875=SURFACE_STYLE_FILL_AREA(#1060);
#876=ORIENTED_EDGE('',*,*,#893,.T.);
#877=ORIENTED_EDGE('',*,*,#984,.T.);
#878=ORIENTED_EDGE('',*,*,#895,.T.);
#879=ORIENTED_EDGE('',*,*,#1061,.F.);
#880=CARTESIAN_POINT('',(0.162377210613261,9.9424081916477E-018,0.0));
#881=DIRECTION('',(-1.0,-6.12303176911189E-017,-0.0));
#882=DIRECTION('',(6.12303176911189E-017,-1.0,0.0));
#883=SURFACE_STYLE_FILL_AREA(#1062);
#884=ORIENTED_EDGE('',*,*,#904,.F.);
#885=ORIENTED_EDGE('',*,*,#1058,.F.);
#886=ORIENTED_EDGE('',*,*,#1061,.T.);
#887=ORIENTED_EDGE('',*,*,#894,.T.);
#888=CARTESIAN_POINT('',(3.85431839439523E-016,-6.275,0.0));
#889=DIRECTION('',(-1.0,-5.98456366308302E-017,0.0));
#890=DIRECTION('',(-5.98456366308302E-017,1.0,0.0));
#891=SURFACE_STYLE_FILL_AREA(#1063);
#892=FILL_AREA_STYLE('',(#1064));
#893=EDGE_CURVE('',#1065,#1066,#1067,.T.);
#894=EDGE_CURVE('',#1068,#1065,#1069,.T.);
#895=EDGE_CURVE('',#1070,#1068,#1071,.T.);
#896=EDGE_CURVE('',#1070,#1066,#1072,.T.);
#897=FILL_AREA_STYLE('',(#1073));
#898=EDGE_CURVE('',#1074,#1075,#1076,.T.);
#899=EDGE_CURVE('',#1077,#1074,#1078,.T.);
#900=EDGE_CURVE('',#1077,#1079,#1080,.T.);
#901=EDGE_CURVE('',#1079,#1075,#1081,.T.);
#902=FILL_AREA_STYLE('',(#1082));
#903=EDGE_CURVE('',#1083,#1084,#1085,.T.);
#904=EDGE_CURVE('',#1083,#1086,#1087,.T.);
#905=EDGE_CURVE('',#1088,#1086,#1089,.T.);
#906=EDGE_CURVE('',#1088,#1090,#1091,.T.);
#907=EDGE_CURVE('',#1090,#1092,#1093,.T.);
#908=EDGE_CURVE('',#1092,#1084,#1094,.T.);
#909=FILL_AREA_STYLE('',(#1095));
#910=EDGE_CURVE('',#1066,#1096,#1097,.T.);
#911=EDGE_CURVE('',#1098,#1070,#1099,.T.);
#912=EDGE_CURVE('',#1098,#1100,#1101,.T.);
#913=EDGE_CURVE('',#1100,#1102,#1103,.T.);
#914=EDGE_CURVE('',#1102,#1104,#1105,.T.);
#915=EDGE_CURVE('',#1104,#1106,#1107,.T.);
#916=EDGE_CURVE('',#1106,#1108,#1109,.T.);
#917=EDGE_CURVE('',#1108,#1110,#1111,.T.);
#918=EDGE_CURVE('',#1110,#1112,#1113,.T.);
#919=EDGE_CURVE('',#1112,#1114,#1115,.T.);
#920=EDGE_CURVE('',#1114,#1116,#1117,.T.);
#921=EDGE_CURVE('',#1116,#1118,#1119,.T.);
#922=EDGE_CURVE('',#1118,#1120,#1121,.T.);
#923=EDGE_CURVE('',#1120,#1122,#1123,.T.);
#924=EDGE_CURVE('',#1122,#1096,#1124,.T.);
#925=FILL_AREA_STYLE('',(#1125));
#926=EDGE_CURVE('',#1126,#1127,#1128,.T.);
#927=EDGE_CURVE('',#1126,#1129,#1130,.T.);
#928=EDGE_CURVE('',#1129,#1131,#1132,.T.);
#929=EDGE_CURVE('',#1127,#1131,#1133,.T.);
#930=FILL_AREA_STYLE('',(#1134));
#931=EDGE_CURVE('',#1135,#1136,#1137,.T.);
#932=EDGE_CURVE('',#1138,#1135,#1139,.T.);
#933=EDGE_CURVE('',#1140,#1138,#1141,.T.);
#934=EDGE_CURVE('',#1142,#1140,#1143,.T.);
#935=EDGE_CURVE('',#1136,#1142,#1144,.T.);
#936=FILL_AREA_STYLE('',(#1145));
#937=EDGE_CURVE('',#1146,#1147,#1148,.T.);
#938=EDGE_CURVE('',#1102,#1146,#1149,.T.);
#939=EDGE_CURVE('',#1150,#1100,#1151,.T.);
#940=EDGE_CURVE('',#1147,#1150,#1152,.T.);
#941=FILL_AREA_STYLE('',(#1153));
#942=EDGE_CURVE('',#1154,#1155,#1156,.T.);
#943=EDGE_CURVE('',#1131,#1154,#1157,.T.);
#944=EDGE_CURVE('',#1158,#1129,#1159,.T.);
#945=EDGE_CURVE('',#1158,#1155,#1160,.T.);
#946=FILL_AREA_STYLE('',(#1161));
#947=EDGE_CURVE('',#1162,#1163,#1164,.T.);
#948=EDGE_CURVE('',#1165,#1162,#1166,.T.);
#949=EDGE_CURVE('',#1106,#1165,#1167,.T.);
#950=EDGE_CURVE('',#1104,#1163,#1168,.T.);
#951=FILL_AREA_STYLE('',(#1169));
#952=EDGE_CURVE('',#1165,#1170,#1171,.T.);
#953=EDGE_CURVE('',#1170,#1108,#1172,.T.);
#954=FILL_AREA_STYLE('',(#1173));
#955=EDGE_CURVE('',#1174,#1098,#1175,.T.);
#956=EDGE_CURVE('',#1174,#1077,#1176,.T.);
#957=EDGE_CURVE('',#1074,#1150,#1177,.T.);
#958=FILL_AREA_STYLE('',(#1178));
#959=EDGE_CURVE('',#1162,#1179,#1180,.T.);
#960=EDGE_CURVE('',#1179,#1181,#1182,.T.);
#961=EDGE_CURVE('',#1181,#1170,#1183,.T.);
#962=FILL_AREA_STYLE('',(#1184));
#963=EDGE_CURVE('',#1185,#1127,#1186,.T.);
#964=EDGE_CURVE('',#1185,#1187,#1188,.T.);
#965=EDGE_CURVE('',#1187,#1126,#1189,.T.);
#966=FILL_AREA_STYLE('',(#1190));
#967=EDGE_CURVE('',#1140,#1191,#1192,.T.);
#968=EDGE_CURVE('',#1191,#1193,#1194,.T.);
#969=EDGE_CURVE('',#1193,#1195,#1196,.T.);
#970=EDGE_CURVE('',#1142,#1195,#1197,.T.);
#971=FILL_AREA_STYLE('',(#1198));
#972=EDGE_CURVE('',#1096,#1154,#1199,.T.);
#973=EDGE_CURVE('',#1122,#1185,#1200,.T.);
#974=FILL_AREA_STYLE('',(#1201));
#975=EDGE_CURVE('',#1155,#1135,#1202,.T.);
#976=EDGE_CURVE('',#1136,#1203,#1204,.T.);
#977=EDGE_CURVE('',#1203,#1205,#1206,.T.);
#978=EDGE_CURVE('',#1205,#1207,#1208,.T.);
#979=EDGE_CURVE('',#1207,#1209,#1210,.T.);
#980=EDGE_CURVE('',#1209,#1211,#1212,.T.);
#981=EDGE_CURVE('',#1211,#1213,#1214,.T.);
#982=EDGE_CURVE('',#1213,#1215,#1216,.T.);
#983=EDGE_CURVE('',#1215,#1174,#1217,.T.);
#984=EDGE_CURVE('',#1066,#1070,#1218,.T.);
#985=FILL_AREA_STYLE('',(#1219));
#986=EDGE_CURVE('',#1138,#1158,#1220,.T.);
#987=EDGE_CURVE('',#1084,#1126,#1221,.T.);
#988=EDGE_CURVE('',#1092,#1191,#1222,.T.);
#989=FILL_AREA_STYLE('',(#1223));
#990=EDGE_CURVE('',#1079,#1224,#1225,.T.);
#991=EDGE_CURVE('',#1224,#1215,#1226,.T.);
#992=FILL_AREA_STYLE('',(#1227));
#993=EDGE_CURVE('',#1228,#1229,#1230,.T.);
#994=EDGE_CURVE('',#1228,#1213,#1231,.T.);
#995=EDGE_CURVE('',#1232,#1211,#1233,.T.);
#996=EDGE_CURVE('',#1229,#1232,#1234,.T.);
#997=FILL_AREA_STYLE('',(#1235));
#998=EDGE_CURVE('',#1120,#1236,#1237,.T.);
#999=EDGE_CURVE('',#1187,#1236,#1238,.T.);
#1000=FILL_AREA_STYLE('',(#1239));
#1001=EDGE_CURVE('',#1240,#1116,#1241,.T.);
#1002=EDGE_CURVE('',#1242,#1240,#1243,.T.);
#1003=EDGE_CURVE('',#1244,#1242,#1245,.T.);
#1004=EDGE_CURVE('',#1118,#1244,#1246,.T.);
#1005=FILL_AREA_STYLE('',(#1247));
#1006=EDGE_CURVE('',#1236,#1244,#1248,.T.);
#1007=FILL_AREA_STYLE('',(#1249));
#1008=EDGE_CURVE('',#1250,#1242,#1251,.T.);
#1009=EDGE_CURVE('',#1252,#1250,#1253,.T.);
#1010=EDGE_CURVE('',#1084,#1252,#1254,.T.);
#1011=FILL_AREA_STYLE('',(#1255));
#1012=EDGE_CURVE('',#1195,#1203,#1256,.T.);
#1013=FILL_AREA_STYLE('',(#1257));
#1014=EDGE_CURVE('',#1258,#1232,#1259,.T.);
#1015=EDGE_CURVE('',#1258,#1260,#1261,.T.);
#1016=EDGE_CURVE('',#1260,#1262,#1263,.T.);
#1017=EDGE_CURVE('',#1262,#1229,#1264,.T.);
#1018=FILL_AREA_STYLE('',(#1265));
#1019=EDGE_CURVE('',#1224,#1228,#1266,.T.);
#1020=EDGE_CURVE('',#1090,#1262,#1267,.T.);
#1021=EDGE_CURVE('',#1088,#1075,#1268,.T.);
#1022=FILL_AREA_STYLE('',(#1269));
#1023=FILL_AREA_STYLE('',(#1270));
#1024=EDGE_CURVE('',#1209,#1258,#1271,.T.);
#1025=FILL_AREA_STYLE('',(#1272));
#1026=EDGE_CURVE('',#1273,#1181,#1274,.T.);
#1027=EDGE_CURVE('',#1110,#1273,#1275,.T.);
#1028=FILL_AREA_STYLE('',(#1276));
#1029=EDGE_CURVE('',#1277,#1278,#1279,.T.);
#1030=EDGE_CURVE('',#1280,#1277,#1281,.T.);
#1031=EDGE_CURVE('',#1114,#1280,#1282,.T.);
#1032=EDGE_CURVE('',#1112,#1278,#1283,.T.);
#1033=FILL_AREA_STYLE('',(#1284));
#1034=EDGE_CURVE('',#1285,#1193,#1286,.T.);
#1035=EDGE_CURVE('',#1285,#1205,#1287,.T.);
#1036=FILL_AREA_STYLE('',(#1288));
#1037=EDGE_CURVE('',#1260,#1289,#1290,.T.);
#1038=EDGE_CURVE('',#1289,#1207,#1291,.T.);
#1039=FILL_AREA_STYLE('',(#1292));
#1040=EDGE_CURVE('',#1289,#1285,#1293,.T.);
#1041=FILL_AREA_STYLE('',(#1294));
#1042=FILL_AREA_STYLE('',(#1295));
#1043=EDGE_CURVE('',#1280,#1240,#1296,.T.);
#1044=EDGE_CURVE('',#1277,#1250,#1297,.T.);
#1045=FILL_AREA_STYLE('',(#1298));
#1046=FILL_AREA_STYLE('',(#1299));
#1047=EDGE_CURVE('',#1163,#1146,#1300,.T.);
#1048=FILL_AREA_STYLE('',(#1301));
#1049=FILL_AREA_STYLE('',(#1302));
#1050=EDGE_CURVE('',#1278,#1273,#1303,.T.);
#1051=FILL_AREA_STYLE('',(#1304));
#1052=EDGE_CURVE('',#1305,#1179,#1306,.T.);
#1053=EDGE_CURVE('',#1252,#1305,#1307,.T.);
#1054=FILL_AREA_STYLE('',(#1308));
#1055=EDGE_CURVE('',#1075,#1147,#1309,.T.);
#1056=EDGE_CURVE('',#1305,#1088,#1310,.T.);
#1057=FILL_AREA_STYLE('',(#1311));
#1058=EDGE_CURVE('',#1086,#1083,#1312,.T.);
#1059=FILL_AREA_STYLE('',(#1313));
#1060=FILL_AREA_STYLE('',(#1314));
#1061=EDGE_CURVE('',#1065,#1068,#1315,.T.);
#1062=FILL_AREA_STYLE('',(#1316));
#1063=FILL_AREA_STYLE('',(#1317));
#1064=FILL_AREA_STYLE_COLOUR('',#1318);
#1065=VERTEX_POINT('',#1319);
#1066=VERTEX_POINT('',#1320);
#1067=LINE('',#1321,#1322);
#1068=VERTEX_POINT('',#1323);
#1069=CIRCLE('',#1324,5.4);
#1070=VERTEX_POINT('',#1325);
#1071=LINE('',#1326,#1327);
#1072=CIRCLE('',#1328,4.188);
#1073=FILL_AREA_STYLE_COLOUR('',#1329);
#1074=VERTEX_POINT('',#1330);
#1075=VERTEX_POINT('',#1331);
#1076=LINE('',#1332,#1333);
#1077=VERTEX_POINT('',#1334);
#1078=CIRCLE('',#1335,8.469);
#1079=VERTEX_POINT('',#1336);
#1080=(B_SPLINE_CURVE(2,(#1338,#1339,#1340),.UNSPECIFIED.,.F.,.F.)B_SPLINE_CURVE_WITH_KNOTS((3,3),(1.26002103230011,1.43504416084268),.UNSPECIFIED.)RATIONAL_B_SPLINE_CURVE((1.00535388165705,1.0053706208736,1.00528870951936))BOUNDED_CURVE()REPRESENTATION_ITEM('')GEOMETRIC_REPRESENTATION_ITEM()CURVE());
#1081=(B_SPLINE_CURVE(2,(#1348,#1349,#1350),.UNSPECIFIED.,.F.,.F.)B_SPLINE_CURVE_WITH_KNOTS((3,3),(8.67402945404501,22.9292997777342),.UNSPECIFIED.)RATIONAL_B_SPLINE_CURVE((1.43434699172574,1.65624124356838,1.43434699172574))BOUNDED_CURVE()REPRESENTATION_ITEM('')GEOMETRIC_REPRESENTATION_ITEM()CURVE());
#1082=FILL_AREA_STYLE_COLOUR('',#1357);
#1083=VERTEX_POINT('',#1358);
#1084=VERTEX_POINT('',#1359);
#1085=LINE('',#1360,#1361);
#1086=VERTEX_POINT('',#1362);
#1087=CIRCLE('',#1363,7.15);
#1088=VERTEX_POINT('',#1364);
#1089=LINE('',#1365,#1366);
#1090=VERTEX_POINT('',#1367);
#1091=(B_SPLINE_CURVE(2,(#1369,#1370,#1371),.UNSPECIFIED.,.F.,.F.)B_SPLINE_CURVE_WITH_KNOTS((3,3),(8.67402945404501,22.9292997777342),.UNSPECIFIED.)RATIONAL_B_SPLINE_CURVE((1.43434699172574,1.65624124356837,1.43434699172574))BOUNDED_CURVE()REPRESENTATION_ITEM('')GEOMETRIC_REPRESENTATION_ITEM()CURVE());
#1092=VERTEX_POINT('',#1378);
#1093=(B_SPLINE_CURVE(2,(#1380,#1381,#1382),.UNSPECIFIED.,.F.,.F.)B_SPLINE_CURVE_WITH_KNOTS((3,3),(8.67402945404501,22.9292997777342),.UNSPECIFIED.)RATIONAL_B_SPLINE_CURVE((1.43434699172574,1.65624124356837,1.43434699172574))BOUNDED_CURVE()REPRESENTATION_ITEM('')GEOMETRIC_REPRESENTATION_ITEM()CURVE());
#1094=(B_SPLINE_CURVE(2,(#1390,#1391,#1392),.UNSPECIFIED.,.F.,.F.)B_SPLINE_CURVE_WITH_KNOTS((3,3),(8.674029454045,22.9292997777342),.UNSPECIFIED.)RATIONAL_B_SPLINE_CURVE((1.43434699172574,1.65624124356837,1.43434699172574))BOUNDED_CURVE()REPRESENTATION_ITEM('')GEOMETRIC_REPRESENTATION_ITEM()CURVE());
#1095=FILL_AREA_STYLE_COLOUR('',#1399);
#1096=VERTEX_POINT('',#1400);
#1097=LINE('',#1401,#1402);
#1098=VERTEX_POINT('',#1403);
#1099=LINE('',#1404,#1405);
#1100=VERTEX_POINT('',#1406);
#1101=CIRCLE('',#1407,4.188);
#1102=VERTEX_POINT('',#1408);
#1103=LINE('',#1409,#1410);
#1104=VERTEX_POINT('',#1411);
#1105=B_SPLINE_CURVE_WITH_KNOTS('',3,(#1412,#1413,#1414,#1415,#1416,#1417,#1418,#1419,#1420,#1421,#1422,#1423,#1424,#1425,#1426,#1427,#1428,#1429,#1430,#1431,#1432,#1433,#1434,#1435,#1436,#1437),.UNSPECIFIED.,.F.,.F.,(4,2,2,2,2,2,2,2,2,2,2,2,4),(0.0,0.290233403436799,0.580466806873598,1.1609336137472,1.74100850549858,2.03104595137427,2.32108339724996,2.61112084312565,2.90115828900134,3.48123318075272,4.06169998762632,4.35193339106312,4.64216679449992),.UNSPECIFIED.);
#1106=VERTEX_POINT('',#1438);
#1107=LINE('',#1439,#1440);
#1108=VERTEX_POINT('',#1441);
#1109=CIRCLE('',#1442,4.188);
#1110=VERTEX_POINT('',#1443);
#1111=LINE('',#1444,#1445);
#1112=VERTEX_POINT('',#1446);
#1113=B_SPLINE_CURVE_WITH_KNOTS('',3,(#1447,#1448,#1449,#1450,#1451,#1452,#1453,#1454,#1455,#1456,#1457,#1458,#1459,#1460,#1461,#1462,#1463,#1464,#1465,#1466,#1467,#1468,#1469,#1470,#1471,#1472),.UNSPECIFIED.,.F.,.F.,(4,2,2,2,2,2,2,2,2,2,2,2,4),(0.0,0.290233403436798,0.580466806873597,1.16093361374719,1.74100850549858,2.03104595137427,2.32108339724996,2.61112084312565,2.90115828900134,3.48123318075272,4.06169998762632,4.35193339106312,4.64216679449992),.UNSPECIFIED.);
#1114=VERTEX_POINT('',#1473);
#1115=LINE('',#1474,#1475);
#1116=VERTEX_POINT('',#1476);
#1117=CIRCLE('',#1477,4.188);
#1118=VERTEX_POINT('',#1478);
#1119=LINE('',#1479,#1480);
#1120=VERTEX_POINT('',#1481);
#1121=B_SPLINE_CURVE_WITH_KNOTS('',3,(#1482,#1483,#1484,#1485,#1486,#1487,#1488,#1489,#1490,#1491,#1492,#1493,#1494,#1495,#1496,#1497,#1498,#1499,#1500,#1501,#1502,#1503,#1504,#1505,#1506,#1507),.UNSPECIFIED.,.F.,.F.,(4,2,2,2,2,2,2,2,2,2,2,2,4),(0.0,0.290233403436798,0.580466806873596,1.16093361374719,1.74100850549857,2.03104595137426,2.32108339724995,2.61112084312564,2.90115828900133,3.48123318075271,4.06169998762631,4.35193339106311,4.6421667944999),.UNSPECIFIED.);
#1122=VERTEX_POINT('',#1508);
#1123=LINE('',#1509,#1510);
#1124=CIRCLE('',#1511,4.188);
#1125=FILL_AREA_STYLE_COLOUR('',#1512);
#1126=VERTEX_POINT('',#1513);
#1127=VERTEX_POINT('',#1514);
#1128=LINE('',#1515,#1516);
#1129=VERTEX_POINT('',#1517);
#1130=(B_SPLINE_CURVE(2,(#1519,#1520,#1521),.UNSPECIFIED.,.F.,.F.)B_SPLINE_CURVE_WITH_KNOTS((3,3),(8.674029454045,22.9292997777342),.UNSPECIFIED.)RATIONAL_B_SPLINE_CURVE((1.43434699172574,1.65624124356837,1.43434699172574))BOUNDED_CURVE()REPRESENTATION_ITEM('')GEOMETRIC_REPRESENTATION_ITEM()CURVE());
#1131=VERTEX_POINT('',#1528);
#1132=(B_SPLINE_CURVE(2,(#1530,#1531,#1532),.UNSPECIFIED.,.F.,.F.)B_SPLINE_CURVE_WITH_KNOTS((3,3),(1.14439441869023,1.31941754723311),.UNSPECIFIED.)RATIONAL_B_SPLINE_CURVE((1.00528870952007,1.00537062087433,1.00535388165777))BOUNDED_CURVE()REPRESENTATION_ITEM('')GEOMETRIC_REPRESENTATION_ITEM()CURVE());
#1133=CIRCLE('',#1539,8.469);
#1134=FILL_AREA_STYLE_COLOUR('',#1540);
#1135=VERTEX_POINT('',#1541);
#1136=VERTEX_POINT('',#1542);
#1137=LINE('',#1543,#1544);
#1138=VERTEX_POINT('',#1545);
#1139=LINE('',#1546,#1547);
#1140=VERTEX_POINT('',#1548);
#1141=LINE('',#1549,#1550);
#1142=VERTEX_POINT('',#1551);
#1143=(B_SPLINE_CURVE(2,(#1553,#1554,#1555),.UNSPECIFIED.,.F.,.F.)B_SPLINE_CURVE_WITH_KNOTS((3,3),(1.26002103229738,1.43504416084022),.UNSPECIFIED.)RATIONAL_B_SPLINE_CURVE((1.00535388165812,1.00537062087468,1.00528870952041))BOUNDED_CURVE()REPRESENTATION_ITEM('')GEOMETRIC_REPRESENTATION_ITEM()CURVE());
#1144=LINE('',#1562,#1563);
#1145=FILL_AREA_STYLE_COLOUR('',#1564);
#1146=VERTEX_POINT('',#1565);
#1147=VERTEX_POINT('',#1566);
#1148=LINE('',#1567,#1568);
#1149=LINE('',#1569,#1570);
#1150=VERTEX_POINT('',#1571);
#1151=LINE('',#1572,#1573);
#1152=(B_SPLINE_CURVE(2,(#1575,#1576,#1577),.UNSPECIFIED.,.F.,.F.)B_SPLINE_CURVE_WITH_KNOTS((3,3),(1.14439441868705,1.31941754722978),.UNSPECIFIED.)RATIONAL_B_SPLINE_CURVE((1.00528870951985,1.0053706208741,1.00535388165755))BOUNDED_CURVE()REPRESENTATION_ITEM('')GEOMETRIC_REPRESENTATION_ITEM()CURVE());
#1153=FILL_AREA_STYLE_COLOUR('',#1584);
#1154=VERTEX_POINT('',#1585);
#1155=VERTEX_POINT('',#1586);
#1156=LINE('',#1587,#1588);
#1157=LINE('',#1589,#1590);
#1158=VERTEX_POINT('',#1591);
#1159=LINE('',#1592,#1593);
#1160=LINE('',#1594,#1595);
#1161=FILL_AREA_STYLE_COLOUR('',#1596);
#1162=VERTEX_POINT('',#1597);
#1163=VERTEX_POINT('',#1598);
#1164=LINE('',#1599,#1600);
#1165=VERTEX_POINT('',#1601);
#1166=(B_SPLINE_CURVE(2,(#1603,#1604,#1605),.UNSPECIFIED.,.F.,.F.)B_SPLINE_CURVE_WITH_KNOTS((3,3),(1.26002103229434,1.43504416083665),.UNSPECIFIED.)RATIONAL_B_SPLINE_CURVE((1.00535388165442,1.00537062087097,1.00528870951677))BOUNDED_CURVE()REPRESENTATION_ITEM('')GEOMETRIC_REPRESENTATION_ITEM()CURVE());
#1167=LINE('',#1612,#1613);
#1168=LINE('',#1614,#1615);
#1169=FILL_AREA_STYLE_COLOUR('',#1616);
#1170=VERTEX_POINT('',#1617);
#1171=CIRCLE('',#1618,8.469);
#1172=LINE('',#1619,#1620);
#1173=FILL_AREA_STYLE_COLOUR('',#1621);
#1174=VERTEX_POINT('',#1622);
#1175=CIRCLE('',#1623,4.188);
#1176=LINE('',#1624,#1625);
#1177=CIRCLE('',#1626,8.469);
#1178=FILL_AREA_STYLE_COLOUR('',#1627);
#1179=VERTEX_POINT('',#1628);
#1180=(B_SPLINE_CURVE(2,(#1630,#1631,#1632),.UNSPECIFIED.,.F.,.F.)B_SPLINE_CURVE_WITH_KNOTS((3,3),(8.67402945404505,22.9292997777342),.UNSPECIFIED.)RATIONAL_B_SPLINE_CURVE((1.43434699172574,1.65624124356837,1.43434699172574))BOUNDED_CURVE()REPRESENTATION_ITEM('')GEOMETRIC_REPRESENTATION_ITEM()CURVE());
#1181=VERTEX_POINT('',#1639);
#1182=(B_SPLINE_CURVE(2,(#1641,#1642,#1643),.UNSPECIFIED.,.F.,.F.)B_SPLINE_CURVE_WITH_KNOTS((3,3),(8.67402945404501,22.9292997777342),.UNSPECIFIED.)RATIONAL_B_SPLINE_CURVE((1.43434699172575,1.65624124356838,1.43434699172574))BOUNDED_CURVE()REPRESENTATION_ITEM('')GEOMETRIC_REPRESENTATION_ITEM()CURVE());
#1183=(B_SPLINE_CURVE(2,(#1651,#1652,#1653),.UNSPECIFIED.,.F.,.F.)B_SPLINE_CURVE_WITH_KNOTS((3,3),(1.14439441872225,1.31941754726509),.UNSPECIFIED.)RATIONAL_B_SPLINE_CURVE((1.00528870951415,1.00537062086829,1.00535388165173))BOUNDED_CURVE()REPRESENTATION_ITEM('')GEOMETRIC_REPRESENTATION_ITEM()CURVE());
#1184=FILL_AREA_STYLE_COLOUR('',#1660);
#1185=VERTEX_POINT('',#1661);
#1186=CIRCLE('',#1662,8.469);
#1187=VERTEX_POINT('',#1663);
#1188=(B_SPLINE_CURVE(2,(#1665,#1666,#1667),.UNSPECIFIED.,.F.,.F.)B_SPLINE_CURVE_WITH_KNOTS((3,3),(1.26002103227676,1.43504416081986),.UNSPECIFIED.)RATIONAL_B_SPLINE_CURVE((1.00535388165585,1.00537062087241,1.0052887095182))BOUNDED_CURVE()REPRESENTATION_ITEM('')GEOMETRIC_REPRESENTATION_ITEM()CURVE());
#1189=(B_SPLINE_CURVE(2,(#1675,#1676,#1677),.UNSPECIFIED.,.F.,.F.)B_SPLINE_CURVE_WITH_KNOTS((3,3),(8.67402945404503,22.9292997777342),.UNSPECIFIED.)RATIONAL_B_SPLINE_CURVE((1.43434699172574,1.65624124356837,1.43434699172574))BOUNDED_CURVE()REPRESENTATION_ITEM('')GEOMETRIC_REPRESENTATION_ITEM()CURVE());
#1190=FILL_AREA_STYLE_COLOUR('',#1684);
#1191=VERTEX_POINT('',#1685);
#1192=(B_SPLINE_CURVE(2,(#1687,#1688,#1689),.UNSPECIFIED.,.F.,.F.)B_SPLINE_CURVE_WITH_KNOTS((3,3),(8.674029454045,22.9292997777342),.UNSPECIFIED.)RATIONAL_B_SPLINE_CURVE((1.43434699172574,1.65624124356837,1.43434699172574))BOUNDED_CURVE()REPRESENTATION_ITEM('')GEOMETRIC_REPRESENTATION_ITEM()CURVE());
#1193=VERTEX_POINT('',#1696);
#1194=(B_SPLINE_CURVE(2,(#1698,#1699,#1700),.UNSPECIFIED.,.F.,.F.)B_SPLINE_CURVE_WITH_KNOTS((3,3),(8.67402945404501,22.9292997777342),.UNSPECIFIED.)RATIONAL_B_SPLINE_CURVE((1.43434699172574,1.65624124356837,1.43434699172574))BOUNDED_CURVE()REPRESENTATION_ITEM('')GEOMETRIC_REPRESENTATION_ITEM()CURVE());
#1195=VERTEX_POINT('',#1707);
#1196=(B_SPLINE_CURVE(2,(#1709,#1710,#1711),.UNSPECIFIED.,.F.,.F.)B_SPLINE_CURVE_WITH_KNOTS((3,3),(1.14439441872221,1.31941754726512),.UNSPECIFIED.)RATIONAL_B_SPLINE_CURVE((1.00528870951456,1.00537062086871,1.00535388165215))BOUNDED_CURVE()REPRESENTATION_ITEM('')GEOMETRIC_REPRESENTATION_ITEM()CURVE());
#1197=CIRCLE('',#1718,8.469);
#1198=FILL_AREA_STYLE_COLOUR('',#1719);
#1199=CIRCLE('',#1720,4.188);
#1200=LINE('',#1721,#1722);
#1201=FILL_AREA_STYLE_COLOUR('',#1723);
#1202=B_SPLINE_CURVE_WITH_KNOTS('',3,(#1724,#1725,#1726,#1727,#1728,#1729,#1730,#1731,#1732,#1733,#1734,#1735,#1736,#1737,#1738,#1739,#1740,#1741,#1742,#1743,#1744,#1745,#1746,#1747,#1748,#1749),.UNSPECIFIED.,.F.,.F.,(4,2,2,2,2,2,2,2,2,2,2,2,4),(4.64216679449992,4.93240019793672,5.22263360137352,5.80310040824711,6.3831752999985,6.67321274587419,6.96325019174988,7.25328763762557,7.54332508350126,8.12339997525264,8.70386678212624,8.99410018556304,9.28433358899984),.UNSPECIFIED.);
#1203=VERTEX_POINT('',#1750);
#1204=CIRCLE('',#1751,4.188);
#1205=VERTEX_POINT('',#1752);
#1206=LINE('',#1753,#1754);
#1207=VERTEX_POINT('',#1755);
#1208=B_SPLINE_CURVE_WITH_KNOTS('',3,(#1756,#1757,#1758,#1759,#1760,#1761,#1762,#1763,#1764,#1765,#1766,#1767,#1768,#1769,#1770,#1771,#1772,#1773,#1774,#1775,#1776,#1777,#1778,#1779,#1780,#1781),.UNSPECIFIED.,.F.,.F.,(4,2,2,2,2,2,2,2,2,2,2,2,4),(4.64216679449992,4.93240019793671,5.22263360137351,5.80310040824711,6.38317529999849,6.67321274587418,6.96325019174987,7.25328763762556,7.54332508350126,8.12339997525264,8.70386678212623,8.99410018556303,9.28433358899983),.UNSPECIFIED.);
#1209=VERTEX_POINT('',#1782);
#1210=LINE('',#1783,#1784);
#1211=VERTEX_POINT('',#1785);
#1212=CIRCLE('',#1786,4.188);
#1213=VERTEX_POINT('',#1787);
#1214=LINE('',#1788,#1789);
#1215=VERTEX_POINT('',#1790);
#1216=B_SPLINE_CURVE_WITH_KNOTS('',3,(#1791,#1792,#1793,#1794,#1795,#1796,#1797,#1798,#1799,#1800,#1801,#1802,#1803,#1804,#1805,#1806,#1807,#1808,#1809,#1810,#1811,#1812,#1813,#1814,#1815,#1816),.UNSPECIFIED.,.F.,.F.,(4,2,2,2,2,2,2,2,2,2,2,2,4),(4.6421667944999,4.9324001979367,5.2226336013735,5.80310040824709,6.38317529999848,6.67321274587417,6.96325019174986,7.25328763762555,7.54332508350124,8.12339997525262,8.70386678212621,8.99410018556301,9.28433358899981),.UNSPECIFIED.);
#1217=LINE('',#1817,#1818);
#1218=CIRCLE('',#1819,4.188);
#1219=FILL_AREA_STYLE_COLOUR('',#1820);
#1220=CIRCLE('',#1821,1.525);
#1221=LINE('',#1822,#1823);
#1222=LINE('',#1824,#1825);
#1223=FILL_AREA_STYLE_COLOUR('',#1826);
#1224=VERTEX_POINT('',#1827);
#1225=LINE('',#1828,#1829);
#1226=LINE('',#1830,#1831);
#1227=FILL_AREA_STYLE_COLOUR('',#1832);
#1228=VERTEX_POINT('',#1833);
#1229=VERTEX_POINT('',#1834);
#1230=LINE('',#1835,#1836);
#1231=LINE('',#1837,#1838);
#1232=VERTEX_POINT('',#1839);
#1233=LINE('',#1840,#1841);
#1234=(B_SPLINE_CURVE(2,(#1843,#1844,#1845),.UNSPECIFIED.,.F.,.F.)B_SPLINE_CURVE_WITH_KNOTS((3,3),(1.14439441868751,1.31941754723026),.UNSPECIFIED.)RATIONAL_B_SPLINE_CURVE((1.00528870951987,1.00537062087412,1.00535388165756))BOUNDED_CURVE()REPRESENTATION_ITEM('')GEOMETRIC_REPRESENTATION_ITEM()CURVE());
#1235=FILL_AREA_STYLE_COLOUR('',#1852);
#1236=VERTEX_POINT('',#1853);
#1237=LINE('',#1854,#1855);
#1238=LINE('',#1856,#1857);
#1239=FILL_AREA_STYLE_COLOUR('',#1858);
#1240=VERTEX_POINT('',#1859);
#1241=LINE('',#1860,#1861);
#1242=VERTEX_POINT('',#1862);
#1243=(B_SPLINE_CURVE(2,(#1864,#1865,#1866),.UNSPECIFIED.,.F.,.F.)B_SPLINE_CURVE_WITH_KNOTS((3,3),(1.14439441870849,1.3194175472514),.UNSPECIFIED.)RATIONAL_B_SPLINE_CURVE((1.00528870951697,1.00537062087116,1.00535388165461))BOUNDED_CURVE()REPRESENTATION_ITEM('')GEOMETRIC_REPRESENTATION_ITEM()CURVE());
#1244=VERTEX_POINT('',#1873);
#1245=LINE('',#1874,#1875);
#1246=LINE('',#1876,#1877);
#1247=FILL_AREA_STYLE_COLOUR('',#1878);
#1248=CIRCLE('',#1879,1.525);
#1249=FILL_AREA_STYLE_COLOUR('',#1880);
#1250=VERTEX_POINT('',#1881);
#1251=(B_SPLINE_CURVE(2,(#1883,#1884,#1885),.UNSPECIFIED.,.F.,.F.)B_SPLINE_CURVE_WITH_KNOTS((3,3),(8.67402945404503,22.9292997777342),.UNSPECIFIED.)RATIONAL_B_SPLINE_CURVE((1.43434699172574,1.65624124356837,1.43434699172574))BOUNDED_CURVE()REPRESENTATION_ITEM('')GEOMETRIC_REPRESENTATION_ITEM()CURVE());
#1252=VERTEX_POINT('',#1892);
#1253=LINE('',#1893,#1894);
#1254=(B_SPLINE_CURVE(2,(#1896,#1897,#1898),.UNSPECIFIED.,.F.,.F.)B_SPLINE_CURVE_WITH_KNOTS((3,3),(8.67402945404502,22.9292997777342),.UNSPECIFIED.)RATIONAL_B_SPLINE_CURVE((1.43434699172574,1.65624124356837,1.43434699172574))BOUNDED_CURVE()REPRESENTATION_ITEM('')GEOMETRIC_REPRESENTATION_ITEM()CURVE());
#1255=FILL_AREA_STYLE_COLOUR('',#1905);
#1256=LINE('',#1906,#1907);
#1257=FILL_AREA_STYLE_COLOUR('',#1908);
#1258=VERTEX_POINT('',#1909);
#1259=CIRCLE('',#1910,8.469);
#1260=VERTEX_POINT('',#1911);
#1261=(B_SPLINE_CURVE(2,(#1913,#1914,#1915),.UNSPECIFIED.,.F.,.F.)B_SPLINE_CURVE_WITH_KNOTS((3,3),(1.26002103226249,1.43504416080534),.UNSPECIFIED.)RATIONAL_B_SPLINE_CURVE((1.00535388165173,1.00537062086829,1.00528870951415))BOUNDED_CURVE()REPRESENTATION_ITEM('')GEOMETRIC_REPRESENTATION_ITEM()CURVE());
#1262=VERTEX_POINT('',#1922);
#1263=(B_SPLINE_CURVE(2,(#1924,#1925,#1926),.UNSPECIFIED.,.F.,.F.)B_SPLINE_CURVE_WITH_KNOTS((3,3),(8.67402945404501,22.9292997777342),.UNSPECIFIED.)RATIONAL_B_SPLINE_CURVE((1.43434699172574,1.65624124356837,1.43434699172574))BOUNDED_CURVE()REPRESENTATION_ITEM('')GEOMETRIC_REPRESENTATION_ITEM()CURVE());
#1264=(B_SPLINE_CURVE(2,(#1934,#1935,#1936),.UNSPECIFIED.,.F.,.F.)B_SPLINE_CURVE_WITH_KNOTS((3,3),(8.67402945404501,22.9292997777342),.UNSPECIFIED.)RATIONAL_B_SPLINE_CURVE((1.43434699172574,1.65624124356838,1.43434699172574))BOUNDED_CURVE()REPRESENTATION_ITEM('')GEOMETRIC_REPRESENTATION_ITEM()CURVE());
#1265=FILL_AREA_STYLE_COLOUR('',#1943);
#1266=CIRCLE('',#1944,1.525);
#1267=LINE('',#1945,#1946);
#1268=LINE('',#1947,#1948);
#1269=FILL_AREA_STYLE_COLOUR('',#1949);
#1270=FILL_AREA_STYLE_COLOUR('',#1950);
#1271=LINE('',#1951,#1952);
#1272=FILL_AREA_STYLE_COLOUR('',#1953);
#1273=VERTEX_POINT('',#1954);
#1274=LINE('',#1955,#1956);
#1275=LINE('',#1957,#1958);
#1276=FILL_AREA_STYLE_COLOUR('',#1959);
#1277=VERTEX_POINT('',#1960);
#1278=VERTEX_POINT('',#1961);
#1279=LINE('',#1962,#1963);
#1280=VERTEX_POINT('',#1964);
#1281=(B_SPLINE_CURVE(2,(#1966,#1967,#1968),.UNSPECIFIED.,.F.,.F.)B_SPLINE_CURVE_WITH_KNOTS((3,3),(1.26002103226246,1.43504416080538),.UNSPECIFIED.)RATIONAL_B_SPLINE_CURVE((1.00535388165215,1.00537062086871,1.00528870951456))BOUNDED_CURVE()REPRESENTATION_ITEM('')GEOMETRIC_REPRESENTATION_ITEM()CURVE());
#1282=LINE('',#1975,#1976);
#1283=LINE('',#1977,#1978);
#1284=FILL_AREA_STYLE_COLOUR('',#1979);
#1285=VERTEX_POINT('',#1980);
#1286=LINE('',#1981,#1982);
#1287=LINE('',#1983,#1984);
#1288=FILL_AREA_STYLE_COLOUR('',#1985);
#1289=VERTEX_POINT('',#1986);
#1290=LINE('',#1987,#1988);
#1291=LINE('',#1989,#1990);
#1292=FILL_AREA_STYLE_COLOUR('',#1991);
#1293=CIRCLE('',#1992,1.525);
#1294=FILL_AREA_STYLE_COLOUR('',#1993);
#1295=FILL_AREA_STYLE_COLOUR('',#1994);
#1296=CIRCLE('',#1995,8.469);
#1297=(B_SPLINE_CURVE(2,(#1997,#1998,#1999),.UNSPECIFIED.,.F.,.F.)B_SPLINE_CURVE_WITH_KNOTS((3,3),(8.67402945404501,22.9292997777342),.UNSPECIFIED.)RATIONAL_B_SPLINE_CURVE((1.43434699172575,1.65624124356838,1.43434699172574))BOUNDED_CURVE()REPRESENTATION_ITEM('')GEOMETRIC_REPRESENTATION_ITEM()CURVE());
#1298=FILL_AREA_STYLE_COLOUR('',#2006);
#1299=FILL_AREA_STYLE_COLOUR('',#2007);
#1300=CIRCLE('',#2008,1.525);
#1301=FILL_AREA_STYLE_COLOUR('',#2009);
#1302=FILL_AREA_STYLE_COLOUR('',#2010);
#1303=CIRCLE('',#2011,1.525);
#1304=FILL_AREA_STYLE_COLOUR('',#2012);
#1305=VERTEX_POINT('',#2013);
#1306=LINE('',#2014,#2015);
#1307=(B_SPLINE_CURVE(2,(#2017,#2018,#2019),.UNSPECIFIED.,.F.,.F.)B_SPLINE_CURVE_WITH_KNOTS((3,3),(8.67402945404502,22.9292997777342),.UNSPECIFIED.)RATIONAL_B_SPLINE_CURVE((1.43434699172574,1.65624124356837,1.43434699172574))BOUNDED_CURVE()REPRESENTATION_ITEM('')GEOMETRIC_REPRESENTATION_ITEM()CURVE());
#1308=FILL_AREA_STYLE_COLOUR('',#2026);
#1309=(B_SPLINE_CURVE(2,(#2028,#2029,#2030),.UNSPECIFIED.,.F.,.F.)B_SPLINE_CURVE_WITH_KNOTS((3,3),(8.67402945404505,22.9292997777342),.UNSPECIFIED.)RATIONAL_B_SPLINE_CURVE((1.43434699172574,1.65624124356837,1.43434699172574))BOUNDED_CURVE()REPRESENTATION_ITEM('')GEOMETRIC_REPRESENTATION_ITEM()CURVE());
#1310=(B_SPLINE_CURVE(2,(#2038,#2039,#2040),.UNSPECIFIED.,.F.,.F.)B_SPLINE_CURVE_WITH_KNOTS((3,3),(8.67402945404503,22.9292997777342),.UNSPECIFIED.)RATIONAL_B_SPLINE_CURVE((1.43434699172574,1.65624124356837,1.43434699172574))BOUNDED_CURVE()REPRESENTATION_ITEM('')GEOMETRIC_REPRESENTATION_ITEM()CURVE());
#1311=FILL_AREA_STYLE_COLOUR('',#2047);
#1312=CIRCLE('',#2048,7.15);
#1313=FILL_AREA_STYLE_COLOUR('',#2049);
#1314=FILL_AREA_STYLE_COLOUR('',#2050);
#1315=CIRCLE('',#2051,5.4);
#1316=FILL_AREA_STYLE_COLOUR('',#2052);
#1317=FILL_AREA_STYLE_COLOUR('',#2053);
#1318=COLOUR_RGB('',0.689999997615814,0.689999997615814,0.689999997615814);
#1319=CARTESIAN_POINT('',(3.33066907387547E-016,-5.4,0.0));
#1320=CARTESIAN_POINT('',(0.324754421226523,-4.188,0.0));
#1321=CARTESIAN_POINT('',(0.162377210613261,-4.794,5.87076286022448E-016));
#1322=VECTOR('',#2054,1.0);
#1323=CARTESIAN_POINT('',(-3.30643715532042E-016,5.4,-6.61287431064084E-016));
#1324=AXIS2_PLACEMENT_3D('',#2055,#2056,#2057);
#1325=CARTESIAN_POINT('',(0.324754421226522,4.188,-5.12865140980812E-016));
#1326=CARTESIAN_POINT('',(0.162377210613261,4.794,-5.87076286022448E-016));
#1327=VECTOR('',#2058,1.0);
#1328=AXIS2_PLACEMENT_3D('',#2059,#2060,#2061);
#1329=COLOUR_RGB('',0.689999997615814,0.689999997615814,0.689999997615814);
#1330=CARTESIAN_POINT('',(12.0,8.469,-1.03711912105217E-015));
#1331=CARTESIAN_POINT('',(11.6393525582519,9.81495457622364,0.0));
#1332=CARTESIAN_POINT('',(10.7539022805991,13.1195,-1.60662230589727E-015));
#1333=VECTOR('',#2062,1.0);
#1334=CARTESIAN_POINT('',(12.0,7.97698210199457,-2.84459444287904));
#1335=AXIS2_PLACEMENT_3D('',#2063,#2064,#2065);
#1336=CARTESIAN_POINT('',(11.9553280523622,8.12371593216773,-2.92931125922873));
#1338=CARTESIAN_POINT('',(12.0,7.97698210199457,-2.84459444287904));
#1339=CARTESIAN_POINT('',(11.9778888828553,8.04963391708626,-2.88653998787933));
#1340=CARTESIAN_POINT('',(11.9553280523622,8.12371593216773,-2.92931125922873));
#1348=CARTESIAN_POINT('',(11.6393525582519,4.90747728811182,-8.5));
#1349=CARTESIAN_POINT('',(12.2968298463637,7.36121593216773,-4.25));
#1350=CARTESIAN_POINT('',(11.6393525582519,9.81495457622364,0.0));
#1357=COLOUR_RGB('',0.689999997615814,0.689999997615814,0.689999997615814);
#1358=CARTESIAN_POINT('',(4.377967714915E-016,-7.15,0.0));
#1359=CARTESIAN_POINT('',(0.714072426564749,-9.81495457622364,0.0));
#1360=CARTESIAN_POINT('',(1.42281021180926,-12.46,1.52585951686268E-015));
#1361=VECTOR('',#2066,1.0);
#1362=CARTESIAN_POINT('',(-4.377967714915E-016,7.15,-8.75593542983E-016));
#1363=AXIS2_PLACEMENT_3D('',#2067,#2068,#2069);
#1364=CARTESIAN_POINT('',(0.714072426564748,9.81495457622364,0.0));
#1365=CARTESIAN_POINT('',(1.42281021180926,12.46,-1.52585951686268E-015));
#1366=VECTOR('',#2070,1.0);
#1367=CARTESIAN_POINT('',(0.714072426564748,4.90747728811182,-8.5));
#1369=CARTESIAN_POINT('',(0.714072426564748,9.81495457622364,0.0));
#1370=CARTESIAN_POINT('',(0.0565951384529288,7.36121593216773,-4.25));
#1371=CARTESIAN_POINT('',(0.714072426564748,4.90747728811182,-8.5));
#1378=CARTESIAN_POINT('',(0.714072426564749,-4.90747728811182,-8.5));
#1380=CARTESIAN_POINT('',(0.714072426564748,4.90747728811182,-8.5));
#1381=CARTESIAN_POINT('',(0.0565951384529296,-2.44249065417534E-015,-8.5));
#1382=CARTESIAN_POINT('',(0.714072426564749,-4.90747728811182,-8.5));
#1390=CARTESIAN_POINT('',(0.714072426564749,-4.90747728811182,-8.5));
#1391=CARTESIAN_POINT('',(0.0565951384529299,-7.36121593216773,-4.25));
#1392=CARTESIAN_POINT('',(0.714072426564749,-9.81495457622364,0.0));
#1399=COLOUR_RGB('',0.689999997615814,0.689999997615814,0.689999997615814);
#1400=CARTESIAN_POINT('',(12.0,-4.188,5.12865140980812E-016));
#1401=CARTESIAN_POINT('',(6.16237721061326,-4.188,5.12865140980812E-016));
#1402=VECTOR('',#2071,1.0);
#1403=CARTESIAN_POINT('',(12.0,4.188,-5.12865140980812E-016));
#1404=CARTESIAN_POINT('',(6.16237721061326,4.188,-5.12865140980812E-016));
#1405=VECTOR('',#2072,1.0);
#1406=CARTESIAN_POINT('',(12.0,4.1404119659932,0.629549642093761));
#1407=AXIS2_PLACEMENT_3D('',#2073,#2074,#2075);
#1408=CARTESIAN_POINT('',(9.525,4.14041196599319,0.629549642093764));
#1409=CARTESIAN_POINT('',(10.7625,4.14041196599319,0.62954964209376));
#1410=VECTOR('',#2076,1.0);
#1411=CARTESIAN_POINT('',(9.525,2.61541196599319,3.2709271236363));
#1412=CARTESIAN_POINT('',(9.525,4.14041196599319,0.629549642093764));
#1413=CARTESIAN_POINT('',(9.42825553218773,4.14041196599319,0.629549642093763));
#1414=CARTESIAN_POINT('',(9.3285289107536,4.13893947084642,0.639500479233612));
#1415=CARTESIAN_POINT('',(9.13076285904176,4.13235072095796,0.680777734992751));
#1416=CARTESIAN_POINT('',(9.0327198359083,4.12722620605081,0.712085618580611));
#1417=CARTESIAN_POINT('',(8.75138767972717,4.10487307142086,0.834405658223348));
#1418=CARTESIAN_POINT('',(8.58111363704594,4.07999295637063,0.955176551294682));
#1419=CARTESIAN_POINT('',(8.31230145825201,4.007619962861,1.22378955158609));
#1420=CARTESIAN_POINT('',(8.19520129580573,3.95509890661247,1.39012289435091));
#1421=CARTESIAN_POINT('',(8.07805319485474,3.8488274144111,1.65373752151649));
#1422=CARTESIAN_POINT('',(8.04837439236621,3.80891543537135,1.74394235729641));
#1423=CARTESIAN_POINT('',(8.00934220428637,3.72213320624898,1.92221126162746));
#1424=CARTESIAN_POINT('',(8.0,3.67525396536184,2.0102734012743));
#1425=CARTESIAN_POINT('',(8.0,3.57857481673661,2.1777265987257));
#1426=CARTESIAN_POINT('',(8.00934220428637,3.5257503871344,2.26235628206752));
#1427=CARTESIAN_POINT('',(8.04837439236621,3.41475610184008,2.42664634925006));
#1428=CARTESIAN_POINT('',(8.07805319485474,3.35659241203034,2.50631355490375));
#1429=CARTESIAN_POINT('',(8.19520129580573,3.18143119419647,2.73015468043101));
#1430=CARTESIAN_POINT('',(8.31230145825201,3.06364282199002,2.85880592075823));
#1431=CARTESIAN_POINT('',(8.58111363704594,2.86720363670571,3.05578927183121));
#1432=CARTESIAN_POINT('',(8.75138767972717,2.77505303279332,3.13772153004945));
#1433=CARTESIAN_POINT('',(9.0327198359083,2.68029733838576,3.21823993231457));
#1434=CARTESIAN_POINT('',(9.13076285904176,2.65574617331353,3.23833183420016));
#1435=CARTESIAN_POINT('',(9.3285289107536,2.62329339617183,3.26467648686232));
#1436=CARTESIAN_POINT('',(9.42825553218773,2.61541196599319,3.2709271236363));
#1437=CARTESIAN_POINT('',(9.525,2.61541196599319,3.2709271236363));
#1438=CARTESIAN_POINT('',(12.0,2.6154119659932,3.2709271236363));
#1439=CARTESIAN_POINT('',(10.7625,2.61541196599319,3.2709271236363));
#1440=VECTOR('',#2077,1.0);
#1441=CARTESIAN_POINT('',(12.0,1.525,3.90047676573006));
#1442=AXIS2_PLACEMENT_3D('',#2078,#2079,#2080);
#1443=CARTESIAN_POINT('',(9.525,1.525,3.90047676573006));
#1444=CARTESIAN_POINT('',(10.7625,1.525,3.90047676573006));
#1445=VECTOR('',#2081,1.0);
#1446=CARTESIAN_POINT('',(9.525,-1.525,3.90047676573006));
#1447=CARTESIAN_POINT('',(9.525,1.525,3.90047676573006));
#1448=CARTESIAN_POINT('',(9.42825553218773,1.525,3.90047676573006));
#1449=CARTESIAN_POINT('',(9.3285289107536,1.51564607467458,3.90417696609592));
#1450=CARTESIAN_POINT('',(9.13076285904176,1.47660454764443,3.91910956919291));
#1451=CARTESIAN_POINT('',(9.0327198359083,1.44692886766504,3.93032555089518));
#1452=CARTESIAN_POINT('',(8.75138767972717,1.32982003862754,3.9721271882728));
#1453=CARTESIAN_POINT('',(8.58111363704594,1.21278931966491,4.01096582312588));
#1454=CARTESIAN_POINT('',(8.31230145825201,0.943977140870977,4.08259547234432));
#1455=CARTESIAN_POINT('',(8.19520129580573,0.773667712415997,4.12027757478191));
#1456=CARTESIAN_POINT('',(8.07805319485474,0.492235002380757,4.16005107642024));
#1457=CARTESIAN_POINT('',(8.04837439236621,0.394159333531267,4.17058870654646));
#1458=CARTESIAN_POINT('',(8.00934220428637,0.196382819114574,4.18456754369497));
#1459=CARTESIAN_POINT('',(8.0,0.0966791486252271,4.188));
#1460=CARTESIAN_POINT('',(8.0,-0.0966791486252336,4.188));
#1461=CARTESIAN_POINT('',(8.00934220428637,-0.196382819114581,4.18456754369497));
#1462=CARTESIAN_POINT('',(8.04837439236621,-0.394159333531274,4.17058870654646));
#1463=CARTESIAN_POINT('',(8.07805319485474,-0.492235002380763,4.16005107642023));
#1464=CARTESIAN_POINT('',(8.19520129580573,-0.773667712416003,4.12027757478191));
#1465=CARTESIAN_POINT('',(8.31230145825201,-0.943977140870984,4.08259547234432));
#1466=CARTESIAN_POINT('',(8.58111363704594,-1.21278931966492,4.01096582312588));
#1467=CARTESIAN_POINT('',(8.75138767972717,-1.32982003862754,3.97212718827279));
#1468=CARTESIAN_POINT('',(9.0327198359083,-1.44692886766505,3.93032555089517));
#1469=CARTESIAN_POINT('',(9.13076285904176,-1.47660454764443,3.91910956919291));
#1470=CARTESIAN_POINT('',(9.3285289107536,-1.51564607467458,3.90417696609592));
#1471=CARTESIAN_POINT('',(9.42825553218773,-1.525,3.90047676573006));
#1472=CARTESIAN_POINT('',(9.525,-1.525,3.90047676573006));
#1473=CARTESIAN_POINT('',(12.0,-1.525,3.90047676573006));
#1474=CARTESIAN_POINT('',(10.7625,-1.525,3.90047676573006));
#1475=VECTOR('',#2082,1.0);
#1476=CARTESIAN_POINT('',(12.0,-2.61541196599319,3.2709271236363));
#1477=AXIS2_PLACEMENT_3D('',#2083,#2084,#2085);
#1478=CARTESIAN_POINT('',(9.525,-2.6154119659932,3.27092712363629));
#1479=CARTESIAN_POINT('',(10.7625,-2.61541196599319,3.2709271236363));
#1480=VECTOR('',#2086,1.0);
#1481=CARTESIAN_POINT('',(9.525,-4.14041196599319,0.629549642093759));
#1482=CARTESIAN_POINT('',(9.525,-2.6154119659932,3.27092712363629));
#1483=CARTESIAN_POINT('',(9.42825553218773,-2.6154119659932,3.27092712363629));
#1484=CARTESIAN_POINT('',(9.32852891075361,-2.62329339617184,3.26467648686231));
#1485=CARTESIAN_POINT('',(9.13076285904177,-2.65574617331354,3.23833183420016));
#1486=CARTESIAN_POINT('',(9.03271983590831,-2.68029733838577,3.21823993231456));
#1487=CARTESIAN_POINT('',(8.75138767972718,-2.77505303279333,3.13772153004944));
#1488=CARTESIAN_POINT('',(8.58111363704595,-2.86720363670572,3.0557892718312));
#1489=CARTESIAN_POINT('',(8.31230145825202,-3.06364282199002,2.85880592075822));
#1490=CARTESIAN_POINT('',(8.19520129580573,-3.18143119419648,2.730154680431));
#1491=CARTESIAN_POINT('',(8.07805319485474,-3.35659241203035,2.50631355490374));
#1492=CARTESIAN_POINT('',(8.04837439236622,-3.41475610184009,2.42664634925005));
#1493=CARTESIAN_POINT('',(8.00934220428637,-3.52575038713441,2.26235628206751));
#1494=CARTESIAN_POINT('',(8.0,-3.57857481673662,2.1777265987257));
#1495=CARTESIAN_POINT('',(8.0,-3.67525396536185,2.01027340127429));
#1496=CARTESIAN_POINT('',(8.00934220428637,-3.72213320624898,1.92221126162745));
#1497=CARTESIAN_POINT('',(8.04837439236622,-3.80891543537136,1.7439423572964));
#1498=CARTESIAN_POINT('',(8.07805319485474,-3.8488274144111,1.65373752151648));
#1499=CARTESIAN_POINT('',(8.19520129580573,-3.95509890661247,1.3901228943509));
#1500=CARTESIAN_POINT('',(8.31230145825202,-4.007619962861,1.22378955158608));
#1501=CARTESIAN_POINT('',(8.58111363704595,-4.07999295637063,0.955176551294676));
#1502=CARTESIAN_POINT('',(8.75138767972718,-4.10487307142086,0.834405658223339));
#1503=CARTESIAN_POINT('',(9.03271983590831,-4.12722620605081,0.712085618580604));
#1504=CARTESIAN_POINT('',(9.13076285904177,-4.13235072095796,0.680777734992743));
#1505=CARTESIAN_POINT('',(9.32852891075361,-4.13893947084642,0.639500479233605));
#1506=CARTESIAN_POINT('',(9.42825553218774,-4.14041196599319,0.629549642093759));
#1507=CARTESIAN_POINT('',(9.525,-4.14041196599319,0.629549642093759));
#1508=CARTESIAN_POINT('',(12.0,-4.1404119659932,0.629549642093761));
#1509=CARTESIAN_POINT('',(10.7625,-4.14041196599319,0.62954964209376));
#1510=VECTOR('',#2087,1.0);
#1511=AXIS2_PLACEMENT_3D('',#2088,#2089,#2090);
#1512=COLOUR_RGB('',0.689999997615814,0.689999997615814,0.689999997615814);
#1513=CARTESIAN_POINT('',(11.6393525582519,-9.81495457622364,0.0));
#1514=CARTESIAN_POINT('',(12.0,-8.469,1.03711912105217E-015));
#1515=CARTESIAN_POINT('',(10.7539022805991,-13.1195,1.60662230589727E-015));
#1516=VECTOR('',#2091,1.0);
#1517=CARTESIAN_POINT('',(11.9553280523621,-8.12371593216773,-2.92931125922873));
#1519=CARTESIAN_POINT('',(11.6393525582519,-9.81495457622364,0.0));
#1520=CARTESIAN_POINT('',(12.2968298463637,-7.36121593216772,-4.25000000000001));
#1521=CARTESIAN_POINT('',(11.6393525582519,-4.90747728811182,-8.5));
#1528=CARTESIAN_POINT('',(12.0,-7.97698210199457,-2.84459444287903));
#1530=CARTESIAN_POINT('',(11.9553280523621,-8.12371593216773,-2.92931125922873));
#1531=CARTESIAN_POINT('',(11.9778888828555,-8.0496339170856,-2.88653998787895));
#1532=CARTESIAN_POINT('',(12.0,-7.97698210199457,-2.84459444287903));
#1539=AXIS2_PLACEMENT_3D('',#2092,#2093,#2094);
#1540=COLOUR_RGB('',0.689999997615814,0.689999997615814,0.689999997615814);
#1541=CARTESIAN_POINT('',(9.525,-2.6154119659932,-3.2709271236363));
#1542=CARTESIAN_POINT('',(12.0,-2.61541196599319,-3.2709271236363));
#1543=CARTESIAN_POINT('',(10.7625,-2.61541196599319,-3.2709271236363));
#1544=VECTOR('',#2095,1.0);
#1545=CARTESIAN_POINT('',(9.525,-6.59871593215704,-5.5706887407651));
#1546=CARTESIAN_POINT('',(9.525,-4.6067604328383,-4.42063269701967));
#1547=VECTOR('',#2096,1.0);
#1548=CARTESIAN_POINT('',(11.9553280523622,-6.59871593216773,-5.57068874077127));
#1549=CARTESIAN_POINT('',(4.7625,-6.59871593216773,-5.57068874077127));
#1550=VECTOR('',#2097,1.0);
#1551=CARTESIAN_POINT('',(12.0,-6.45198210199457,-5.48597192442157));
#1553=CARTESIAN_POINT('',(12.0,-6.45198210199457,-5.48597192442157));
#1554=CARTESIAN_POINT('',(11.9778888828553,-6.52463391708627,-5.52791746942188));
#1555=CARTESIAN_POINT('',(11.9553280523622,-6.59871593216773,-5.57068874077127));
#1562=CARTESIAN_POINT('',(12.0,5.72085021813935,1.54201609240793));
#1563=VECTOR('',#2098,1.0);
#1564=COLOUR_RGB('',0.689999997615814,0.689999997615814,0.689999997615814);
#1565=CARTESIAN_POINT('',(9.525,8.12371593217841,2.9293112592349));
#1566=CARTESIAN_POINT('',(11.9553280523621,8.12371593216773,2.92931125922873));
#1567=CARTESIAN_POINT('',(4.7625,8.12371593216773,2.92931125922873));
#1568=VECTOR('',#2099,1.0);
#1569=CARTESIAN_POINT('',(9.525,6.13176043283831,1.77925521547713));
#1570=VECTOR('',#2100,1.0);
#1571=CARTESIAN_POINT('',(12.0,7.97698210199457,2.84459444287903));
#1572=CARTESIAN_POINT('',(12.0,5.72085021813935,1.54201609240793));
#1573=VECTOR('',#2101,1.0);
#1575=CARTESIAN_POINT('',(11.9553280523621,8.12371593216773,2.92931125922873));
#1576=CARTESIAN_POINT('',(11.9778888828555,8.04963391708557,2.88653998787894));
#1577=CARTESIAN_POINT('',(12.0,7.97698210199457,2.84459444287903));
#1584=COLOUR_RGB('',0.689999997615814,0.689999997615814,0.689999997615814);
#1585=CARTESIAN_POINT('',(12.0,-4.1404119659932,-0.629549642093761));
#1586=CARTESIAN_POINT('',(9.525,-4.14041196599319,-0.629549642093757));
#1587=CARTESIAN_POINT('',(10.7625,-4.14041196599319,-0.62954964209376));
#1588=VECTOR('',#2102,1.0);
#1589=CARTESIAN_POINT('',(12.0,-10.4672252181394,-4.28233697633284));
#1590=VECTOR('',#2103,1.0);
#1591=CARTESIAN_POINT('',(9.525,-8.12371593216773,-2.92931125922873));
#1592=CARTESIAN_POINT('',(4.7625,-8.12371593216773,-2.92931125922873));
#1593=VECTOR('',#2104,1.0);
#1594=CARTESIAN_POINT('',(9.525,-6.1317604328383,-1.77925521547713));
#1595=VECTOR('',#2105,1.0);
#1596=COLOUR_RGB('',0.689999997615814,0.689999997615814,0.689999997615814);
#1597=CARTESIAN_POINT('',(11.9553280523621,6.59871593216773,5.57068874077127));
#1598=CARTESIAN_POINT('',(9.525,6.59871593216773,5.57068874077127));
#1599=CARTESIAN_POINT('',(4.7625,6.59871593216773,5.57068874077127));
#1600=VECTOR('',#2106,1.0);
#1601=CARTESIAN_POINT('',(12.0,6.45198210199457,5.48597192442157));
#1603=CARTESIAN_POINT('',(12.0,6.45198210199457,5.48597192442157));
#1604=CARTESIAN_POINT('',(11.9778888828553,6.5246339170863,5.5279174694219));
#1605=CARTESIAN_POINT('',(11.9553280523621,6.59871593216773,5.57068874077127));
#1612=CARTESIAN_POINT('',(12.0,-10.4672252181394,-4.28233697633284));
#1613=VECTOR('',#2107,1.0);
#1614=CARTESIAN_POINT('',(9.525,4.6067604328383,4.42063269701967));
#1615=VECTOR('',#2108,1.0);
#1616=COLOUR_RGB('',0.689999997615814,0.689999997615814,0.689999997615814);
#1617=CARTESIAN_POINT('',(12.0,1.525,8.33056636730061));
#1618=AXIS2_PLACEMENT_3D('',#2109,#2110,#2111);
#1619=CARTESIAN_POINT('',(12.0,1.525,8.4657305502833));
#1620=VECTOR('',#2112,1.0);
#1621=COLOUR_RGB('',0.689999997615814,0.689999997615814,0.689999997615814);
#1622=CARTESIAN_POINT('',(12.0,4.1404119659932,-0.629549642093763));
#1623=AXIS2_PLACEMENT_3D('',#2113,#2114,#2115);
#1624=CARTESIAN_POINT('',(12.0,-8.94222521813935,6.92371445787538));
#1625=VECTOR('',#2116,1.0);
#1626=AXIS2_PLACEMENT_3D('',#2117,#2118,#2119);
#1627=COLOUR_RGB('',0.689999997615814,0.689999997615814,0.689999997615814);
#1628=CARTESIAN_POINT('',(11.6393525582519,4.90747728811182,8.5));
#1630=CARTESIAN_POINT('',(11.6393525582519,9.81495457622364,0.0));
#1631=CARTESIAN_POINT('',(12.2968298463637,7.36121593216773,4.25));
#1632=CARTESIAN_POINT('',(11.6393525582519,4.90747728811182,8.5));
#1639=CARTESIAN_POINT('',(11.9553280523622,1.525,8.5));
#1641=CARTESIAN_POINT('',(11.6393525582519,4.90747728811182,8.5));
#1642=CARTESIAN_POINT('',(12.2968298463637,5.10702591327572E-015,8.5));
#1643=CARTESIAN_POINT('',(11.6393525582519,-4.90747728811182,8.5));
#1651=CARTESIAN_POINT('',(11.9553280523622,1.525,8.5));
#1652=CARTESIAN_POINT('',(11.9778888828555,1.525,8.41445745730073));
#1653=CARTESIAN_POINT('',(12.0,1.525,8.33056636730061));
#1660=COLOUR_RGB('',0.689999997615814,0.689999997615814,0.689999997615814);
#1661=CARTESIAN_POINT('',(12.0,-7.97698210199457,2.84459444287904));
#1662=AXIS2_PLACEMENT_3D('',#2120,#2121,#2122);
#1663=CARTESIAN_POINT('',(11.9553280523621,-8.12371593216773,2.92931125922873));
#1665=CARTESIAN_POINT('',(12.0,-7.97698210199457,2.84459444287904));
#1666=CARTESIAN_POINT('',(11.9778888828553,-8.04963391708643,2.88653998787944));
#1667=CARTESIAN_POINT('',(11.9553280523621,-8.12371593216773,2.92931125922873));
#1675=CARTESIAN_POINT('',(11.6393525582519,-4.90747728811182,8.5));
#1676=CARTESIAN_POINT('',(12.2968298463637,-7.36121593216772,4.25));
#1677=CARTESIAN_POINT('',(11.6393525582519,-9.81495457622364,0.0));
#1684=COLOUR_RGB('',0.689999997615814,0.689999997615814,0.689999997615814);
#1685=CARTESIAN_POINT('',(11.6393525582519,-4.90747728811182,-8.5));
#1687=CARTESIAN_POINT('',(11.6393525582519,-9.81495457622364,0.0));
#1688=CARTESIAN_POINT('',(12.2968298463637,-7.36121593216772,-4.25000000000001));
#1689=CARTESIAN_POINT('',(11.6393525582519,-4.90747728811182,-8.5));
#1696=CARTESIAN_POINT('',(11.9553280523622,-1.525,-8.5));
#1698=CARTESIAN_POINT('',(11.6393525582519,-4.90747728811182,-8.5));
#1699=CARTESIAN_POINT('',(12.2968298463637,9.99200722162641E-015,-8.5));
#1700=CARTESIAN_POINT('',(11.6393525582519,4.90747728811182,-8.5));
#1707=CARTESIAN_POINT('',(12.0,-1.525,-8.33056636730061));
#1709=CARTESIAN_POINT('',(11.9553280523622,-1.525,-8.5));
#1710=CARTESIAN_POINT('',(11.9778888828555,-1.525,-8.41445745730073));
#1711=CARTESIAN_POINT('',(12.0,-1.525,-8.33056636730061));
#1718=AXIS2_PLACEMENT_3D('',#2123,#2124,#2125);
#1719=COLOUR_RGB('',0.689999997615814,0.689999997615814,0.689999997615814);
#1720=AXIS2_PLACEMENT_3D('',#2126,#2127,#2128);
#1721=CARTESIAN_POINT('',(12.0,4.19585021813935,-4.18339357395046));
#1722=VECTOR('',#2129,1.0);
#1723=COLOUR_RGB('',0.689999997615814,0.689999997615814,0.689999997615814);
#1724=CARTESIAN_POINT('',(9.525,-4.14041196599319,-0.629549642093756));
#1725=CARTESIAN_POINT('',(9.42825553218773,-4.14041196599319,-0.629549642093756));
#1726=CARTESIAN_POINT('',(9.3285289107536,-4.13893947084642,-0.639500479233604));
#1727=CARTESIAN_POINT('',(9.13076285904176,-4.13235072095796,-0.680777734992743));
#1728=CARTESIAN_POINT('',(9.0327198359083,-4.12722620605081,-0.712085618580603));
#1729=CARTESIAN_POINT('',(8.75138767972717,-4.10487307142086,-0.83440565822334));
#1730=CARTESIAN_POINT('',(8.58111363704594,-4.07999295637063,-0.955176551294675));
#1731=CARTESIAN_POINT('',(8.31230145825201,-4.007619962861,-1.22378955158608));
#1732=CARTESIAN_POINT('',(8.19520129580573,-3.95509890661247,-1.3901228943509));
#1733=CARTESIAN_POINT('',(8.07805319485474,-3.8488274144111,-1.65373752151648));
#1734=CARTESIAN_POINT('',(8.04837439236621,-3.80891543537135,-1.7439423572964));
#1735=CARTESIAN_POINT('',(8.00934220428637,-3.72213320624898,-1.92221126162745));
#1736=CARTESIAN_POINT('',(8.0,-3.67525396536185,-2.0102734012743));
#1737=CARTESIAN_POINT('',(8.0,-3.57857481673662,-2.1777265987257));
#1738=CARTESIAN_POINT('',(8.00934220428637,-3.5257503871344,-2.26235628206751));
#1739=CARTESIAN_POINT('',(8.04837439236621,-3.41475610184008,-2.42664634925005));
#1740=CARTESIAN_POINT('',(8.07805319485474,-3.35659241203034,-2.50631355490375));
#1741=CARTESIAN_POINT('',(8.19520129580573,-3.18143119419647,-2.73015468043101));
#1742=CARTESIAN_POINT('',(8.31230145825201,-3.06364282199002,-2.85880592075823));
#1743=CARTESIAN_POINT('',(8.58111363704594,-2.86720363670572,-3.0557892718312));
#1744=CARTESIAN_POINT('',(8.75138767972718,-2.77505303279332,-3.13772153004945));
#1745=CARTESIAN_POINT('',(9.03271983590831,-2.68029733838577,-3.21823993231456));
#1746=CARTESIAN_POINT('',(9.13076285904177,-2.65574617331353,-3.23833183420016));
#1747=CARTESIAN_POINT('',(9.32852891075361,-2.62329339617184,-3.26467648686231));
#1748=CARTESIAN_POINT('',(9.42825553218773,-2.6154119659932,-3.2709271236363));
#1749=CARTESIAN_POINT('',(9.525,-2.6154119659932,-3.2709271236363));
#1750=CARTESIAN_POINT('',(12.0,-1.525,-3.90047676573006));
#1751=AXIS2_PLACEMENT_3D('',#2130,#2131,#2132);
#1752=CARTESIAN_POINT('',(9.525,-1.525,-3.90047676573006));
#1753=CARTESIAN_POINT('',(10.7625,-1.525,-3.90047676573006));
#1754=VECTOR('',#2133,1.0);
#1755=CARTESIAN_POINT('',(9.525,1.525,-3.90047676573006));
#1756=CARTESIAN_POINT('',(9.525,-1.525,-3.90047676573006));
#1757=CARTESIAN_POINT('',(9.42825553218773,-1.525,-3.90047676573006));
#1758=CARTESIAN_POINT('',(9.3285289107536,-1.51564607467458,-3.90417696609592));
#1759=CARTESIAN_POINT('',(9.13076285904176,-1.47660454764443,-3.91910956919291));
#1760=CARTESIAN_POINT('',(9.0327198359083,-1.44692886766505,-3.93032555089517));
#1761=CARTESIAN_POINT('',(8.75138767972717,-1.32982003862754,-3.97212718827279));
#1762=CARTESIAN_POINT('',(8.58111363704594,-1.21278931966492,-4.01096582312588));
#1763=CARTESIAN_POINT('',(8.31230145825201,-0.943977140870984,-4.08259547234432));
#1764=CARTESIAN_POINT('',(8.19520129580573,-0.773667712416004,-4.12027757478191));
#1765=CARTESIAN_POINT('',(8.07805319485474,-0.492235002380764,-4.16005107642023));
#1766=CARTESIAN_POINT('',(8.04837439236621,-0.394159333531275,-4.17058870654646));
#1767=CARTESIAN_POINT('',(8.00934220428637,-0.196382819114581,-4.18456754369497));
#1768=CARTESIAN_POINT('',(8.0,-0.0966791486252336,-4.188));
#1769=CARTESIAN_POINT('',(8.0,0.096679148625227,-4.188));
#1770=CARTESIAN_POINT('',(8.00934220428637,0.196382819114574,-4.18456754369497));
#1771=CARTESIAN_POINT('',(8.04837439236621,0.394159333531267,-4.17058870654646));
#1772=CARTESIAN_POINT('',(8.07805319485474,0.492235002380757,-4.16005107642024));
#1773=CARTESIAN_POINT('',(8.19520129580573,0.773667712415997,-4.12027757478191));
#1774=CARTESIAN_POINT('',(8.31230145825201,0.943977140870977,-4.08259547234432));
#1775=CARTESIAN_POINT('',(8.58111363704594,1.21278931966491,-4.01096582312588));
#1776=CARTESIAN_POINT('',(8.75138767972717,1.32982003862754,-3.9721271882728));
#1777=CARTESIAN_POINT('',(9.0327198359083,1.44692886766504,-3.93032555089518));
#1778=CARTESIAN_POINT('',(9.13076285904176,1.47660454764443,-3.91910956919291));
#1779=CARTESIAN_POINT('',(9.3285289107536,1.51564607467458,-3.90417696609592));
#1780=CARTESIAN_POINT('',(9.42825553218773,1.525,-3.90047676573006));
#1781=CARTESIAN_POINT('',(9.525,1.525,-3.90047676573006));
#1782=CARTESIAN_POINT('',(12.0,1.525,-3.90047676573006));
#1783=CARTESIAN_POINT('',(10.7625,1.525,-3.90047676573006));
#1784=VECTOR('',#2134,1.0);
#1785=CARTESIAN_POINT('',(12.0,2.61541196599319,-3.2709271236363));
#1786=AXIS2_PLACEMENT_3D('',#2135,#2136,#2137);
#1787=CARTESIAN_POINT('',(9.525,2.61541196599319,-3.2709271236363));
#1788=CARTESIAN_POINT('',(10.7625,2.61541196599319,-3.2709271236363));
#1789=VECTOR('',#2138,1.0);
#1790=CARTESIAN_POINT('',(9.525,4.14041196599319,-0.629549642093771));
#1791=CARTESIAN_POINT('',(9.525,2.61541196599319,-3.2709271236363));
#1792=CARTESIAN_POINT('',(9.42825553218773,2.61541196599319,-3.2709271236363));
#1793=CARTESIAN_POINT('',(9.3285289107536,2.62329339617183,-3.26467648686232));
#1794=CARTESIAN_POINT('',(9.13076285904177,2.65574617331353,-3.23833183420016));
#1795=CARTESIAN_POINT('',(9.03271983590831,2.68029733838576,-3.21823993231457));
#1796=CARTESIAN_POINT('',(8.75138767972718,2.77505303279332,-3.13772153004945));
#1797=CARTESIAN_POINT('',(8.58111363704595,2.86720363670571,-3.05578927183121));
#1798=CARTESIAN_POINT('',(8.31230145825202,3.06364282199002,-2.85880592075823));
#1799=CARTESIAN_POINT('',(8.19520129580573,3.18143119419647,-2.73015468043101));
#1800=CARTESIAN_POINT('',(8.07805319485474,3.35659241203034,-2.50631355490375));
#1801=CARTESIAN_POINT('',(8.04837439236622,3.41475610184008,-2.42664634925006));
#1802=CARTESIAN_POINT('',(8.00934220428637,3.5257503871344,-2.26235628206752));
#1803=CARTESIAN_POINT('',(8.0,3.57857481673661,-2.17772659872571));
#1804=CARTESIAN_POINT('',(8.0,3.67525396536184,-2.01027340127431));
#1805=CARTESIAN_POINT('',(8.00934220428637,3.72213320624898,-1.92221126162746));
#1806=CARTESIAN_POINT('',(8.04837439236622,3.80891543537135,-1.74394235729641));
#1807=CARTESIAN_POINT('',(8.07805319485474,3.8488274144111,-1.65373752151649));
#1808=CARTESIAN_POINT('',(8.19520129580573,3.95509890661247,-1.39012289435091));
#1809=CARTESIAN_POINT('',(8.31230145825202,4.007619962861,-1.2237895515861));
#1810=CARTESIAN_POINT('',(8.58111363704595,4.07999295637063,-0.955176551294689));
#1811=CARTESIAN_POINT('',(8.75138767972717,4.10487307142086,-0.834405658223356));
#1812=CARTESIAN_POINT('',(9.0327198359083,4.12722620605081,-0.712085618580619));
#1813=CARTESIAN_POINT('',(9.13076285904176,4.13235072095796,-0.680777734992758));
#1814=CARTESIAN_POINT('',(9.3285289107536,4.13893947084642,-0.63950047923362));
#1815=CARTESIAN_POINT('',(9.42825553218773,4.14041196599319,-0.629549642093771));
#1816=CARTESIAN_POINT('',(9.525,4.14041196599319,-0.629549642093771));
#1817=CARTESIAN_POINT('',(10.7625,4.1404119659932,-0.629549642093761));
#1818=VECTOR('',#2139,1.0);
#1819=AXIS2_PLACEMENT_3D('',#2140,#2141,#2142);
#1820=COLOUR_RGB('',0.689999997615814,0.689999997615814,0.689999997615814);
#1821=AXIS2_PLACEMENT_3D('',#2143,#2144,#2145);
#1822=CARTESIAN_POINT('',(0.0,-9.81495457622364,0.0));
#1823=VECTOR('',#2146,1.0);
#1824=CARTESIAN_POINT('',(0.0,-4.90747728811182,-8.5));
#1825=VECTOR('',#2147,1.0);
#1826=COLOUR_RGB('',0.689999997615814,0.689999997615814,0.689999997615814);
#1827=CARTESIAN_POINT('',(9.525,8.12371593216416,-2.92931125922668));
#1828=CARTESIAN_POINT('',(4.7625,8.12371593216773,-2.92931125922873));
#1829=VECTOR('',#2148,1.0);
#1830=CARTESIAN_POINT('',(9.525,6.13176043283474,-1.77925521547508));
#1831=VECTOR('',#2149,1.0);
#1832=COLOUR_RGB('',0.689999997615814,0.689999997615814,0.689999997615814);
#1833=CARTESIAN_POINT('',(9.525,6.59871593216773,-5.57068874077127));
#1834=CARTESIAN_POINT('',(11.9553280523622,6.59871593216773,-5.57068874077127));
#1835=CARTESIAN_POINT('',(4.7625,6.59871593216773,-5.57068874077127));
#1836=VECTOR('',#2150,1.0);
#1837=CARTESIAN_POINT('',(9.525,4.60676043283474,-4.42063269701762));
#1838=VECTOR('',#2151,1.0);
#1839=CARTESIAN_POINT('',(12.0,6.45198210199457,-5.48597192442157));
#1840=CARTESIAN_POINT('',(12.0,4.19585021813935,-4.18339357395046));
#1841=VECTOR('',#2152,1.0);
#1843=CARTESIAN_POINT('',(11.9553280523622,6.59871593216773,-5.57068874077127));
#1844=CARTESIAN_POINT('',(11.9778888828556,6.52463391708558,-5.52791746942148));
#1845=CARTESIAN_POINT('',(12.0,6.45198210199457,-5.48597192442157));
#1852=COLOUR_RGB('',0.689999997615814,0.689999997615814,0.689999997615814);
#1853=CARTESIAN_POINT('',(9.525,-8.12371593216773,2.92931125922873));
#1854=CARTESIAN_POINT('',(9.525,-6.13176043283474,1.77925521547508));
#1855=VECTOR('',#2153,1.0);
#1856=CARTESIAN_POINT('',(4.7625,-8.12371593216773,2.92931125922873));
#1857=VECTOR('',#2154,1.0);
#1858=COLOUR_RGB('',0.689999997615814,0.689999997615814,0.689999997615814);
#1859=CARTESIAN_POINT('',(12.0,-6.45198210199457,5.48597192442157));
#1860=CARTESIAN_POINT('',(12.0,-8.94222521813935,6.92371445787538));
#1861=VECTOR('',#2155,1.0);
#1862=CARTESIAN_POINT('',(11.9553280523621,-6.59871593216773,5.57068874077127));
#1864=CARTESIAN_POINT('',(11.9553280523621,-6.59871593216773,5.57068874077127));
#1865=CARTESIAN_POINT('',(11.9778888828555,-6.52463391708574,5.52791746942157));
#1866=CARTESIAN_POINT('',(12.0,-6.45198210199457,5.48597192442157));
#1873=CARTESIAN_POINT('',(9.525,-6.59871593217129,5.57068874077332));
#1874=CARTESIAN_POINT('',(4.7625,-6.59871593216773,5.57068874077127));
#1875=VECTOR('',#2156,1.0);
#1876=CARTESIAN_POINT('',(9.525,-4.60676043283475,4.42063269701762));
#1877=VECTOR('',#2157,1.0);
#1878=COLOUR_RGB('',0.689999997615814,0.689999997615814,0.689999997615814);
#1879=AXIS2_PLACEMENT_3D('',#2158,#2159,#2160);
#1880=COLOUR_RGB('',0.689999997615814,0.689999997615814,0.689999997615814);
#1881=CARTESIAN_POINT('',(11.6393525582519,-4.90747728811182,8.5));
#1883=CARTESIAN_POINT('',(11.6393525582519,-4.90747728811182,8.5));
#1884=CARTESIAN_POINT('',(12.2968298463637,-7.36121593216772,4.25));
#1885=CARTESIAN_POINT('',(11.6393525582519,-9.81495457622364,0.0));
#1892=CARTESIAN_POINT('',(0.714072426564748,-4.90747728811182,8.5));
#1893=CARTESIAN_POINT('',(0.0,-4.90747728811182,8.5));
#1894=VECTOR('',#2161,1.0);
#1896=CARTESIAN_POINT('',(0.714072426564749,-9.81495457622364,0.0));
#1897=CARTESIAN_POINT('',(0.0565951384529302,-7.36121593216773,4.25));
#1898=CARTESIAN_POINT('',(0.714072426564748,-4.90747728811182,8.5));
#1905=COLOUR_RGB('',0.689999997615814,0.689999997615814,0.689999997615814);
#1906=CARTESIAN_POINT('',(12.0,-1.525,-8.4657305502833));
#1907=VECTOR('',#2162,1.0);
#1908=COLOUR_RGB('',0.689999997615814,0.689999997615814,0.689999997615814);
#1909=CARTESIAN_POINT('',(12.0,1.525,-8.33056636730061));
#1910=AXIS2_PLACEMENT_3D('',#2163,#2164,#2165);
#1911=CARTESIAN_POINT('',(11.9553280523622,1.525,-8.5));
#1913=CARTESIAN_POINT('',(12.0,1.525,-8.33056636730061));
#1914=CARTESIAN_POINT('',(11.9778888828553,1.525,-8.41445745730154));
#1915=CARTESIAN_POINT('',(11.9553280523622,1.525,-8.5));
#1922=CARTESIAN_POINT('',(11.6393525582519,4.90747728811182,-8.5));
#1924=CARTESIAN_POINT('',(11.6393525582519,-4.90747728811182,-8.5));
#1925=CARTESIAN_POINT('',(12.2968298463637,9.99200722162641E-015,-8.5));
#1926=CARTESIAN_POINT('',(11.6393525582519,4.90747728811182,-8.5));
#1934=CARTESIAN_POINT('',(11.6393525582519,4.90747728811182,-8.5));
#1935=CARTESIAN_POINT('',(12.2968298463637,7.36121593216773,-4.25));
#1936=CARTESIAN_POINT('',(11.6393525582519,9.81495457622364,0.0));
#1943=COLOUR_RGB('',0.689999997615814,0.689999997615814,0.689999997615814);
#1944=AXIS2_PLACEMENT_3D('',#2166,#2167,#2168);
#1945=CARTESIAN_POINT('',(0.0,4.90747728811182,-8.5));
#1946=VECTOR('',#2169,1.0);
#1947=CARTESIAN_POINT('',(0.0,9.81495457622364,0.0));
#1948=VECTOR('',#2170,1.0);
#1949=COLOUR_RGB('',0.689999997615814,0.689999997615814,0.689999997615814);
#1950=COLOUR_RGB('',0.689999997615814,0.689999997615814,0.689999997615814);
#1951=CARTESIAN_POINT('',(12.0,1.525,8.4657305502833));
#1952=VECTOR('',#2171,1.0);
#1953=COLOUR_RGB('',0.689999997615814,0.689999997615814,0.689999997615814);
#1954=CARTESIAN_POINT('',(9.525,1.525,8.5));
#1955=CARTESIAN_POINT('',(4.7625,1.525,8.5));
#1956=VECTOR('',#2172,1.0);
#1957=CARTESIAN_POINT('',(9.525,1.525,6.19998182074669));
#1958=VECTOR('',#2173,1.0);
#1959=COLOUR_RGB('',0.689999997615814,0.689999997615814,0.689999997615814);
#1960=CARTESIAN_POINT('',(11.9553280523621,-1.525,8.5));
#1961=CARTESIAN_POINT('',(9.525,-1.525,8.5));
#1962=CARTESIAN_POINT('',(4.7625,-1.525,8.5));
#1963=VECTOR('',#2174,1.0);
#1964=CARTESIAN_POINT('',(12.0,-1.525,8.33056636730061));
#1966=CARTESIAN_POINT('',(12.0,-1.525,8.33056636730061));
#1967=CARTESIAN_POINT('',(11.9778888828553,-1.525,8.41445745730154));
#1968=CARTESIAN_POINT('',(11.9553280523621,-1.525,8.5));
#1975=CARTESIAN_POINT('',(12.0,-1.525,-8.4657305502833));
#1976=VECTOR('',#2175,1.0);
#1977=CARTESIAN_POINT('',(9.525,-1.525,6.19998182074669));
#1978=VECTOR('',#2176,1.0);
#1979=COLOUR_RGB('',0.689999997615814,0.689999997615814,0.689999997615814);
#1980=CARTESIAN_POINT('',(9.525,-1.525,-8.5));
#1981=CARTESIAN_POINT('',(4.7625,-1.525,-8.5));
#1982=VECTOR('',#2177,1.0);
#1983=CARTESIAN_POINT('',(9.525,-1.525,-6.19998182074669));
#1984=VECTOR('',#2178,1.0);
#1985=COLOUR_RGB('',0.689999997615814,0.689999997615814,0.689999997615814);
#1986=CARTESIAN_POINT('',(9.525,1.525,-8.5));
#1987=CARTESIAN_POINT('',(4.7625,1.525,-8.5));
#1988=VECTOR('',#2179,1.0);
#1989=CARTESIAN_POINT('',(9.525,1.525,-6.19998182074669));
#1990=VECTOR('',#2180,1.0);
#1991=COLOUR_RGB('',0.689999997615814,0.689999997615814,0.689999997615814);
#1992=AXIS2_PLACEMENT_3D('',#2181,#2182,#2183);
#1993=COLOUR_RGB('',0.689999997615814,0.689999997615814,0.689999997615814);
#1994=COLOUR_RGB('',0.689999997615814,0.689999997615814,0.689999997615814);
#1995=AXIS2_PLACEMENT_3D('',#2184,#2185,#2186);
#1997=CARTESIAN_POINT('',(11.6393525582519,4.90747728811182,8.5));
#1998=CARTESIAN_POINT('',(12.2968298463637,5.10702591327572E-015,8.5));
#1999=CARTESIAN_POINT('',(11.6393525582519,-4.90747728811182,8.5));
#2006=COLOUR_RGB('',0.689999997615814,0.689999997615814,0.689999997615814);
#2007=COLOUR_RGB('',0.689999997615814,0.689999997615814,0.689999997615814);
#2008=AXIS2_PLACEMENT_3D('',#2187,#2188,#2189);
#2009=COLOUR_RGB('',0.689999997615814,0.689999997615814,0.689999997615814);
#2010=COLOUR_RGB('',0.689999997615814,0.689999997615814,0.689999997615814);
#2011=AXIS2_PLACEMENT_3D('',#2190,#2191,#2192);
#2012=COLOUR_RGB('',0.689999997615814,0.689999997615814,0.689999997615814);
#2013=CARTESIAN_POINT('',(0.714072426564748,4.90747728811182,8.5));
#2014=CARTESIAN_POINT('',(0.0,4.90747728811182,8.5));
#2015=VECTOR('',#2193,1.0);
#2017=CARTESIAN_POINT('',(0.714072426564748,-4.90747728811182,8.5));
#2018=CARTESIAN_POINT('',(0.0565951384529301,-4.66293670342566E-015,8.5));
#2019=CARTESIAN_POINT('',(0.714072426564748,4.90747728811182,8.5));
#2026=COLOUR_RGB('',0.689999997615814,0.689999997615814,0.689999997615814);
#2028=CARTESIAN_POINT('',(11.6393525582519,9.81495457622364,0.0));
#2029=CARTESIAN_POINT('',(12.2968298463637,7.36121593216773,4.25));
#2030=CARTESIAN_POINT('',(11.6393525582519,4.90747728811182,8.5));
#2038=CARTESIAN_POINT('',(0.714072426564748,4.90747728811182,8.5));
#2039=CARTESIAN_POINT('',(0.0565951384529293,7.36121593216773,4.25));
#2040=CARTESIAN_POINT('',(0.714072426564747,9.81495457622364,0.0));
#2047=COLOUR_RGB('',0.689999997615814,0.689999997615814,0.689999997615814);
#2048=AXIS2_PLACEMENT_3D('',#2194,#2195,#2196);
#2049=COLOUR_RGB('',0.689999997615814,0.689999997615814,0.689999997615814);
#2050=COLOUR_RGB('',0.689999997615814,0.689999997615814,0.689999997615814);
#2051=AXIS2_PLACEMENT_3D('',#2197,#2198,#2199);
#2052=COLOUR_RGB('',0.689999997615814,0.689999997615814,0.689999997615814);
#2053=COLOUR_RGB('',0.689999997615814,0.689999997615814,0.689999997615814);
#2054=DIRECTION('',(0.258819045102522,0.965925826289068,-1.18287890419472E-016));
#2055=CARTESIAN_POINT('',(2.42319185550509E-018,1.48372807139109E-034,0.0));
#2056=DIRECTION('',(1.0,6.12303176911189E-017,0.0));
#2057=DIRECTION('',(6.12303176911189E-017,-1.0,0.0));
#2058=DIRECTION('',(-0.258819045102522,0.965925826289068,-1.18287890419472E-016));
#2059=CARTESIAN_POINT('',(0.324754421226522,1.98848163832954E-017,0.0));
#2060=DIRECTION('',(1.0,6.12303176911189E-017,0.0));
#2061=DIRECTION('',(6.12303176911189E-017,-1.0,0.0));
#2062=DIRECTION('',(-0.258819045102521,0.965925826289068,-1.18287890419472E-016));
#2063=CARTESIAN_POINT('',(12.0,7.34763812293426E-016,0.0));
#2064=DIRECTION('',(1.0,6.12303176911189E-017,0.0));
#2065=DIRECTION('',(6.12303176911189E-017,-1.0,0.0));
#2066=DIRECTION('',(0.258819045102521,-0.965925826289068,1.18287890419472E-016));
#2067=CARTESIAN_POINT('',(0.0,0.0,0.0));
#2068=DIRECTION('',(1.0,6.12303176911189E-017,0.0));
#2069=DIRECTION('',(6.12303176911189E-017,-1.0,0.0));
#2070=DIRECTION('',(-0.258819045102521,-0.965925826289068,1.18287890419472E-016));
#2071=DIRECTION('',(1.0,6.12303176911189E-017,-0.0));
#2072=DIRECTION('',(-1.0,-6.12303176911189E-017,-0.0));
#2073=CARTESIAN_POINT('',(12.0,7.34763812293426E-016,0.0));
#2074=DIRECTION('',(1.0,6.12303176911189E-017,0.0));
#2075=DIRECTION('',(6.12303176911189E-017,-1.0,0.0));
#2076=DIRECTION('',(-1.0,-6.12303176911189E-017,0.0));
#2077=DIRECTION('',(1.0,6.12303176911189E-017,0.0));
#2078=CARTESIAN_POINT('',(12.0,7.34763812293426E-016,0.0));
#2079=DIRECTION('',(1.0,6.12303176911189E-017,0.0));
#2080=DIRECTION('',(6.12303176911189E-017,-1.0,0.0));
#2081=DIRECTION('',(-1.0,-6.12303176911189E-017,0.0));
#2082=DIRECTION('',(1.0,6.12303176911189E-017,0.0));
#2083=CARTESIAN_POINT('',(12.0,7.34763812293426E-016,0.0));
#2084=DIRECTION('',(1.0,6.12303176911189E-017,0.0));
#2085=DIRECTION('',(6.12303176911189E-017,-1.0,0.0));
#2086=DIRECTION('',(-1.0,-6.12303176911189E-017,0.0));
#2087=DIRECTION('',(1.0,6.12303176911189E-017,0.0));
#2088=CARTESIAN_POINT('',(12.0,7.34763812293426E-016,0.0));
#2089=DIRECTION('',(1.0,6.12303176911189E-017,0.0));
#2090=DIRECTION('',(6.12303176911189E-017,-1.0,0.0));
#2091=DIRECTION('',(0.258819045102521,0.965925826289068,-1.18287890419472E-016));
#2092=CARTESIAN_POINT('',(12.0,7.34763812293426E-016,0.0));
#2093=DIRECTION('',(1.0,6.12303176911189E-017,0.0));
#2094=DIRECTION('',(6.12303176911189E-017,-1.0,0.0));
#2095=DIRECTION('',(1.0,6.12303176911189E-017,0.0));
#2096=DIRECTION('',(0.0,0.866025403784439,0.5));
#2097=DIRECTION('',(-1.0,0.0,0.0));
#2098=DIRECTION('',(0.0,-0.866025403784439,-0.5));
#2099=DIRECTION('',(1.0,0.0,0.0));
#2100=DIRECTION('',(0.0,0.866025403784439,0.5));
#2101=DIRECTION('',(0.0,-0.866025403784439,-0.5));
#2102=DIRECTION('',(-1.0,-6.12303176911189E-017,0.0));
#2103=DIRECTION('',(0.0,0.866025403784439,0.5));
#2104=DIRECTION('',(1.0,0.0,0.0));
#2105=DIRECTION('',(0.0,0.866025403784439,0.5));
#2106=DIRECTION('',(-1.0,0.0,0.0));
#2107=DIRECTION('',(0.0,0.866025403784439,0.5));
#2108=DIRECTION('',(0.0,0.866025403784439,0.5));
#2109=CARTESIAN_POINT('',(12.0,7.34763812293426E-016,0.0));
#2110=DIRECTION('',(1.0,6.12303176911189E-017,0.0));
#2111=DIRECTION('',(6.12303176911189E-017,-1.0,0.0));
#2112=DIRECTION('',(0.0,0.0,-1.0));
#2113=CARTESIAN_POINT('',(12.0,7.34763812293426E-016,0.0));
#2114=DIRECTION('',(1.0,6.12303176911189E-017,0.0));
#2115=DIRECTION('',(6.12303176911189E-017,-1.0,0.0));
#2116=DIRECTION('',(0.0,0.866025403784439,-0.5));
#2117=CARTESIAN_POINT('',(12.0,7.34763812293426E-016,0.0));
#2118=DIRECTION('',(1.0,6.12303176911189E-017,0.0));
#2119=DIRECTION('',(6.12303176911189E-017,-1.0,0.0));
#2120=CARTESIAN_POINT('',(12.0,7.34763812293426E-016,0.0));
#2121=DIRECTION('',(1.0,6.12303176911189E-017,0.0));
#2122=DIRECTION('',(6.12303176911189E-017,-1.0,0.0));
#2123=CARTESIAN_POINT('',(12.0,7.34763812293426E-016,0.0));
#2124=DIRECTION('',(1.0,6.12303176911189E-017,0.0));
#2125=DIRECTION('',(6.12303176911189E-017,-1.0,0.0));
#2126=CARTESIAN_POINT('',(12.0,7.34763812293426E-016,0.0));
#2127=DIRECTION('',(1.0,6.12303176911189E-017,0.0));
#2128=DIRECTION('',(6.12303176911189E-017,-1.0,0.0));
#2129=DIRECTION('',(0.0,-0.866025403784439,0.5));
#2130=CARTESIAN_POINT('',(12.0,7.34763812293426E-016,0.0));
#2131=DIRECTION('',(1.0,6.12303176911189E-017,0.0));
#2132=DIRECTION('',(6.12303176911189E-017,-1.0,0.0));
#2133=DIRECTION('',(-1.0,-6.12303176911189E-017,0.0));
#2134=DIRECTION('',(1.0,6.12303176911189E-017,0.0));
#2135=CARTESIAN_POINT('',(12.0,7.34763812293426E-016,0.0));
#2136=DIRECTION('',(1.0,6.12303176911189E-017,0.0));
#2137=DIRECTION('',(6.12303176911189E-017,-1.0,0.0));
#2138=DIRECTION('',(-1.0,-6.12303176911189E-017,0.0));
#2139=DIRECTION('',(1.0,6.12303176911189E-017,0.0));
#2140=CARTESIAN_POINT('',(0.324754421226522,1.98848163832954E-017,0.0));
#2141=DIRECTION('',(1.0,6.12303176911189E-017,0.0));
#2142=DIRECTION('',(6.12303176911189E-017,-1.0,0.0));
#2143=CARTESIAN_POINT('',(9.525,-7.36121593216773,-4.25));
#2144=DIRECTION('',(0.0,0.866025403784439,0.5));
#2145=DIRECTION('',(0.0,-0.5,0.866025403784439));
#2146=DIRECTION('',(1.0,0.0,0.0));
#2147=DIRECTION('',(1.0,0.0,0.0));
#2148=DIRECTION('',(-1.0,0.0,0.0));
#2149=DIRECTION('',(0.0,-0.866025403784439,0.5));
#2150=DIRECTION('',(1.0,0.0,0.0));
#2151=DIRECTION('',(0.0,-0.866025403784439,0.5));
#2152=DIRECTION('',(0.0,-0.866025403784439,0.5));
#2153=DIRECTION('',(0.0,-0.866025403784439,0.5));
#2154=DIRECTION('',(-1.0,0.0,0.0));
#2155=DIRECTION('',(0.0,0.866025403784439,-0.5));
#2156=DIRECTION('',(1.0,0.0,0.0));
#2157=DIRECTION('',(0.0,-0.866025403784439,0.5));
#2158=CARTESIAN_POINT('',(9.525,-7.36121593216773,4.25));
#2159=DIRECTION('',(0.0,0.866025403784439,-0.5));
#2160=DIRECTION('',(0.0,-0.5,-0.866025403784439));
#2161=DIRECTION('',(1.0,0.0,0.0));
#2162=DIRECTION('',(0.0,0.0,1.0));
#2163=CARTESIAN_POINT('',(12.0,7.34763812293426E-016,0.0));
#2164=DIRECTION('',(1.0,6.12303176911189E-017,0.0));
#2165=DIRECTION('',(6.12303176911189E-017,-1.0,0.0));
#2166=CARTESIAN_POINT('',(9.525,7.36121593216772,-4.25000000000001));
#2167=DIRECTION('',(0.0,-0.866025403784439,0.5));
#2168=DIRECTION('',(0.0,-0.5,-0.866025403784439));
#2169=DIRECTION('',(1.0,0.0,0.0));
#2170=DIRECTION('',(1.0,0.0,0.0));
#2171=DIRECTION('',(0.0,0.0,-1.0));
#2172=DIRECTION('',(1.0,0.0,0.0));
#2173=DIRECTION('',(0.0,0.0,1.0));
#2174=DIRECTION('',(-1.0,0.0,0.0));
#2175=DIRECTION('',(0.0,0.0,1.0));
#2176=DIRECTION('',(0.0,0.0,1.0));
#2177=DIRECTION('',(1.0,0.0,0.0));
#2178=DIRECTION('',(0.0,0.0,1.0));
#2179=DIRECTION('',(-1.0,0.0,0.0));
#2180=DIRECTION('',(0.0,0.0,1.0));
#2181=CARTESIAN_POINT('',(9.525,-3.5527136788005E-015,-8.5));
#2182=DIRECTION('',(0.0,0.0,1.0));
#2183=DIRECTION('',(0.0,-1.0,0.0));
#2184=CARTESIAN_POINT('',(12.0,7.34763812293426E-016,0.0));
#2185=DIRECTION('',(1.0,6.12303176911189E-017,0.0));
#2186=DIRECTION('',(6.12303176911189E-017,-1.0,0.0));
#2187=CARTESIAN_POINT('',(9.525,7.36121593216772,4.25));
#2188=DIRECTION('',(0.0,-0.866025403784439,-0.5));
#2189=DIRECTION('',(0.0,-0.5,0.866025403784439));
#2190=CARTESIAN_POINT('',(9.525,-3.5527136788005E-015,8.5));
#2191=DIRECTION('',(0.0,0.0,-1.0));
#2192=DIRECTION('',(0.0,-1.0,0.0));
#2193=DIRECTION('',(1.0,0.0,0.0));
#2194=CARTESIAN_POINT('',(0.0,0.0,0.0));
#2195=DIRECTION('',(1.0,6.12303176911189E-017,0.0));
#2196=DIRECTION('',(6.12303176911189E-017,-1.0,0.0));
#2197=CARTESIAN_POINT('',(2.42319185550509E-018,1.48372807139109E-034,0.0));
#2198=DIRECTION('',(1.0,6.12303176911189E-017,0.0));
#2199=DIRECTION('',(6.12303176911189E-017,-1.0,0.0));
ENDSEC;
END-ISO-10303-21;
