ISO-10303-21;
HEADER;
FILE_DESCRIPTION(('STEP AP214'),'1');
FILE_NAME('castle_nut_hk_nf_e_27-414_m12.stp','2017-07-18T12:23:59',('TraceParts'),('TraceParts S.A.'),'Spatial InterOp 3D',' ',' ');
FILE_SCHEMA(('automotive_design'));
ENDSEC;
DATA;
#1=PRODUCT_DEFINITION_CONTEXT('',#9,'design');
#2=APPLICATION_PROTOCOL_DEFINITION('INTERNATIONAL STANDARD','automotive_design',1994,#9);
#3=PRODUCT_CATEGORY_RELATIONSHIP('NONE','NONE',#10,#11);
#4=SHAPE_DEFINITION_REPRESENTATION(#12,#13);
#5= (GEOMETRIC_REPRESENTATION_CONTEXT(3)GLOBAL_UNCERTAINTY_ASSIGNED_CONTEXT((#16))GLOBAL_UNIT_ASSIGNED_CONTEXT((#18,#19,#20))REPRESENTATION_CONTEXT('NONE','WORKSPACE'));
#9=APPLICATION_CONTEXT(' ');
#10=PRODUCT_CATEGORY('part','NONE');
#11=PRODUCT_RELATED_PRODUCT_CATEGORY('detail',' ',(#22));
#12=PRODUCT_DEFINITION_SHAPE('NONE','NONE',#23);
#13=ADVANCED_BREP_SHAPE_REPRESENTATION('castle_nut_hk_nf_e_27-414_m12',(#24,#25),#5);
#16=UNCERTAINTY_MEASURE_WITH_UNIT(LENGTH_MEASURE(1.0E-006),#18,'','');
#18= (CONVERSION_BASED_UNIT('MILLIMETRE',#28)LENGTH_UNIT()NAMED_UNIT(#31));
#19= (NAMED_UNIT(#33)PLANE_ANGLE_UNIT()SI_UNIT($,.RADIAN.));
#20= (NAMED_UNIT(#33)SOLID_ANGLE_UNIT()SI_UNIT($,.STERADIAN.));
#22=PRODUCT('castle_nut_hk_nf_e_27-414_m12','castle_nut_hk_nf_e_27-414_m12','PART-castle_nut_hk_nf_e_27-414_m12-DESC',(#39));
#23=PRODUCT_DEFINITION('NONE','NONE',#40,#1);
#24=MANIFOLD_SOLID_BREP('castle_nut_hk_nf_e_27-414_m12',#41);
#25=AXIS2_PLACEMENT_3D('',#42,#43,#44);
#28=LENGTH_MEASURE_WITH_UNIT(LENGTH_MEASURE(1.0),#45);
#31=DIMENSIONAL_EXPONENTS(1.0,0.0,0.0,0.0,0.0,0.0,0.0);
#33=DIMENSIONAL_EXPONENTS(0.0,0.0,0.0,0.0,0.0,0.0,0.0);
#39=PRODUCT_CONTEXT('',#9,'mechanical');
#40=PRODUCT_DEFINITION_FORMATION_WITH_SPECIFIED_SOURCE(' ','NONE',#22,.NOT_KNOWN.);
#41=CLOSED_SHELL('',(#46,#47,#48,#49,#50,#51,#52,#53,#54,#55,#56,#57,#58,#59,#60,#61,#62,#63,#64,#65,#66,#67,#68,#69,#70,#71,#72,#73,#74,#75,#76,#77,#78,#79,#80,#81,#82,#83,#84,#85,#86,#87,#88,#89,#90,#91,#92,#93,#94,#95,#96,#97,#98,#99,#100,#101,#102,#103,#104,#105,#106,#107));
#42=CARTESIAN_POINT('',(0.0,0.0,0.0));
#43=DIRECTION('',(0.0,0.0,1.0));
#44=DIRECTION('',(1.0,0.0,0.0));
#45= (NAMED_UNIT(#31)LENGTH_UNIT()SI_UNIT(.MILLI.,.METRE.));
#46=ADVANCED_FACE('',(#109),#110,.F.);
#47=ADVANCED_FACE('',(#111),#112,.F.);
#48=ADVANCED_FACE('',(#113),#114,.T.);
#49=ADVANCED_FACE('',(#115),#116,.T.);
#50=ADVANCED_FACE('',(#117),#118,.F.);
#51=ADVANCED_FACE('',(#119),#120,.F.);
#52=ADVANCED_FACE('',(#121),#122,.F.);
#53=ADVANCED_FACE('',(#123),#124,.F.);
#54=ADVANCED_FACE('',(#125),#126,.F.);
#55=ADVANCED_FACE('',(#127),#128,.F.);
#56=ADVANCED_FACE('',(#129),#130,.F.);
#57=ADVANCED_FACE('',(#131),#132,.F.);
#58=ADVANCED_FACE('',(#133),#134,.T.);
#59=ADVANCED_FACE('',(#135),#136,.T.);
#60=ADVANCED_FACE('',(#137),#138,.T.);
#61=ADVANCED_FACE('',(#139),#140,.T.);
#62=ADVANCED_FACE('',(#141),#142,.T.);
#63=ADVANCED_FACE('',(#143),#144,.T.);
#64=ADVANCED_FACE('',(#145),#146,.T.);
#65=ADVANCED_FACE('',(#147),#148,.T.);
#66=ADVANCED_FACE('',(#149),#150,.F.);
#67=ADVANCED_FACE('',(#151),#152,.F.);
#68=ADVANCED_FACE('',(#153),#154,.F.);
#69=ADVANCED_FACE('',(#155),#156,.T.);
#70=ADVANCED_FACE('',(#157),#158,.T.);
#71=ADVANCED_FACE('',(#159),#160,.F.);
#72=ADVANCED_FACE('',(#161),#162,.F.);
#73=ADVANCED_FACE('',(#163),#164,.F.);
#74=ADVANCED_FACE('',(#165),#166,.F.);
#75=ADVANCED_FACE('',(#167),#168,.F.);
#76=ADVANCED_FACE('',(#169),#170,.T.);
#77=ADVANCED_FACE('',(#171),#172,.F.);
#78=ADVANCED_FACE('',(#173),#174,.F.);
#79=ADVANCED_FACE('',(#175),#176,.F.);
#80=ADVANCED_FACE('',(#177),#178,.F.);
#81=ADVANCED_FACE('',(#179),#180,.T.);
#82=ADVANCED_FACE('',(#181),#182,.F.);
#83=ADVANCED_FACE('',(#183),#184,.F.);
#84=ADVANCED_FACE('',(#185),#186,.F.);
#85=ADVANCED_FACE('',(#187),#188,.F.);
#86=ADVANCED_FACE('',(#189),#190,.T.);
#87=ADVANCED_FACE('',(#191),#192,.F.);
#88=ADVANCED_FACE('',(#193),#194,.F.);
#89=ADVANCED_FACE('',(#195),#196,.F.);
#90=ADVANCED_FACE('',(#197),#198,.F.);
#91=ADVANCED_FACE('',(#199),#200,.T.);
#92=ADVANCED_FACE('',(#201),#202,.F.);
#93=ADVANCED_FACE('',(#203),#204,.F.);
#94=ADVANCED_FACE('',(#205),#206,.F.);
#95=ADVANCED_FACE('',(#207),#208,.F.);
#96=ADVANCED_FACE('',(#209),#210,.T.);
#97=ADVANCED_FACE('',(#211),#212,.T.);
#98=ADVANCED_FACE('',(#213),#214,.F.);
#99=ADVANCED_FACE('',(#215),#216,.F.);
#100=ADVANCED_FACE('',(#217),#218,.T.);
#101=ADVANCED_FACE('',(#219),#220,.T.);
#102=ADVANCED_FACE('',(#221),#222,.T.);
#103=ADVANCED_FACE('',(#223,#224),#225,.T.);
#104=ADVANCED_FACE('',(#226,#227),#228,.F.);
#105=ADVANCED_FACE('',(#229),#230,.T.);
#106=ADVANCED_FACE('',(#231),#232,.T.);
#107=ADVANCED_FACE('',(#233),#234,.T.);
#109=FACE_OUTER_BOUND('',#235,.T.);
#110=CONICAL_SURFACE('',#236,5.52640625,0.785398163397448);
#111=FACE_OUTER_BOUND('',#237,.T.);
#112=CYLINDRICAL_SURFACE('',#238,5.0528125);
#113=FACE_OUTER_BOUND('',#239,.T.);
#114=CONICAL_SURFACE('',#240,9.84746052117441,1.18682389135614);
#115=FACE_OUTER_BOUND('',#241,.T.);
#116=CONICAL_SURFACE('',#242,9.84746052117441,1.18682389135614);
#117=FACE_OUTER_BOUND('',#243,.T.);
#118=CYLINDRICAL_SURFACE('',#244,1.75);
#119=FACE_OUTER_BOUND('',#245,.T.);
#120=CYLINDRICAL_SURFACE('',#246,1.75);
#121=FACE_OUTER_BOUND('',#247,.T.);
#122=CONICAL_SURFACE('',#248,5.52640625,0.785398163397448);
#123=FACE_OUTER_BOUND('',#249,.T.);
#124=CYLINDRICAL_SURFACE('',#250,1.75);
#125=FACE_OUTER_BOUND('',#251,.T.);
#126=CYLINDRICAL_SURFACE('',#252,1.75);
#127=FACE_OUTER_BOUND('',#253,.T.);
#128=CYLINDRICAL_SURFACE('',#254,1.75);
#129=FACE_OUTER_BOUND('',#255,.T.);
#130=CONICAL_SURFACE('',#256,5.52640625,0.785398163397448);
#131=FACE_OUTER_BOUND('',#257,.T.);
#132=CYLINDRICAL_SURFACE('',#258,1.75);
#133=FACE_OUTER_BOUND('',#259,.T.);
#134=CYLINDRICAL_SURFACE('',#260,8.5);
#135=FACE_OUTER_BOUND('',#261,.T.);
#136=CYLINDRICAL_SURFACE('',#262,8.5);
#137=FACE_OUTER_BOUND('',#263,.T.);
#138=CYLINDRICAL_SURFACE('',#264,8.5);
#139=FACE_OUTER_BOUND('',#265,.T.);
#140=CYLINDRICAL_SURFACE('',#266,8.5);
#141=FACE_OUTER_BOUND('',#267,.T.);
#142=CYLINDRICAL_SURFACE('',#268,8.5);
#143=FACE_OUTER_BOUND('',#269,.T.);
#144=CYLINDRICAL_SURFACE('',#270,8.5);
#145=FACE_OUTER_BOUND('',#271,.T.);
#146=CYLINDRICAL_SURFACE('',#272,8.5);
#147=FACE_OUTER_BOUND('',#273,.T.);
#148=CYLINDRICAL_SURFACE('',#274,8.5);
#149=FACE_OUTER_BOUND('',#275,.T.);
#150=PLANE('',#276);
#151=FACE_OUTER_BOUND('',#277,.T.);
#152=PLANE('',#278);
#153=FACE_OUTER_BOUND('',#279,.T.);
#154=CYLINDRICAL_SURFACE('',#280,1.75);
#155=FACE_OUTER_BOUND('',#281,.T.);
#156=PLANE('',#282);
#157=FACE_OUTER_BOUND('',#283,.T.);
#158=PLANE('',#284);
#159=FACE_OUTER_BOUND('',#285,.T.);
#160=CONICAL_SURFACE('',#286,5.52640625,0.785398163397448);
#161=FACE_OUTER_BOUND('',#287,.T.);
#162=CONICAL_SURFACE('',#288,5.52640625,0.785398163397448);
#163=FACE_OUTER_BOUND('',#289,.T.);
#164=PLANE('',#290);
#165=FACE_OUTER_BOUND('',#291,.T.);
#166=PLANE('',#292);
#167=FACE_OUTER_BOUND('',#293,.T.);
#168=CYLINDRICAL_SURFACE('',#294,1.75);
#169=FACE_OUTER_BOUND('',#295,.T.);
#170=PLANE('',#296);
#171=FACE_OUTER_BOUND('',#297,.T.);
#172=CONICAL_SURFACE('',#298,5.52640625,0.785398163397448);
#173=FACE_OUTER_BOUND('',#299,.T.);
#174=PLANE('',#300);
#175=FACE_OUTER_BOUND('',#301,.T.);
#176=PLANE('',#302);
#177=FACE_OUTER_BOUND('',#303,.T.);
#178=CYLINDRICAL_SURFACE('',#304,1.75);
#179=FACE_OUTER_BOUND('',#305,.T.);
#180=PLANE('',#306);
#181=FACE_OUTER_BOUND('',#307,.T.);
#182=CONICAL_SURFACE('',#308,5.52640625,0.785398163397448);
#183=FACE_OUTER_BOUND('',#309,.T.);
#184=PLANE('',#310);
#185=FACE_OUTER_BOUND('',#311,.T.);
#186=PLANE('',#312);
#187=FACE_OUTER_BOUND('',#313,.T.);
#188=CYLINDRICAL_SURFACE('',#314,1.75);
#189=FACE_OUTER_BOUND('',#315,.T.);
#190=PLANE('',#316);
#191=FACE_OUTER_BOUND('',#317,.T.);
#192=CONICAL_SURFACE('',#318,5.52640625,0.785398163397448);
#193=FACE_OUTER_BOUND('',#319,.T.);
#194=PLANE('',#320);
#195=FACE_OUTER_BOUND('',#321,.T.);
#196=PLANE('',#322);
#197=FACE_OUTER_BOUND('',#323,.T.);
#198=CYLINDRICAL_SURFACE('',#324,1.75);
#199=FACE_OUTER_BOUND('',#325,.T.);
#200=PLANE('',#326);
#201=FACE_OUTER_BOUND('',#327,.T.);
#202=CONICAL_SURFACE('',#328,5.52640625,0.785398163397448);
#203=FACE_OUTER_BOUND('',#329,.T.);
#204=CYLINDRICAL_SURFACE('',#330,1.75);
#205=FACE_OUTER_BOUND('',#331,.T.);
#206=PLANE('',#332);
#207=FACE_OUTER_BOUND('',#333,.T.);
#208=PLANE('',#334);
#209=FACE_OUTER_BOUND('',#335,.T.);
#210=CONICAL_SURFACE('',#336,9.84746052117441,1.18682389135614);
#211=FACE_OUTER_BOUND('',#337,.T.);
#212=CONICAL_SURFACE('',#338,9.84746052117441,1.18682389135614);
#213=FACE_OUTER_BOUND('',#339,.T.);
#214=CYLINDRICAL_SURFACE('',#340,5.0528125);
#215=FACE_OUTER_BOUND('',#341,.T.);
#216=CONICAL_SURFACE('',#342,5.52640625,0.785398163397448);
#217=FACE_OUTER_BOUND('',#343,.T.);
#218=PLANE('',#344);
#219=FACE_OUTER_BOUND('',#345,.T.);
#220=PLANE('',#346);
#221=FACE_OUTER_BOUND('',#347,.T.);
#222=PLANE('',#348);
#223=FACE_BOUND('',#349,.T.);
#224=FACE_OUTER_BOUND('',#350,.T.);
#225=PLANE('',#351);
#226=FACE_BOUND('',#352,.T.);
#227=FACE_OUTER_BOUND('',#353,.T.);
#228=PLANE('',#354);
#229=FACE_OUTER_BOUND('',#355,.T.);
#230=PLANE('',#356);
#231=FACE_OUTER_BOUND('',#357,.T.);
#232=PLANE('',#358);
#233=FACE_OUTER_BOUND('',#359,.T.);
#234=PLANE('',#360);
#235=EDGE_LOOP('',(#361,#362,#363,#364));
#236=AXIS2_PLACEMENT_3D('',#365,#366,#367);
#237=EDGE_LOOP('',(#368,#369,#370,#371,#372,#373,#374,#375,#376,#377,#378,#379,#380,#381,#382,#383,#384,#385,#386));
#238=AXIS2_PLACEMENT_3D('',#387,#388,#389);
#239=EDGE_LOOP('',(#390,#391,#392,#393,#394,#395));
#240=AXIS2_PLACEMENT_3D('',#396,#397,#398);
#241=EDGE_LOOP('',(#399,#400,#401,#402,#403,#404));
#242=AXIS2_PLACEMENT_3D('',#405,#406,#407);
#243=EDGE_LOOP('',(#408,#409,#410,#411));
#244=AXIS2_PLACEMENT_3D('',#412,#413,#414);
#245=EDGE_LOOP('',(#415,#416,#417,#418));
#246=AXIS2_PLACEMENT_3D('',#419,#420,#421);
#247=EDGE_LOOP('',(#422,#423,#424,#425));
#248=AXIS2_PLACEMENT_3D('',#426,#427,#428);
#249=EDGE_LOOP('',(#429,#430,#431,#432));
#250=AXIS2_PLACEMENT_3D('',#433,#434,#435);
#251=EDGE_LOOP('',(#436,#437,#438,#439));
#252=AXIS2_PLACEMENT_3D('',#440,#441,#442);
#253=EDGE_LOOP('',(#443,#444,#445,#446));
#254=AXIS2_PLACEMENT_3D('',#447,#448,#449);
#255=EDGE_LOOP('',(#450,#451,#452,#453));
#256=AXIS2_PLACEMENT_3D('',#454,#455,#456);
#257=EDGE_LOOP('',(#457,#458,#459,#460));
#258=AXIS2_PLACEMENT_3D('',#461,#462,#463);
#259=EDGE_LOOP('',(#464,#465,#466,#467,#468));
#260=AXIS2_PLACEMENT_3D('',#469,#470,#471);
#261=EDGE_LOOP('',(#472,#473,#474,#475,#476));
#262=AXIS2_PLACEMENT_3D('',#477,#478,#479);
#263=EDGE_LOOP('',(#480,#481,#482,#483,#484,#485));
#264=AXIS2_PLACEMENT_3D('',#486,#487,#488);
#265=EDGE_LOOP('',(#489,#490,#491,#492,#493));
#266=AXIS2_PLACEMENT_3D('',#494,#495,#496);
#267=EDGE_LOOP('',(#497,#498,#499,#500,#501,#502));
#268=AXIS2_PLACEMENT_3D('',#503,#504,#505);
#269=EDGE_LOOP('',(#506,#507,#508,#509,#510,#511));
#270=AXIS2_PLACEMENT_3D('',#512,#513,#514);
#271=EDGE_LOOP('',(#515,#516,#517,#518,#519));
#272=AXIS2_PLACEMENT_3D('',#520,#521,#522);
#273=EDGE_LOOP('',(#523,#524,#525,#526,#527,#528));
#274=AXIS2_PLACEMENT_3D('',#529,#530,#531);
#275=EDGE_LOOP('',(#532,#533,#534,#535,#536));
#276=AXIS2_PLACEMENT_3D('',#537,#538,#539);
#277=EDGE_LOOP('',(#540,#541,#542,#543,#544));
#278=AXIS2_PLACEMENT_3D('',#545,#546,#547);
#279=EDGE_LOOP('',(#548,#549,#550,#551));
#280=AXIS2_PLACEMENT_3D('',#552,#553,#554);
#281=EDGE_LOOP('',(#555,#556,#557,#558));
#282=AXIS2_PLACEMENT_3D('',#559,#560,#561);
#283=EDGE_LOOP('',(#562,#563,#564,#565,#566,#567));
#284=AXIS2_PLACEMENT_3D('',#568,#569,#570);
#285=EDGE_LOOP('',(#571,#572,#573,#574));
#286=AXIS2_PLACEMENT_3D('',#575,#576,#577);
#287=EDGE_LOOP('',(#578,#579,#580,#581));
#288=AXIS2_PLACEMENT_3D('',#582,#583,#584);
#289=EDGE_LOOP('',(#585,#586,#587,#588,#589));
#290=AXIS2_PLACEMENT_3D('',#590,#591,#592);
#291=EDGE_LOOP('',(#593,#594,#595,#596,#597));
#292=AXIS2_PLACEMENT_3D('',#598,#599,#600);
#293=EDGE_LOOP('',(#601,#602,#603,#604));
#294=AXIS2_PLACEMENT_3D('',#605,#606,#607);
#295=EDGE_LOOP('',(#608,#609,#610,#611));
#296=AXIS2_PLACEMENT_3D('',#612,#613,#614);
#297=EDGE_LOOP('',(#615,#616,#617,#618));
#298=AXIS2_PLACEMENT_3D('',#619,#620,#621);
#299=EDGE_LOOP('',(#622,#623,#624,#625,#626));
#300=AXIS2_PLACEMENT_3D('',#627,#628,#629);
#301=EDGE_LOOP('',(#630,#631,#632,#633,#634));
#302=AXIS2_PLACEMENT_3D('',#635,#636,#637);
#303=EDGE_LOOP('',(#638,#639,#640,#641));
#304=AXIS2_PLACEMENT_3D('',#642,#643,#644);
#305=EDGE_LOOP('',(#645,#646,#647,#648));
#306=AXIS2_PLACEMENT_3D('',#649,#650,#651);
#307=EDGE_LOOP('',(#652,#653,#654,#655));
#308=AXIS2_PLACEMENT_3D('',#656,#657,#658);
#309=EDGE_LOOP('',(#659,#660,#661,#662,#663));
#310=AXIS2_PLACEMENT_3D('',#664,#665,#666);
#311=EDGE_LOOP('',(#667,#668,#669,#670,#671));
#312=AXIS2_PLACEMENT_3D('',#672,#673,#674);
#313=EDGE_LOOP('',(#675,#676,#677,#678));
#314=AXIS2_PLACEMENT_3D('',#679,#680,#681);
#315=EDGE_LOOP('',(#682,#683,#684,#685,#686,#687));
#316=AXIS2_PLACEMENT_3D('',#688,#689,#690);
#317=EDGE_LOOP('',(#691,#692,#693,#694));
#318=AXIS2_PLACEMENT_3D('',#695,#696,#697);
#319=EDGE_LOOP('',(#698,#699,#700,#701,#702));
#320=AXIS2_PLACEMENT_3D('',#703,#704,#705);
#321=EDGE_LOOP('',(#706,#707,#708,#709,#710));
#322=AXIS2_PLACEMENT_3D('',#711,#712,#713);
#323=EDGE_LOOP('',(#714,#715,#716,#717));
#324=AXIS2_PLACEMENT_3D('',#718,#719,#720);
#325=EDGE_LOOP('',(#721,#722,#723,#724));
#326=AXIS2_PLACEMENT_3D('',#725,#726,#727);
#327=EDGE_LOOP('',(#728,#729,#730,#731));
#328=AXIS2_PLACEMENT_3D('',#732,#733,#734);
#329=EDGE_LOOP('',(#735,#736,#737,#738));
#330=AXIS2_PLACEMENT_3D('',#739,#740,#741);
#331=EDGE_LOOP('',(#742,#743,#744,#745,#746));
#332=AXIS2_PLACEMENT_3D('',#747,#748,#749);
#333=EDGE_LOOP('',(#750,#751,#752,#753,#754));
#334=AXIS2_PLACEMENT_3D('',#755,#756,#757);
#335=EDGE_LOOP('',(#758,#759,#760,#761,#762,#763));
#336=AXIS2_PLACEMENT_3D('',#764,#765,#766);
#337=EDGE_LOOP('',(#767,#768,#769,#770,#771,#772));
#338=AXIS2_PLACEMENT_3D('',#773,#774,#775);
#339=EDGE_LOOP('',(#776,#777,#778,#779,#780,#781,#782,#783,#784,#785,#786,#787,#788,#789,#790,#791,#792,#793,#794));
#340=AXIS2_PLACEMENT_3D('',#795,#796,#797);
#341=EDGE_LOOP('',(#798,#799,#800,#801));
#342=AXIS2_PLACEMENT_3D('',#802,#803,#804);
#343=EDGE_LOOP('',(#805,#806,#807,#808));
#344=AXIS2_PLACEMENT_3D('',#809,#810,#811);
#345=EDGE_LOOP('',(#812,#813,#814,#815));
#346=AXIS2_PLACEMENT_3D('',#816,#817,#818);
#347=EDGE_LOOP('',(#819,#820,#821,#822));
#348=AXIS2_PLACEMENT_3D('',#823,#824,#825);
#349=EDGE_LOOP('',(#826,#827,#828,#829,#830,#831,#832,#833));
#350=EDGE_LOOP('',(#834,#835));
#351=AXIS2_PLACEMENT_3D('',#836,#837,#838);
#352=EDGE_LOOP('',(#839,#840));
#353=EDGE_LOOP('',(#841,#842));
#354=AXIS2_PLACEMENT_3D('',#843,#844,#845);
#355=EDGE_LOOP('',(#846,#847,#848,#849));
#356=AXIS2_PLACEMENT_3D('',#850,#851,#852);
#357=EDGE_LOOP('',(#853,#854,#855,#856));
#358=AXIS2_PLACEMENT_3D('',#857,#858,#859);
#359=EDGE_LOOP('',(#860,#861,#862,#863));
#360=AXIS2_PLACEMENT_3D('',#864,#865,#866);
#361=ORIENTED_EDGE('',*,*,#867,.F.);
#362=ORIENTED_EDGE('',*,*,#868,.T.);
#363=ORIENTED_EDGE('',*,*,#869,.F.);
#364=ORIENTED_EDGE('',*,*,#870,.T.);
#365=CARTESIAN_POINT('',(2.89982957690283E-017,2.89982957690283E-017,0.47359375));
#366=DIRECTION('',(-6.12303176911189E-017,-6.12303176911189E-017,-1.0));
#367=DIRECTION('',(3.74915180455534E-033,-1.0,6.12303176911189E-017));
#368=ORIENTED_EDGE('',*,*,#871,.F.);
#369=ORIENTED_EDGE('',*,*,#870,.F.);
#370=ORIENTED_EDGE('',*,*,#872,.F.);
#371=ORIENTED_EDGE('',*,*,#873,.T.);
#372=ORIENTED_EDGE('',*,*,#874,.T.);
#373=ORIENTED_EDGE('',*,*,#875,.T.);
#374=ORIENTED_EDGE('',*,*,#876,.T.);
#375=ORIENTED_EDGE('',*,*,#877,.T.);
#376=ORIENTED_EDGE('',*,*,#878,.T.);
#377=ORIENTED_EDGE('',*,*,#879,.T.);
#378=ORIENTED_EDGE('',*,*,#880,.T.);
#379=ORIENTED_EDGE('',*,*,#881,.T.);
#380=ORIENTED_EDGE('',*,*,#882,.T.);
#381=ORIENTED_EDGE('',*,*,#883,.T.);
#382=ORIENTED_EDGE('',*,*,#884,.T.);
#383=ORIENTED_EDGE('',*,*,#885,.T.);
#384=ORIENTED_EDGE('',*,*,#886,.T.);
#385=ORIENTED_EDGE('',*,*,#887,.T.);
#386=ORIENTED_EDGE('',*,*,#888,.T.);
#387=CARTESIAN_POINT('',(3.06151588455594E-016,3.06151588455594E-016,5.0));
#388=DIRECTION('',(6.12303176911189E-017,6.12303176911189E-017,1.0));
#389=DIRECTION('',(3.74915180455534E-033,-1.0,6.12303176911189E-017));
#390=ORIENTED_EDGE('',*,*,#889,.F.);
#391=ORIENTED_EDGE('',*,*,#890,.T.);
#392=ORIENTED_EDGE('',*,*,#891,.T.);
#393=ORIENTED_EDGE('',*,*,#892,.T.);
#394=ORIENTED_EDGE('',*,*,#893,.F.);
#395=ORIENTED_EDGE('',*,*,#894,.T.);
#396=CARTESIAN_POINT('',(5.84471214324316E-016,5.84471214324316E-016,9.54545454545455));
#397=DIRECTION('',(-6.12303176911189E-017,-6.12303176911189E-017,-1.0));
#398=DIRECTION('',(3.74915180455534E-033,-1.0,6.12303176911189E-017));
#399=ORIENTED_EDGE('',*,*,#895,.F.);
#400=ORIENTED_EDGE('',*,*,#896,.T.);
#401=ORIENTED_EDGE('',*,*,#897,.F.);
#402=ORIENTED_EDGE('',*,*,#898,.T.);
#403=ORIENTED_EDGE('',*,*,#899,.T.);
#404=ORIENTED_EDGE('',*,*,#900,.T.);
#405=CARTESIAN_POINT('',(2.78319625868722E-017,2.78319625868722E-017,0.454545454545455));
#406=DIRECTION('',(6.12303176911189E-017,6.12303176911189E-017,1.0));
#407=DIRECTION('',(3.74915180455534E-033,-1.0,6.12303176911189E-017));
#408=ORIENTED_EDGE('',*,*,#901,.F.);
#409=ORIENTED_EDGE('',*,*,#902,.F.);
#410=ORIENTED_EDGE('',*,*,#903,.F.);
#411=ORIENTED_EDGE('',*,*,#881,.F.);
#412=CARTESIAN_POINT('',(7.19456232870647E-016,3.97997064992273E-016,11.75));
#413=DIRECTION('',(-1.0,0.0,6.12303176911189E-017));
#414=DIRECTION('',(-6.12303176911189E-017,1.22460635382238E-016,-1.0));
#415=ORIENTED_EDGE('',*,*,#904,.F.);
#416=ORIENTED_EDGE('',*,*,#905,.F.);
#417=ORIENTED_EDGE('',*,*,#906,.F.);
#418=ORIENTED_EDGE('',*,*,#886,.F.);
#419=CARTESIAN_POINT('',(3.74780663955692E-016,1.98998532496136E-016,11.75));
#420=DIRECTION('',(-0.5,-0.866025403784439,3.06151588455594E-017));
#421=DIRECTION('',(-1.6728433889572E-016,6.12303176911189E-017,-1.0));
#422=ORIENTED_EDGE('',*,*,#907,.F.);
#423=ORIENTED_EDGE('',*,*,#888,.F.);
#424=ORIENTED_EDGE('',*,*,#908,.T.);
#425=ORIENTED_EDGE('',*,*,#909,.T.);
#426=CARTESIAN_POINT('',(8.89456469597755E-016,8.89456469597755E-016,14.52640625));
#427=DIRECTION('',(6.12303176911189E-017,6.12303176911189E-017,1.0));
#428=DIRECTION('',(3.74915180455534E-033,-1.0,6.12303176911189E-017));
#429=ORIENTED_EDGE('',*,*,#910,.F.);
#430=ORIENTED_EDGE('',*,*,#911,.F.);
#431=ORIENTED_EDGE('',*,*,#912,.F.);
#432=ORIENTED_EDGE('',*,*,#913,.F.);
#433=CARTESIAN_POINT('',(3.74780663955692E-016,-1.98998532496136E-016,11.75));
#434=DIRECTION('',(0.5,-0.866025403784439,-3.06151588455594E-017));
#435=DIRECTION('',(-1.6728433889572E-016,-6.12303176911188E-017,-1.0));
#436=ORIENTED_EDGE('',*,*,#914,.F.);
#437=ORIENTED_EDGE('',*,*,#915,.F.);
#438=ORIENTED_EDGE('',*,*,#916,.F.);
#439=ORIENTED_EDGE('',*,*,#917,.F.);
#440=CARTESIAN_POINT('',(7.19456232870647E-016,-3.97997064992273E-016,11.75));
#441=DIRECTION('',(1.0,-1.22460635382238E-016,-6.12303176911189E-017));
#442=DIRECTION('',(-6.12303176911189E-017,-1.22460635382238E-016,-1.0));
#443=ORIENTED_EDGE('',*,*,#918,.F.);
#444=ORIENTED_EDGE('',*,*,#919,.F.);
#445=ORIENTED_EDGE('',*,*,#920,.F.);
#446=ORIENTED_EDGE('',*,*,#921,.F.);
#447=CARTESIAN_POINT('',(1.0641318017856E-015,-1.98998532496136E-016,11.75));
#448=DIRECTION('',(0.5,0.866025403784438,-3.06151588455595E-017));
#449=DIRECTION('',(4.48237035134824E-017,-6.12303176911189E-017,-1.0));
#450=ORIENTED_EDGE('',*,*,#922,.F.);
#451=ORIENTED_EDGE('',*,*,#923,.T.);
#452=ORIENTED_EDGE('',*,*,#924,.T.);
#453=ORIENTED_EDGE('',*,*,#873,.F.);
#454=CARTESIAN_POINT('',(8.89456469597755E-016,8.89456469597755E-016,14.52640625));
#455=DIRECTION('',(6.12303176911189E-017,6.12303176911189E-017,1.0));
#456=DIRECTION('',(3.74915180455534E-033,-1.0,6.12303176911189E-017));
#457=ORIENTED_EDGE('',*,*,#925,.F.);
#458=ORIENTED_EDGE('',*,*,#926,.F.);
#459=ORIENTED_EDGE('',*,*,#927,.F.);
#460=ORIENTED_EDGE('',*,*,#876,.F.);
#461=CARTESIAN_POINT('',(1.0641318017856E-015,1.98998532496136E-016,11.75));
#462=DIRECTION('',(-0.499999999999999,0.866025403784439,3.06151588455594E-017));
#463=DIRECTION('',(4.48237035134825E-017,6.12303176911188E-017,-1.0));
#464=ORIENTED_EDGE('',*,*,#928,.F.);
#465=ORIENTED_EDGE('',*,*,#929,.F.);
#466=ORIENTED_EDGE('',*,*,#930,.T.);
#467=ORIENTED_EDGE('',*,*,#919,.T.);
#468=ORIENTED_EDGE('',*,*,#931,.F.);
#469=CARTESIAN_POINT('',(4.59227382683391E-016,4.59227382683391E-016,7.5));
#470=DIRECTION('',(6.12303176911189E-017,6.12303176911189E-017,1.0));
#471=DIRECTION('',(3.74915180455534E-033,-1.0,6.12303176911189E-017));
#472=ORIENTED_EDGE('',*,*,#932,.F.);
#473=ORIENTED_EDGE('',*,*,#933,.F.);
#474=ORIENTED_EDGE('',*,*,#934,.T.);
#475=ORIENTED_EDGE('',*,*,#935,.T.);
#476=ORIENTED_EDGE('',*,*,#936,.F.);
#477=CARTESIAN_POINT('',(4.59227382683391E-016,4.59227382683391E-016,7.5));
#478=DIRECTION('',(6.12303176911189E-017,6.12303176911189E-017,1.0));
#479=DIRECTION('',(3.74915180455534E-033,-1.0,6.12303176911189E-017));
#480=ORIENTED_EDGE('',*,*,#937,.F.);
#481=ORIENTED_EDGE('',*,*,#938,.T.);
#482=ORIENTED_EDGE('',*,*,#939,.T.);
#483=ORIENTED_EDGE('',*,*,#940,.F.);
#484=ORIENTED_EDGE('',*,*,#941,.T.);
#485=ORIENTED_EDGE('',*,*,#902,.T.);
#486=CARTESIAN_POINT('',(4.59227382683391E-016,4.59227382683391E-016,7.5));
#487=DIRECTION('',(6.12303176911189E-017,6.12303176911189E-017,1.0));
#488=DIRECTION('',(3.74915180455534E-033,-1.0,6.12303176911189E-017));
#489=ORIENTED_EDGE('',*,*,#932,.T.);
#490=ORIENTED_EDGE('',*,*,#942,.F.);
#491=ORIENTED_EDGE('',*,*,#943,.T.);
#492=ORIENTED_EDGE('',*,*,#905,.T.);
#493=ORIENTED_EDGE('',*,*,#944,.F.);
#494=CARTESIAN_POINT('',(4.59227382683391E-016,4.59227382683391E-016,7.5));
#495=DIRECTION('',(6.12303176911189E-017,6.12303176911189E-017,1.0));
#496=DIRECTION('',(3.74915180455534E-033,-1.0,6.12303176911189E-017));
#497=ORIENTED_EDGE('',*,*,#945,.F.);
#498=ORIENTED_EDGE('',*,*,#946,.T.);
#499=ORIENTED_EDGE('',*,*,#947,.T.);
#500=ORIENTED_EDGE('',*,*,#948,.F.);
#501=ORIENTED_EDGE('',*,*,#949,.T.);
#502=ORIENTED_EDGE('',*,*,#911,.T.);
#503=CARTESIAN_POINT('',(4.59227382683391E-016,4.59227382683391E-016,7.5));
#504=DIRECTION('',(6.12303176911189E-017,6.12303176911189E-017,1.0));
#505=DIRECTION('',(3.74915180455534E-033,-1.0,6.12303176911189E-017));
#506=ORIENTED_EDGE('',*,*,#950,.F.);
#507=ORIENTED_EDGE('',*,*,#951,.T.);
#508=ORIENTED_EDGE('',*,*,#952,.T.);
#509=ORIENTED_EDGE('',*,*,#953,.F.);
#510=ORIENTED_EDGE('',*,*,#954,.T.);
#511=ORIENTED_EDGE('',*,*,#915,.T.);
#512=CARTESIAN_POINT('',(4.59227382683391E-016,4.59227382683391E-016,7.5));
#513=DIRECTION('',(6.12303176911189E-017,6.12303176911189E-017,1.0));
#514=DIRECTION('',(3.74915180455534E-033,-1.0,6.12303176911189E-017));
#515=ORIENTED_EDGE('',*,*,#928,.T.);
#516=ORIENTED_EDGE('',*,*,#955,.F.);
#517=ORIENTED_EDGE('',*,*,#956,.T.);
#518=ORIENTED_EDGE('',*,*,#957,.T.);
#519=ORIENTED_EDGE('',*,*,#958,.F.);
#520=CARTESIAN_POINT('',(4.59227382683391E-016,4.59227382683391E-016,7.5));
#521=DIRECTION('',(6.12303176911189E-017,6.12303176911189E-017,1.0));
#522=DIRECTION('',(3.74915180455534E-033,-1.0,6.12303176911189E-017));
#523=ORIENTED_EDGE('',*,*,#959,.F.);
#524=ORIENTED_EDGE('',*,*,#960,.T.);
#525=ORIENTED_EDGE('',*,*,#961,.T.);
#526=ORIENTED_EDGE('',*,*,#962,.F.);
#527=ORIENTED_EDGE('',*,*,#963,.T.);
#528=ORIENTED_EDGE('',*,*,#926,.T.);
#529=CARTESIAN_POINT('',(4.59227382683391E-016,4.59227382683391E-016,7.5));
#530=DIRECTION('',(6.12303176911189E-017,6.12303176911189E-017,1.0));
#531=DIRECTION('',(3.74915180455534E-033,-1.0,6.12303176911189E-017));
#532=ORIENTED_EDGE('',*,*,#957,.F.);
#533=ORIENTED_EDGE('',*,*,#964,.F.);
#534=ORIENTED_EDGE('',*,*,#874,.F.);
#535=ORIENTED_EDGE('',*,*,#924,.F.);
#536=ORIENTED_EDGE('',*,*,#965,.F.);
#537=CARTESIAN_POINT('',(1.51554445662277,0.874999999999999,13.375));
#538=DIRECTION('',(0.866025403784439,0.499999999999999,6.9433624779937E-017));
#539=DIRECTION('',(4.48237035134825E-017,6.12303176911188E-017,-1.0));
#540=ORIENTED_EDGE('',*,*,#963,.F.);
#541=ORIENTED_EDGE('',*,*,#966,.F.);
#542=ORIENTED_EDGE('',*,*,#967,.F.);
#543=ORIENTED_EDGE('',*,*,#877,.F.);
#544=ORIENTED_EDGE('',*,*,#927,.T.);
#545=CARTESIAN_POINT('',(-1.51554445662277,-0.874999999999999,13.375));
#546=DIRECTION('',(-0.866025403784439,-0.499999999999999,-6.9433624779937E-017));
#547=DIRECTION('',(-4.48237035134825E-017,-6.12303176911188E-017,1.0));
#548=ORIENTED_EDGE('',*,*,#925,.T.);
#549=ORIENTED_EDGE('',*,*,#875,.F.);
#550=ORIENTED_EDGE('',*,*,#964,.T.);
#551=ORIENTED_EDGE('',*,*,#956,.F.);
#552=CARTESIAN_POINT('',(1.0641318017856E-015,1.98998532496136E-016,11.75));
#553=DIRECTION('',(-0.499999999999999,0.866025403784439,3.06151588455594E-017));
#554=DIRECTION('',(4.48237035134825E-017,6.12303176911188E-017,-1.0));
#555=ORIENTED_EDGE('',*,*,#966,.T.);
#556=ORIENTED_EDGE('',*,*,#962,.T.);
#557=ORIENTED_EDGE('',*,*,#968,.T.);
#558=ORIENTED_EDGE('',*,*,#969,.F.);
#559=CARTESIAN_POINT('',(9.18454765366783E-016,-7.25,15.0));
#560=DIRECTION('',(6.12303176911189E-017,6.12303176911189E-017,1.0));
#561=DIRECTION('',(3.74915180455534E-033,-1.0,6.12303176911189E-017));
#562=ORIENTED_EDGE('',*,*,#965,.T.);
#563=ORIENTED_EDGE('',*,*,#923,.F.);
#564=ORIENTED_EDGE('',*,*,#970,.F.);
#565=ORIENTED_EDGE('',*,*,#971,.T.);
#566=ORIENTED_EDGE('',*,*,#929,.T.);
#567=ORIENTED_EDGE('',*,*,#958,.T.);
#568=CARTESIAN_POINT('',(9.18454765366783E-016,-7.25,15.0));
#569=DIRECTION('',(6.12303176911189E-017,6.12303176911189E-017,1.0));
#570=DIRECTION('',(3.74915180455534E-033,-1.0,6.12303176911189E-017));
#571=ORIENTED_EDGE('',*,*,#967,.T.);
#572=ORIENTED_EDGE('',*,*,#969,.T.);
#573=ORIENTED_EDGE('',*,*,#972,.T.);
#574=ORIENTED_EDGE('',*,*,#878,.F.);
#575=CARTESIAN_POINT('',(8.89456469597755E-016,8.89456469597755E-016,14.52640625));
#576=DIRECTION('',(6.12303176911189E-017,6.12303176911189E-017,1.0));
#577=DIRECTION('',(3.74915180455534E-033,-1.0,6.12303176911189E-017));
#578=ORIENTED_EDGE('',*,*,#922,.T.);
#579=ORIENTED_EDGE('',*,*,#973,.F.);
#580=ORIENTED_EDGE('',*,*,#974,.T.);
#581=ORIENTED_EDGE('',*,*,#970,.T.);
#582=CARTESIAN_POINT('',(8.89456469597755E-016,8.89456469597755E-016,14.52640625));
#583=DIRECTION('',(6.12303176911189E-017,6.12303176911189E-017,1.0));
#584=DIRECTION('',(3.74915180455534E-033,-1.0,6.12303176911189E-017));
#585=ORIENTED_EDGE('',*,*,#952,.F.);
#586=ORIENTED_EDGE('',*,*,#975,.F.);
#587=ORIENTED_EDGE('',*,*,#976,.F.);
#588=ORIENTED_EDGE('',*,*,#977,.F.);
#589=ORIENTED_EDGE('',*,*,#978,.F.);
#590=CARTESIAN_POINT('',(1.51554445662277,-0.875000000000001,13.375));
#591=DIRECTION('',(0.866025403784438,-0.5,6.94336247799371E-017));
#592=DIRECTION('',(4.48237035134825E-017,-6.12303176911189E-017,-1.0));
#593=ORIENTED_EDGE('',*,*,#930,.F.);
#594=ORIENTED_EDGE('',*,*,#971,.F.);
#595=ORIENTED_EDGE('',*,*,#974,.F.);
#596=ORIENTED_EDGE('',*,*,#979,.F.);
#597=ORIENTED_EDGE('',*,*,#920,.T.);
#598=CARTESIAN_POINT('',(-1.51554445662277,0.875000000000001,13.375));
#599=DIRECTION('',(-0.866025403784438,0.5,-6.94336247799371E-017));
#600=DIRECTION('',(-4.48237035134825E-017,6.12303176911189E-017,1.0));
#601=ORIENTED_EDGE('',*,*,#918,.T.);
#602=ORIENTED_EDGE('',*,*,#980,.F.);
#603=ORIENTED_EDGE('',*,*,#975,.T.);
#604=ORIENTED_EDGE('',*,*,#951,.F.);
#605=CARTESIAN_POINT('',(1.0641318017856E-015,-1.98998532496136E-016,11.75));
#606=DIRECTION('',(0.5,0.866025403784438,-3.06151588455595E-017));
#607=DIRECTION('',(4.48237035134824E-017,-6.12303176911189E-017,-1.0));
#608=ORIENTED_EDGE('',*,*,#978,.T.);
#609=ORIENTED_EDGE('',*,*,#981,.F.);
#610=ORIENTED_EDGE('',*,*,#982,.T.);
#611=ORIENTED_EDGE('',*,*,#953,.T.);
#612=CARTESIAN_POINT('',(9.18454765366783E-016,-7.25,15.0));
#613=DIRECTION('',(6.12303176911189E-017,6.12303176911189E-017,1.0));
#614=DIRECTION('',(3.74915180455534E-033,-1.0,6.12303176911189E-017));
#615=ORIENTED_EDGE('',*,*,#977,.T.);
#616=ORIENTED_EDGE('',*,*,#983,.F.);
#617=ORIENTED_EDGE('',*,*,#984,.T.);
#618=ORIENTED_EDGE('',*,*,#981,.T.);
#619=CARTESIAN_POINT('',(8.89456469597755E-016,8.89456469597755E-016,14.52640625));
#620=DIRECTION('',(6.12303176911189E-017,6.12303176911189E-017,1.0));
#621=DIRECTION('',(3.74915180455534E-033,-1.0,6.12303176911189E-017));
#622=ORIENTED_EDGE('',*,*,#947,.F.);
#623=ORIENTED_EDGE('',*,*,#985,.F.);
#624=ORIENTED_EDGE('',*,*,#986,.F.);
#625=ORIENTED_EDGE('',*,*,#987,.F.);
#626=ORIENTED_EDGE('',*,*,#988,.F.);
#627=CARTESIAN_POINT('',(6.04649387199799E-016,-1.75,13.375));
#628=DIRECTION('',(-1.22460635382238E-016,-1.0,1.22460635382238E-016));
#629=DIRECTION('',(-6.12303176911189E-017,-1.22460635382238E-016,-1.0));
#630=ORIENTED_EDGE('',*,*,#954,.F.);
#631=ORIENTED_EDGE('',*,*,#982,.F.);
#632=ORIENTED_EDGE('',*,*,#984,.F.);
#633=ORIENTED_EDGE('',*,*,#989,.F.);
#634=ORIENTED_EDGE('',*,*,#916,.T.);
#635=CARTESIAN_POINT('',(1.03326161103763E-015,1.75,13.375));
#636=DIRECTION('',(1.22460635382238E-016,1.0,-1.22460635382238E-016));
#637=DIRECTION('',(6.12303176911189E-017,1.22460635382238E-016,1.0));
#638=ORIENTED_EDGE('',*,*,#914,.T.);
#639=ORIENTED_EDGE('',*,*,#990,.F.);
#640=ORIENTED_EDGE('',*,*,#985,.T.);
#641=ORIENTED_EDGE('',*,*,#946,.F.);
#642=CARTESIAN_POINT('',(7.19456232870647E-016,-3.97997064992273E-016,11.75));
#643=DIRECTION('',(1.0,-1.22460635382238E-016,-6.12303176911189E-017));
#644=DIRECTION('',(-6.12303176911189E-017,-1.22460635382238E-016,-1.0));
#645=ORIENTED_EDGE('',*,*,#988,.T.);
#646=ORIENTED_EDGE('',*,*,#991,.F.);
#647=ORIENTED_EDGE('',*,*,#992,.T.);
#648=ORIENTED_EDGE('',*,*,#948,.T.);
#649=CARTESIAN_POINT('',(9.18454765366783E-016,-7.25,15.0));
#650=DIRECTION('',(6.12303176911189E-017,6.12303176911189E-017,1.0));
#651=DIRECTION('',(3.74915180455534E-033,-1.0,6.12303176911189E-017));
#652=ORIENTED_EDGE('',*,*,#987,.T.);
#653=ORIENTED_EDGE('',*,*,#993,.F.);
#654=ORIENTED_EDGE('',*,*,#994,.T.);
#655=ORIENTED_EDGE('',*,*,#991,.T.);
#656=CARTESIAN_POINT('',(8.89456469597755E-016,8.89456469597755E-016,14.52640625));
#657=DIRECTION('',(6.12303176911189E-017,6.12303176911189E-017,1.0));
#658=DIRECTION('',(3.74915180455534E-033,-1.0,6.12303176911189E-017));
#659=ORIENTED_EDGE('',*,*,#935,.F.);
#660=ORIENTED_EDGE('',*,*,#995,.F.);
#661=ORIENTED_EDGE('',*,*,#996,.F.);
#662=ORIENTED_EDGE('',*,*,#997,.F.);
#663=ORIENTED_EDGE('',*,*,#998,.F.);
#664=CARTESIAN_POINT('',(-1.51554445662277,-0.875,13.375));
#665=DIRECTION('',(-0.866025403784439,-0.5,1.75487645984538E-016));
#666=DIRECTION('',(-1.6728433889572E-016,-6.12303176911189E-017,-1.0));
#667=ORIENTED_EDGE('',*,*,#949,.F.);
#668=ORIENTED_EDGE('',*,*,#992,.F.);
#669=ORIENTED_EDGE('',*,*,#994,.F.);
#670=ORIENTED_EDGE('',*,*,#999,.F.);
#671=ORIENTED_EDGE('',*,*,#912,.T.);
#672=CARTESIAN_POINT('',(1.51554445662277,0.875,13.375));
#673=DIRECTION('',(0.866025403784439,0.5,-1.75487645984538E-016));
#674=DIRECTION('',(1.6728433889572E-016,6.12303176911189E-017,1.0));
#675=ORIENTED_EDGE('',*,*,#910,.T.);
#676=ORIENTED_EDGE('',*,*,#1000,.F.);
#677=ORIENTED_EDGE('',*,*,#995,.T.);
#678=ORIENTED_EDGE('',*,*,#934,.F.);
#679=CARTESIAN_POINT('',(3.74780663955692E-016,-1.98998532496136E-016,11.75));
#680=DIRECTION('',(0.5,-0.866025403784439,-3.06151588455594E-017));
#681=DIRECTION('',(-1.6728433889572E-016,-6.12303176911188E-017,-1.0));
#682=ORIENTED_EDGE('',*,*,#998,.T.);
#683=ORIENTED_EDGE('',*,*,#1001,.F.);
#684=ORIENTED_EDGE('',*,*,#909,.F.);
#685=ORIENTED_EDGE('',*,*,#1002,.T.);
#686=ORIENTED_EDGE('',*,*,#942,.T.);
#687=ORIENTED_EDGE('',*,*,#936,.T.);
#688=CARTESIAN_POINT('',(9.18454765366783E-016,-7.25,15.0));
#689=DIRECTION('',(6.12303176911189E-017,6.12303176911189E-017,1.0));
#690=DIRECTION('',(3.74915180455534E-033,-1.0,6.12303176911189E-017));
#691=ORIENTED_EDGE('',*,*,#907,.T.);
#692=ORIENTED_EDGE('',*,*,#1001,.T.);
#693=ORIENTED_EDGE('',*,*,#997,.T.);
#694=ORIENTED_EDGE('',*,*,#1003,.F.);
#695=CARTESIAN_POINT('',(8.89456469597755E-016,8.89456469597755E-016,14.52640625));
#696=DIRECTION('',(6.12303176911189E-017,6.12303176911189E-017,1.0));
#697=DIRECTION('',(3.74915180455534E-033,-1.0,6.12303176911189E-017));
#698=ORIENTED_EDGE('',*,*,#939,.F.);
#699=ORIENTED_EDGE('',*,*,#1004,.F.);
#700=ORIENTED_EDGE('',*,*,#884,.F.);
#701=ORIENTED_EDGE('',*,*,#1005,.F.);
#702=ORIENTED_EDGE('',*,*,#1006,.F.);
#703=CARTESIAN_POINT('',(-1.51554445662277,0.875,13.375));
#704=DIRECTION('',(-0.866025403784439,0.5,1.75487645984538E-016));
#705=DIRECTION('',(-1.6728433889572E-016,6.12303176911189E-017,-1.0));
#706=ORIENTED_EDGE('',*,*,#943,.F.);
#707=ORIENTED_EDGE('',*,*,#1002,.F.);
#708=ORIENTED_EDGE('',*,*,#908,.F.);
#709=ORIENTED_EDGE('',*,*,#887,.F.);
#710=ORIENTED_EDGE('',*,*,#906,.T.);
#711=CARTESIAN_POINT('',(1.51554445662277,-0.875,13.375));
#712=DIRECTION('',(0.866025403784439,-0.5,-1.75487645984538E-016));
#713=DIRECTION('',(1.6728433889572E-016,-6.12303176911189E-017,1.0));
#714=ORIENTED_EDGE('',*,*,#904,.T.);
#715=ORIENTED_EDGE('',*,*,#885,.F.);
#716=ORIENTED_EDGE('',*,*,#1004,.T.);
#717=ORIENTED_EDGE('',*,*,#938,.F.);
#718=CARTESIAN_POINT('',(3.74780663955692E-016,1.98998532496136E-016,11.75));
#719=DIRECTION('',(-0.5,-0.866025403784439,3.06151588455594E-017));
#720=DIRECTION('',(-1.6728433889572E-016,6.12303176911189E-017,-1.0));
#721=ORIENTED_EDGE('',*,*,#1006,.T.);
#722=ORIENTED_EDGE('',*,*,#1007,.F.);
#723=ORIENTED_EDGE('',*,*,#1008,.T.);
#724=ORIENTED_EDGE('',*,*,#940,.T.);
#725=CARTESIAN_POINT('',(9.18454765366783E-016,-7.25,15.0));
#726=DIRECTION('',(6.12303176911189E-017,6.12303176911189E-017,1.0));
#727=DIRECTION('',(3.74915180455534E-033,-1.0,6.12303176911189E-017));
#728=ORIENTED_EDGE('',*,*,#1005,.T.);
#729=ORIENTED_EDGE('',*,*,#883,.F.);
#730=ORIENTED_EDGE('',*,*,#1009,.T.);
#731=ORIENTED_EDGE('',*,*,#1007,.T.);
#732=CARTESIAN_POINT('',(8.89456469597755E-016,8.89456469597755E-016,14.52640625));
#733=DIRECTION('',(6.12303176911189E-017,6.12303176911189E-017,1.0));
#734=DIRECTION('',(3.74915180455534E-033,-1.0,6.12303176911189E-017));
#735=ORIENTED_EDGE('',*,*,#901,.T.);
#736=ORIENTED_EDGE('',*,*,#880,.F.);
#737=ORIENTED_EDGE('',*,*,#1010,.T.);
#738=ORIENTED_EDGE('',*,*,#960,.F.);
#739=CARTESIAN_POINT('',(7.19456232870647E-016,3.97997064992273E-016,11.75));
#740=DIRECTION('',(-1.0,0.0,6.12303176911189E-017));
#741=DIRECTION('',(-6.12303176911189E-017,1.22460635382238E-016,-1.0));
#742=ORIENTED_EDGE('',*,*,#941,.F.);
#743=ORIENTED_EDGE('',*,*,#1008,.F.);
#744=ORIENTED_EDGE('',*,*,#1009,.F.);
#745=ORIENTED_EDGE('',*,*,#882,.F.);
#746=ORIENTED_EDGE('',*,*,#903,.T.);
#747=CARTESIAN_POINT('',(8.18955499118715E-016,-1.75,13.375));
#748=DIRECTION('',(-7.49830360911069E-033,-1.0,-1.22460635382238E-016));
#749=DIRECTION('',(6.12303176911189E-017,-1.22460635382238E-016,1.0));
#750=ORIENTED_EDGE('',*,*,#879,.F.);
#751=ORIENTED_EDGE('',*,*,#972,.F.);
#752=ORIENTED_EDGE('',*,*,#968,.F.);
#753=ORIENTED_EDGE('',*,*,#961,.F.);
#754=ORIENTED_EDGE('',*,*,#1010,.F.);
#755=CARTESIAN_POINT('',(8.18955499118715E-016,1.75,13.375));
#756=DIRECTION('',(7.49830360911069E-033,1.0,1.22460635382238E-016));
#757=DIRECTION('',(-6.12303176911189E-017,1.22460635382238E-016,-1.0));
#758=ORIENTED_EDGE('',*,*,#895,.T.);
#759=ORIENTED_EDGE('',*,*,#1011,.T.);
#760=ORIENTED_EDGE('',*,*,#1012,.T.);
#761=ORIENTED_EDGE('',*,*,#1013,.T.);
#762=ORIENTED_EDGE('',*,*,#897,.T.);
#763=ORIENTED_EDGE('',*,*,#1014,.T.);
#764=CARTESIAN_POINT('',(2.78319625868722E-017,2.78319625868722E-017,0.454545454545455));
#765=DIRECTION('',(6.12303176911189E-017,6.12303176911189E-017,1.0));
#766=DIRECTION('',(3.74915180455534E-033,-1.0,6.12303176911189E-017));
#767=ORIENTED_EDGE('',*,*,#889,.T.);
#768=ORIENTED_EDGE('',*,*,#1015,.T.);
#769=ORIENTED_EDGE('',*,*,#893,.T.);
#770=ORIENTED_EDGE('',*,*,#1016,.T.);
#771=ORIENTED_EDGE('',*,*,#1017,.T.);
#772=ORIENTED_EDGE('',*,*,#1018,.T.);
#773=CARTESIAN_POINT('',(5.84471214324316E-016,5.84471214324316E-016,9.54545454545455));
#774=DIRECTION('',(-6.12303176911189E-017,-6.12303176911189E-017,-1.0));
#775=DIRECTION('',(3.74915180455534E-033,-1.0,6.12303176911189E-017));
#776=ORIENTED_EDGE('',*,*,#871,.T.);
#777=ORIENTED_EDGE('',*,*,#1003,.T.);
#778=ORIENTED_EDGE('',*,*,#996,.T.);
#779=ORIENTED_EDGE('',*,*,#1000,.T.);
#780=ORIENTED_EDGE('',*,*,#913,.T.);
#781=ORIENTED_EDGE('',*,*,#999,.T.);
#782=ORIENTED_EDGE('',*,*,#993,.T.);
#783=ORIENTED_EDGE('',*,*,#986,.T.);
#784=ORIENTED_EDGE('',*,*,#990,.T.);
#785=ORIENTED_EDGE('',*,*,#917,.T.);
#786=ORIENTED_EDGE('',*,*,#989,.T.);
#787=ORIENTED_EDGE('',*,*,#983,.T.);
#788=ORIENTED_EDGE('',*,*,#976,.T.);
#789=ORIENTED_EDGE('',*,*,#980,.T.);
#790=ORIENTED_EDGE('',*,*,#921,.T.);
#791=ORIENTED_EDGE('',*,*,#979,.T.);
#792=ORIENTED_EDGE('',*,*,#973,.T.);
#793=ORIENTED_EDGE('',*,*,#872,.T.);
#794=ORIENTED_EDGE('',*,*,#1019,.F.);
#795=CARTESIAN_POINT('',(3.06151588455594E-016,3.06151588455594E-016,5.0));
#796=DIRECTION('',(6.12303176911189E-017,6.12303176911189E-017,1.0));
#797=DIRECTION('',(3.74915180455534E-033,-1.0,6.12303176911189E-017));
#798=ORIENTED_EDGE('',*,*,#867,.T.);
#799=ORIENTED_EDGE('',*,*,#1019,.T.);
#800=ORIENTED_EDGE('',*,*,#869,.T.);
#801=ORIENTED_EDGE('',*,*,#1020,.T.);
#802=CARTESIAN_POINT('',(2.89982957690283E-017,2.89982957690283E-017,0.47359375));
#803=DIRECTION('',(-6.12303176911189E-017,-6.12303176911189E-017,-1.0));
#804=DIRECTION('',(3.74915180455534E-033,-1.0,6.12303176911189E-017));
#805=ORIENTED_EDGE('',*,*,#1012,.F.);
#806=ORIENTED_EDGE('',*,*,#1021,.T.);
#807=ORIENTED_EDGE('',*,*,#1017,.F.);
#808=ORIENTED_EDGE('',*,*,#1022,.F.);
#809=CARTESIAN_POINT('',(-9.5,0.0,0.0));
#810=DIRECTION('',(-1.0,0.0,0.0));
#811=DIRECTION('',(0.0,-1.0,0.0));
#812=ORIENTED_EDGE('',*,*,#1011,.F.);
#813=ORIENTED_EDGE('',*,*,#1023,.T.);
#814=ORIENTED_EDGE('',*,*,#1018,.F.);
#815=ORIENTED_EDGE('',*,*,#1021,.F.);
#816=CARTESIAN_POINT('',(-4.75,-8.229375,0.0));
#817=DIRECTION('',(-0.500097243556191,-0.865969252911153,0.0));
#818=DIRECTION('',(0.865969252911153,-0.500097243556191,0.0));
#819=ORIENTED_EDGE('',*,*,#898,.F.);
#820=ORIENTED_EDGE('',*,*,#1024,.T.);
#821=ORIENTED_EDGE('',*,*,#892,.F.);
#822=ORIENTED_EDGE('',*,*,#1025,.F.);
#823=CARTESIAN_POINT('',(4.75,8.229375,0.0));
#824=DIRECTION('',(0.500097243556191,0.865969252911153,0.0));
#825=DIRECTION('',(-0.865969252911153,0.500097243556191,0.0));
#826=ORIENTED_EDGE('',*,*,#959,.T.);
#827=ORIENTED_EDGE('',*,*,#955,.T.);
#828=ORIENTED_EDGE('',*,*,#931,.T.);
#829=ORIENTED_EDGE('',*,*,#950,.T.);
#830=ORIENTED_EDGE('',*,*,#945,.T.);
#831=ORIENTED_EDGE('',*,*,#933,.T.);
#832=ORIENTED_EDGE('',*,*,#944,.T.);
#833=ORIENTED_EDGE('',*,*,#937,.T.);
#834=ORIENTED_EDGE('',*,*,#1015,.F.);
#835=ORIENTED_EDGE('',*,*,#894,.F.);
#836=CARTESIAN_POINT('',(0.0,1.68208630880243E-016,10.0));
#837=DIRECTION('',(0.0,0.0,1.0));
#838=DIRECTION('',(1.0,0.0,0.0));
#839=ORIENTED_EDGE('',*,*,#868,.F.);
#840=ORIENTED_EDGE('',*,*,#1020,.F.);
#841=ORIENTED_EDGE('',*,*,#896,.F.);
#842=ORIENTED_EDGE('',*,*,#1014,.F.);
#843=CARTESIAN_POINT('',(0.0,1.68208630880243E-016,0.0));
#844=DIRECTION('',(0.0,0.0,1.0));
#845=DIRECTION('',(1.0,0.0,0.0));
#846=ORIENTED_EDGE('',*,*,#899,.F.);
#847=ORIENTED_EDGE('',*,*,#1025,.T.);
#848=ORIENTED_EDGE('',*,*,#891,.F.);
#849=ORIENTED_EDGE('',*,*,#1026,.F.);
#850=CARTESIAN_POINT('',(9.5,0.0,0.0));
#851=DIRECTION('',(1.0,0.0,0.0));
#852=DIRECTION('',(0.0,1.0,0.0));
#853=ORIENTED_EDGE('',*,*,#900,.F.);
#854=ORIENTED_EDGE('',*,*,#1026,.T.);
#855=ORIENTED_EDGE('',*,*,#890,.F.);
#856=ORIENTED_EDGE('',*,*,#1023,.F.);
#857=CARTESIAN_POINT('',(4.75,-8.229375,0.0));
#858=DIRECTION('',(0.500097243556191,-0.865969252911153,0.0));
#859=DIRECTION('',(0.865969252911153,0.500097243556191,0.0));
#860=ORIENTED_EDGE('',*,*,#1013,.F.);
#861=ORIENTED_EDGE('',*,*,#1022,.T.);
#862=ORIENTED_EDGE('',*,*,#1016,.F.);
#863=ORIENTED_EDGE('',*,*,#1024,.F.);
#864=CARTESIAN_POINT('',(-4.75,8.229375,0.0));
#865=DIRECTION('',(-0.500097243556191,0.865969252911153,0.0));
#866=DIRECTION('',(-0.865969252911153,-0.500097243556191,0.0));
#867=EDGE_CURVE('',#1027,#1028,#1029,.T.);
#868=EDGE_CURVE('',#1027,#1030,#1031,.T.);
#869=EDGE_CURVE('',#1032,#1030,#1033,.T.);
#870=EDGE_CURVE('',#1032,#1028,#1034,.T.);
#871=EDGE_CURVE('',#1028,#1035,#1036,.T.);
#872=EDGE_CURVE('',#1037,#1032,#1038,.T.);
#873=EDGE_CURVE('',#1037,#1039,#1040,.T.);
#874=EDGE_CURVE('',#1039,#1041,#1042,.T.);
#875=EDGE_CURVE('',#1041,#1043,#1044,.T.);
#876=EDGE_CURVE('',#1043,#1045,#1046,.T.);
#877=EDGE_CURVE('',#1045,#1047,#1048,.T.);
#878=EDGE_CURVE('',#1047,#1049,#1050,.T.);
#879=EDGE_CURVE('',#1049,#1051,#1052,.T.);
#880=EDGE_CURVE('',#1051,#1053,#1054,.T.);
#881=EDGE_CURVE('',#1053,#1055,#1056,.T.);
#882=EDGE_CURVE('',#1055,#1057,#1058,.T.);
#883=EDGE_CURVE('',#1057,#1059,#1060,.T.);
#884=EDGE_CURVE('',#1059,#1061,#1062,.T.);
#885=EDGE_CURVE('',#1061,#1063,#1064,.T.);
#886=EDGE_CURVE('',#1063,#1065,#1066,.T.);
#887=EDGE_CURVE('',#1065,#1067,#1068,.T.);
#888=EDGE_CURVE('',#1067,#1035,#1069,.T.);
#889=EDGE_CURVE('',#1070,#1071,#1072,.T.);
#890=EDGE_CURVE('',#1070,#1073,#1074,.T.);
#891=EDGE_CURVE('',#1073,#1075,#1076,.T.);
#892=EDGE_CURVE('',#1075,#1077,#1078,.T.);
#893=EDGE_CURVE('',#1079,#1077,#1080,.T.);
#894=EDGE_CURVE('',#1079,#1071,#1081,.T.);
#895=EDGE_CURVE('',#1082,#1083,#1084,.T.);
#896=EDGE_CURVE('',#1082,#1085,#1086,.T.);
#897=EDGE_CURVE('',#1087,#1085,#1088,.T.);
#898=EDGE_CURVE('',#1087,#1089,#1090,.T.);
#899=EDGE_CURVE('',#1089,#1091,#1092,.T.);
#900=EDGE_CURVE('',#1091,#1083,#1093,.T.);
#901=EDGE_CURVE('',#1094,#1053,#1095,.T.);
#902=EDGE_CURVE('',#1096,#1094,#1097,.T.);
#903=EDGE_CURVE('',#1055,#1096,#1098,.T.);
#904=EDGE_CURVE('',#1099,#1063,#1100,.T.);
#905=EDGE_CURVE('',#1101,#1099,#1102,.T.);
#906=EDGE_CURVE('',#1065,#1101,#1103,.T.);
#907=EDGE_CURVE('',#1035,#1104,#1105,.T.);
#908=EDGE_CURVE('',#1067,#1106,#1107,.T.);
#909=EDGE_CURVE('',#1106,#1104,#1108,.T.);
#910=EDGE_CURVE('',#1109,#1110,#1111,.T.);
#911=EDGE_CURVE('',#1112,#1109,#1113,.T.);
#912=EDGE_CURVE('',#1114,#1112,#1115,.T.);
#913=EDGE_CURVE('',#1110,#1114,#1116,.T.);
#914=EDGE_CURVE('',#1117,#1118,#1119,.T.);
#915=EDGE_CURVE('',#1120,#1117,#1121,.T.);
#916=EDGE_CURVE('',#1122,#1120,#1123,.T.);
#917=EDGE_CURVE('',#1118,#1122,#1124,.T.);
#918=EDGE_CURVE('',#1125,#1126,#1127,.T.);
#919=EDGE_CURVE('',#1128,#1125,#1129,.T.);
#920=EDGE_CURVE('',#1130,#1128,#1131,.T.);
#921=EDGE_CURVE('',#1126,#1130,#1132,.T.);
#922=EDGE_CURVE('',#1133,#1037,#1134,.T.);
#923=EDGE_CURVE('',#1133,#1135,#1136,.T.);
#924=EDGE_CURVE('',#1135,#1039,#1137,.T.);
#925=EDGE_CURVE('',#1138,#1043,#1139,.T.);
#926=EDGE_CURVE('',#1140,#1138,#1141,.T.);
#927=EDGE_CURVE('',#1045,#1140,#1142,.T.);
#928=EDGE_CURVE('',#1143,#1144,#1145,.T.);
#929=EDGE_CURVE('',#1146,#1143,#1147,.T.);
#930=EDGE_CURVE('',#1146,#1128,#1148,.T.);
#931=EDGE_CURVE('',#1144,#1125,#1149,.T.);
#932=EDGE_CURVE('',#1150,#1151,#1152,.T.);
#933=EDGE_CURVE('',#1109,#1150,#1153,.T.);
#934=EDGE_CURVE('',#1109,#1154,#1155,.T.);
#935=EDGE_CURVE('',#1154,#1156,#1157,.T.);
#936=EDGE_CURVE('',#1151,#1156,#1158,.T.);
#937=EDGE_CURVE('',#1099,#1094,#1159,.T.);
#938=EDGE_CURVE('',#1099,#1160,#1161,.T.);
#939=EDGE_CURVE('',#1160,#1162,#1163,.T.);
#940=EDGE_CURVE('',#1164,#1162,#1165,.T.);
#941=EDGE_CURVE('',#1164,#1096,#1166,.T.);
#942=EDGE_CURVE('',#1167,#1151,#1168,.T.);
#943=EDGE_CURVE('',#1167,#1101,#1169,.T.);
#944=EDGE_CURVE('',#1150,#1099,#1170,.T.);
#945=EDGE_CURVE('',#1117,#1109,#1171,.T.);
#946=EDGE_CURVE('',#1117,#1172,#1173,.T.);
#947=EDGE_CURVE('',#1172,#1174,#1175,.T.);
#948=EDGE_CURVE('',#1176,#1174,#1177,.T.);
#949=EDGE_CURVE('',#1176,#1112,#1178,.T.);
#950=EDGE_CURVE('',#1125,#1117,#1179,.T.);
#951=EDGE_CURVE('',#1125,#1180,#1181,.T.);
#952=EDGE_CURVE('',#1180,#1182,#1183,.T.);
#953=EDGE_CURVE('',#1184,#1182,#1185,.T.);
#954=EDGE_CURVE('',#1184,#1120,#1186,.T.);
#955=EDGE_CURVE('',#1138,#1144,#1187,.T.);
#956=EDGE_CURVE('',#1138,#1188,#1189,.T.);
#957=EDGE_CURVE('',#1188,#1190,#1191,.T.);
#958=EDGE_CURVE('',#1143,#1190,#1192,.T.);
#959=EDGE_CURVE('',#1094,#1138,#1193,.T.);
#960=EDGE_CURVE('',#1094,#1194,#1195,.T.);
#961=EDGE_CURVE('',#1194,#1196,#1197,.T.);
#962=EDGE_CURVE('',#1198,#1196,#1199,.T.);
#963=EDGE_CURVE('',#1198,#1140,#1200,.T.);
#964=EDGE_CURVE('',#1041,#1188,#1201,.T.);
#965=EDGE_CURVE('',#1190,#1135,#1202,.T.);
#966=EDGE_CURVE('',#1203,#1198,#1204,.T.);
#967=EDGE_CURVE('',#1047,#1203,#1205,.T.);
#968=EDGE_CURVE('',#1196,#1206,#1207,.T.);
#969=EDGE_CURVE('',#1203,#1206,#1208,.T.);
#970=EDGE_CURVE('',#1209,#1133,#1210,.T.);
#971=EDGE_CURVE('',#1209,#1146,#1211,.T.);
#972=EDGE_CURVE('',#1206,#1049,#1212,.T.);
#973=EDGE_CURVE('',#1213,#1037,#1214,.T.);
#974=EDGE_CURVE('',#1213,#1209,#1215,.T.);
#975=EDGE_CURVE('',#1216,#1180,#1217,.T.);
#976=EDGE_CURVE('',#1218,#1216,#1219,.T.);
#977=EDGE_CURVE('',#1220,#1218,#1221,.T.);
#978=EDGE_CURVE('',#1182,#1220,#1222,.T.);
#979=EDGE_CURVE('',#1130,#1213,#1223,.T.);
#980=EDGE_CURVE('',#1216,#1126,#1224,.T.);
#981=EDGE_CURVE('',#1225,#1220,#1226,.T.);
#982=EDGE_CURVE('',#1225,#1184,#1227,.T.);
#983=EDGE_CURVE('',#1228,#1218,#1229,.T.);
#984=EDGE_CURVE('',#1228,#1225,#1230,.T.);
#985=EDGE_CURVE('',#1231,#1172,#1232,.T.);
#986=EDGE_CURVE('',#1233,#1231,#1234,.T.);
#987=EDGE_CURVE('',#1235,#1233,#1236,.T.);
#988=EDGE_CURVE('',#1174,#1235,#1237,.T.);
#989=EDGE_CURVE('',#1122,#1228,#1238,.T.);
#990=EDGE_CURVE('',#1231,#1118,#1239,.T.);
#991=EDGE_CURVE('',#1240,#1235,#1241,.T.);
#992=EDGE_CURVE('',#1240,#1176,#1242,.T.);
#993=EDGE_CURVE('',#1243,#1233,#1244,.T.);
#994=EDGE_CURVE('',#1243,#1240,#1245,.T.);
#995=EDGE_CURVE('',#1246,#1154,#1247,.T.);
#996=EDGE_CURVE('',#1248,#1246,#1249,.T.);
#997=EDGE_CURVE('',#1250,#1248,#1251,.T.);
#998=EDGE_CURVE('',#1156,#1250,#1252,.T.);
#999=EDGE_CURVE('',#1114,#1243,#1253,.T.);
#1000=EDGE_CURVE('',#1246,#1110,#1254,.T.);
#1001=EDGE_CURVE('',#1104,#1250,#1255,.T.);
#1002=EDGE_CURVE('',#1106,#1167,#1256,.T.);
#1003=EDGE_CURVE('',#1035,#1248,#1257,.T.);
#1004=EDGE_CURVE('',#1061,#1160,#1258,.T.);
#1005=EDGE_CURVE('',#1259,#1059,#1260,.T.);
#1006=EDGE_CURVE('',#1162,#1259,#1261,.T.);
#1007=EDGE_CURVE('',#1262,#1259,#1263,.T.);
#1008=EDGE_CURVE('',#1262,#1164,#1264,.T.);
#1009=EDGE_CURVE('',#1057,#1262,#1265,.T.);
#1010=EDGE_CURVE('',#1051,#1194,#1266,.T.);
#1011=EDGE_CURVE('',#1083,#1267,#1268,.T.);
#1012=EDGE_CURVE('',#1267,#1269,#1270,.T.);
#1013=EDGE_CURVE('',#1269,#1087,#1271,.T.);
#1014=EDGE_CURVE('',#1085,#1082,#1272,.T.);
#1015=EDGE_CURVE('',#1071,#1079,#1273,.T.);
#1016=EDGE_CURVE('',#1077,#1274,#1275,.T.);
#1017=EDGE_CURVE('',#1274,#1276,#1277,.T.);
#1018=EDGE_CURVE('',#1276,#1070,#1278,.T.);
#1019=EDGE_CURVE('',#1028,#1032,#1279,.T.);
#1020=EDGE_CURVE('',#1030,#1027,#1280,.T.);
#1021=EDGE_CURVE('',#1267,#1276,#1281,.T.);
#1022=EDGE_CURVE('',#1269,#1274,#1282,.T.);
#1023=EDGE_CURVE('',#1083,#1070,#1283,.T.);
#1024=EDGE_CURVE('',#1087,#1077,#1284,.T.);
#1025=EDGE_CURVE('',#1089,#1075,#1285,.T.);
#1026=EDGE_CURVE('',#1091,#1073,#1286,.T.);
#1027=VERTEX_POINT('',#1287);
#1028=VERTEX_POINT('',#1288);
#1029=LINE('',#1289,#1290);
#1030=VERTEX_POINT('',#1291);
#1031=CIRCLE('',#1292,6.0);
#1032=VERTEX_POINT('',#1293);
#1033=LINE('',#1294,#1295);
#1034=CIRCLE('',#1296,5.0528125);
#1035=VERTEX_POINT('',#1297);
#1036=LINE('',#1298,#1299);
#1037=VERTEX_POINT('',#1300);
#1038=LINE('',#1301,#1302);
#1039=VERTEX_POINT('',#1303);
#1040=CIRCLE('',#1304,5.0528125);
#1041=VERTEX_POINT('',#1305);
#1042=LINE('',#1306,#1307);
#1043=VERTEX_POINT('',#1308);
#1044=B_SPLINE_CURVE_WITH_KNOTS('',3,(#1309,#1310,#1311,#1312,#1313,#1314,#1315,#1316,#1317,#1318,#1319,#1320,#1321,#1322,#1323,#1324,#1325,#1326,#1327,#1328,#1329,#1330,#1331,#1332,#1333,#1334,#1335,#1336,#1337,#1338,#1339,#1340,#1341,#1342,#1343,#1344,#1345,#1346,#1347),.UNSPECIFIED.,.F.,.F.,(4,2,2,2,2,2,2,2,2,2,2,2,2,2,2,2,2,3,4),(-5.65434493573855,-5.32165101549451,-4.98895709525047,-4.65626317500644,-4.3235692547624,-3.99087533451837,-3.65836287782559,-3.32585042113281,-2.99333796444003,-2.66082550774725,-2.32831305105448,-1.9958005943617,-1.66328813766892,-1.33077568097614,-0.998081760732108,-0.665387840488071,-0.332693920244035,0.0,0.332693920244036),.UNSPECIFIED.);
#1045=VERTEX_POINT('',#1348);
#1046=B_SPLINE_CURVE_WITH_KNOTS('',3,(#1349,#1350,#1351,#1352,#1353,#1354,#1355,#1356,#1357,#1358,#1359,#1360,#1361,#1362,#1363,#1364,#1365,#1366,#1367,#1368,#1369,#1370,#1371,#1372,#1373,#1374,#1375,#1376,#1377,#1378,#1379,#1380,#1381,#1382,#1383,#1384,#1385,#1386,#1387),.UNSPECIFIED.,.F.,.F.,(4,2,2,2,2,2,2,2,2,2,2,2,2,2,2,2,2,3,4),(-5.65434493573855,-5.32165101549451,-4.98895709525047,-4.65626317500644,-4.3235692547624,-3.99087533451837,-3.65836287782559,-3.32585042113281,-2.99333796444003,-2.66082550774725,-2.32831305105448,-1.9958005943617,-1.66328813766892,-1.33077568097614,-0.998081760732108,-0.665387840488071,-0.332693920244035,0.0,0.332693920244036),.UNSPECIFIED.);
#1047=VERTEX_POINT('',#1388);
#1048=LINE('',#1389,#1390);
#1049=VERTEX_POINT('',#1391);
#1050=CIRCLE('',#1392,5.0528125);
#1051=VERTEX_POINT('',#1393);
#1052=LINE('',#1394,#1395);
#1053=VERTEX_POINT('',#1396);
#1054=B_SPLINE_CURVE_WITH_KNOTS('',3,(#1397,#1398,#1399,#1400,#1401,#1402,#1403,#1404,#1405,#1406,#1407,#1408,#1409,#1410,#1411,#1412,#1413,#1414,#1415,#1416,#1417,#1418,#1419,#1420,#1421,#1422,#1423,#1424,#1425,#1426,#1427,#1428,#1429,#1430,#1431,#1432,#1433,#1434,#1435),.UNSPECIFIED.,.F.,.F.,(4,2,2,2,2,2,2,2,2,2,2,2,2,2,2,2,2,3,4),(-5.65434493573854,-5.32165101549451,-4.98895709525047,-4.65626317500644,-4.3235692547624,-3.99087533451837,-3.65836287782559,-3.32585042113281,-2.99333796444003,-2.66082550774725,-2.32831305105448,-1.9958005943617,-1.66328813766892,-1.33077568097614,-0.998081760732109,-0.665387840488073,-0.332693920244036,0.0,0.332693920244036),.UNSPECIFIED.);
#1055=VERTEX_POINT('',#1436);
#1056=B_SPLINE_CURVE_WITH_KNOTS('',3,(#1437,#1438,#1439,#1440,#1441,#1442,#1443,#1444,#1445,#1446,#1447,#1448,#1449,#1450,#1451,#1452,#1453,#1454,#1455,#1456,#1457,#1458,#1459,#1460,#1461,#1462,#1463,#1464,#1465,#1466,#1467,#1468,#1469,#1470,#1471,#1472,#1473,#1474,#1475),.UNSPECIFIED.,.F.,.F.,(4,2,2,2,2,2,2,2,2,2,2,2,2,2,2,2,2,3,4),(-5.65434493573854,-5.32165101549451,-4.98895709525047,-4.65626317500644,-4.3235692547624,-3.99087533451837,-3.65836287782559,-3.32585042113281,-2.99333796444003,-2.66082550774725,-2.32831305105448,-1.9958005943617,-1.66328813766892,-1.33077568097614,-0.998081760732109,-0.665387840488073,-0.332693920244036,0.0,0.332693920244036),.UNSPECIFIED.);
#1057=VERTEX_POINT('',#1476);
#1058=LINE('',#1477,#1478);
#1059=VERTEX_POINT('',#1479);
#1060=CIRCLE('',#1480,5.0528125);
#1061=VERTEX_POINT('',#1481);
#1062=LINE('',#1482,#1483);
#1063=VERTEX_POINT('',#1484);
#1064=B_SPLINE_CURVE_WITH_KNOTS('',3,(#1485,#1486,#1487,#1488,#1489,#1490,#1491,#1492,#1493,#1494,#1495,#1496,#1497,#1498,#1499,#1500,#1501,#1502,#1503,#1504,#1505,#1506,#1507,#1508,#1509,#1510,#1511,#1512,#1513,#1514,#1515,#1516,#1517,#1518,#1519,#1520,#1521,#1522,#1523),.UNSPECIFIED.,.F.,.F.,(4,2,2,2,2,2,2,2,2,2,2,2,2,2,2,2,2,3,4),(-5.65434493573855,-5.32165101549451,-4.98895709525047,-4.65626317500644,-4.3235692547624,-3.99087533451837,-3.65836287782559,-3.32585042113281,-2.99333796444003,-2.66082550774725,-2.32831305105448,-1.9958005943617,-1.66328813766892,-1.33077568097614,-0.998081760732109,-0.665387840488073,-0.332693920244036,0.0,0.332693920244036),.UNSPECIFIED.);
#1065=VERTEX_POINT('',#1524);
#1066=B_SPLINE_CURVE_WITH_KNOTS('',3,(#1525,#1526,#1527,#1528,#1529,#1530,#1531,#1532,#1533,#1534,#1535,#1536,#1537,#1538,#1539,#1540,#1541,#1542,#1543,#1544,#1545,#1546,#1547,#1548,#1549,#1550,#1551,#1552,#1553,#1554,#1555,#1556,#1557,#1558,#1559,#1560,#1561,#1562,#1563),.UNSPECIFIED.,.F.,.F.,(4,2,2,2,2,2,2,2,2,2,2,2,2,2,2,2,2,3,4),(-5.65434493573855,-5.32165101549451,-4.98895709525047,-4.65626317500644,-4.3235692547624,-3.99087533451837,-3.65836287782559,-3.32585042113281,-2.99333796444003,-2.66082550774725,-2.32831305105448,-1.9958005943617,-1.66328813766892,-1.33077568097614,-0.998081760732109,-0.665387840488073,-0.332693920244036,0.0,0.332693920244036),.UNSPECIFIED.);
#1067=VERTEX_POINT('',#1564);
#1068=LINE('',#1565,#1566);
#1069=CIRCLE('',#1567,5.0528125);
#1070=VERTEX_POINT('',#1568);
#1071=VERTEX_POINT('',#1569);
#1072=LINE('',#1570,#1571);
#1073=VERTEX_POINT('',#1572);
#1074=(B_SPLINE_CURVE(2,(#1574,#1575,#1576),.UNSPECIFIED.,.F.,.F.)B_SPLINE_CURVE_WITH_KNOTS((3,3),(0.0,11.0387862218972),.UNSPECIFIED.)RATIONAL_B_SPLINE_CURVE((1.0,1.15477541106486,1.0))BOUNDED_CURVE()REPRESENTATION_ITEM('')GEOMETRIC_REPRESENTATION_ITEM()CURVE());
#1075=VERTEX_POINT('',#1583);
#1076=(B_SPLINE_CURVE(2,(#1585,#1586,#1587),.UNSPECIFIED.,.F.,.F.)B_SPLINE_CURVE_WITH_KNOTS((3,3),(0.0,11.0453060274437),.UNSPECIFIED.)RATIONAL_B_SPLINE_CURVE((1.0,1.155,1.0))BOUNDED_CURVE()REPRESENTATION_ITEM('')GEOMETRIC_REPRESENTATION_ITEM()CURVE());
#1077=VERTEX_POINT('',#1594);
#1078=(B_SPLINE_CURVE(2,(#1596,#1597,#1598),.UNSPECIFIED.,.F.,.F.)B_SPLINE_CURVE_WITH_KNOTS((3,3),(0.0,11.0387862218972),.UNSPECIFIED.)RATIONAL_B_SPLINE_CURVE((1.0,1.15477541106485,1.0))BOUNDED_CURVE()REPRESENTATION_ITEM('')GEOMETRIC_REPRESENTATION_ITEM()CURVE());
#1079=VERTEX_POINT('',#1605);
#1080=LINE('',#1606,#1607);
#1081=CIRCLE('',#1608,8.72242104234883);
#1082=VERTEX_POINT('',#1609);
#1083=VERTEX_POINT('',#1610);
#1084=LINE('',#1611,#1612);
#1085=VERTEX_POINT('',#1613);
#1086=CIRCLE('',#1614,8.72242104234882);
#1087=VERTEX_POINT('',#1615);
#1088=LINE('',#1616,#1617);
#1089=VERTEX_POINT('',#1618);
#1090=(B_SPLINE_CURVE(2,(#1620,#1621,#1622),.UNSPECIFIED.,.F.,.F.)B_SPLINE_CURVE_WITH_KNOTS((3,3),(0.0,11.0387862218972),.UNSPECIFIED.)RATIONAL_B_SPLINE_CURVE((1.0,1.15477541106485,1.0))BOUNDED_CURVE()REPRESENTATION_ITEM('')GEOMETRIC_REPRESENTATION_ITEM()CURVE());
#1091=VERTEX_POINT('',#1629);
#1092=(B_SPLINE_CURVE(2,(#1631,#1632,#1633),.UNSPECIFIED.,.F.,.F.)B_SPLINE_CURVE_WITH_KNOTS((3,3),(0.0,11.0453060274437),.UNSPECIFIED.)RATIONAL_B_SPLINE_CURVE((1.0,1.155,1.0))BOUNDED_CURVE()REPRESENTATION_ITEM('')GEOMETRIC_REPRESENTATION_ITEM()CURVE());
#1093=(B_SPLINE_CURVE(2,(#1641,#1642,#1643),.UNSPECIFIED.,.F.,.F.)B_SPLINE_CURVE_WITH_KNOTS((3,3),(0.0,11.0387862218972),.UNSPECIFIED.)RATIONAL_B_SPLINE_CURVE((1.0,1.15477541106486,1.0))BOUNDED_CURVE()REPRESENTATION_ITEM('')GEOMETRIC_REPRESENTATION_ITEM()CURVE());
#1094=VERTEX_POINT('',#1650);
#1095=LINE('',#1651,#1652);
#1096=VERTEX_POINT('',#1653);
#1097=B_SPLINE_CURVE_WITH_KNOTS('',3,(#1654,#1655,#1656,#1657,#1658,#1659,#1660,#1661,#1662,#1663,#1664,#1665,#1666,#1667,#1668,#1669,#1670,#1671,#1672,#1673,#1674,#1675,#1676,#1677,#1678,#1679,#1680,#1681,#1682,#1683,#1684,#1685,#1686,#1687,#1688,#1689,#1690,#1691,#1692),.UNSPECIFIED.,.F.,.F.,(4,3,2,2,2,2,2,2,2,2,2,2,2,2,2,2,2,2,4),(-0.33063056808915,0.0,0.33063056808915,0.661261136178301,0.991891704267451,1.3225222723566,1.65313198818701,1.98374170401741,2.31435141984782,2.64496113567822,2.97557085150863,3.30618056733903,3.63679028316944,3.96739999899984,4.29803056708899,4.62866113517814,4.95929170326729,5.28992227135644,5.62055283944559),.UNSPECIFIED.);
#1098=LINE('',#1693,#1694);
#1099=VERTEX_POINT('',#1695);
#1100=LINE('',#1696,#1697);
#1101=VERTEX_POINT('',#1698);
#1102=B_SPLINE_CURVE_WITH_KNOTS('',3,(#1699,#1700,#1701,#1702,#1703,#1704,#1705,#1706,#1707,#1708,#1709,#1710,#1711,#1712,#1713,#1714,#1715,#1716,#1717,#1718,#1719,#1720,#1721,#1722,#1723,#1724,#1725,#1726,#1727,#1728,#1729,#1730,#1731,#1732,#1733,#1734,#1735,#1736,#1737),.UNSPECIFIED.,.F.,.F.,(4,3,2,2,2,2,2,2,2,2,2,2,2,2,2,2,2,2,4),(-0.33063056808915,0.0,0.33063056808915,0.661261136178301,0.991891704267451,1.3225222723566,1.65313198818701,1.98374170401741,2.31435141984782,2.64496113567822,2.97557085150863,3.30618056733903,3.63679028316944,3.96739999899984,4.29803056708899,4.62866113517814,4.95929170326729,5.28992227135644,5.62055283944559),.UNSPECIFIED.);
#1103=LINE('',#1738,#1739);
#1104=VERTEX_POINT('',#1740);
#1105=LINE('',#1741,#1742);
#1106=VERTEX_POINT('',#1743);
#1107=(B_SPLINE_CURVE(2,(#1745,#1746,#1747),.UNSPECIFIED.,.F.,.F.)B_SPLINE_CURVE_WITH_KNOTS((3,3),(0.0,1.37667884939512),.UNSPECIFIED.)RATIONAL_B_SPLINE_CURVE((1.0,1.00411013680105,1.0))BOUNDED_CURVE()REPRESENTATION_ITEM('')GEOMETRIC_REPRESENTATION_ITEM()CURVE());
#1108=CIRCLE('',#1754,6.0);
#1109=VERTEX_POINT('',#1755);
#1110=VERTEX_POINT('',#1756);
#1111=LINE('',#1757,#1758);
#1112=VERTEX_POINT('',#1759);
#1113=B_SPLINE_CURVE_WITH_KNOTS('',3,(#1760,#1761,#1762,#1763,#1764,#1765,#1766,#1767,#1768,#1769,#1770,#1771,#1772,#1773,#1774,#1775,#1776,#1777,#1778,#1779,#1780,#1781,#1782,#1783,#1784,#1785,#1786,#1787,#1788,#1789,#1790,#1791,#1792,#1793,#1794,#1795,#1796,#1797,#1798),.UNSPECIFIED.,.F.,.F.,(4,3,2,2,2,2,2,2,2,2,2,2,2,2,2,2,2,2,4),(-0.33063056808915,0.0,0.33063056808915,0.661261136178301,0.991891704267451,1.3225222723566,1.65313198818701,1.98374170401741,2.31435141984782,2.64496113567822,2.97557085150863,3.30618056733903,3.63679028316944,3.96739999899984,4.29803056708899,4.62866113517814,4.95929170326729,5.28992227135644,5.62055283944559),.UNSPECIFIED.);
#1114=VERTEX_POINT('',#1799);
#1115=LINE('',#1800,#1801);
#1116=B_SPLINE_CURVE_WITH_KNOTS('',3,(#1802,#1803,#1804,#1805,#1806,#1807,#1808,#1809,#1810,#1811,#1812,#1813,#1814,#1815,#1816,#1817,#1818,#1819,#1820,#1821,#1822,#1823,#1824,#1825,#1826,#1827,#1828,#1829,#1830,#1831,#1832,#1833,#1834,#1835,#1836,#1837,#1838,#1839,#1840),.UNSPECIFIED.,.F.,.F.,(4,2,2,2,2,2,2,2,2,2,2,2,2,2,2,2,2,3,4),(-5.65434493573854,-5.32165101549451,-4.98895709525047,-4.65626317500644,-4.3235692547624,-3.99087533451836,-3.65836287782559,-3.32585042113281,-2.99333796444003,-2.66082550774725,-2.32831305105448,-1.9958005943617,-1.66328813766892,-1.33077568097614,-0.998081760732108,-0.665387840488071,-0.332693920244035,0.0,0.332693920244036),.UNSPECIFIED.);
#1117=VERTEX_POINT('',#1841);
#1118=VERTEX_POINT('',#1842);
#1119=LINE('',#1843,#1844);
#1120=VERTEX_POINT('',#1845);
#1121=B_SPLINE_CURVE_WITH_KNOTS('',3,(#1846,#1847,#1848,#1849,#1850,#1851,#1852,#1853,#1854,#1855,#1856,#1857,#1858,#1859,#1860,#1861,#1862,#1863,#1864,#1865,#1866,#1867,#1868,#1869,#1870,#1871,#1872,#1873,#1874,#1875,#1876,#1877,#1878,#1879,#1880,#1881,#1882,#1883,#1884),.UNSPECIFIED.,.F.,.F.,(4,3,2,2,2,2,2,2,2,2,2,2,2,2,2,2,2,2,4),(-0.33063056808915,0.0,0.33063056808915,0.661261136178301,0.991891704267451,1.3225222723566,1.65313198818701,1.98374170401741,2.31435141984782,2.64496113567822,2.97557085150863,3.30618056733903,3.63679028316944,3.96739999899984,4.29803056708899,4.62866113517814,4.95929170326729,5.28992227135644,5.62055283944559),.UNSPECIFIED.);
#1122=VERTEX_POINT('',#1885);
#1123=LINE('',#1886,#1887);
#1124=B_SPLINE_CURVE_WITH_KNOTS('',3,(#1888,#1889,#1890,#1891,#1892,#1893,#1894,#1895,#1896,#1897,#1898,#1899,#1900,#1901,#1902,#1903,#1904,#1905,#1906,#1907,#1908,#1909,#1910,#1911,#1912,#1913,#1914,#1915,#1916,#1917,#1918,#1919,#1920,#1921,#1922,#1923,#1924,#1925,#1926),.UNSPECIFIED.,.F.,.F.,(4,2,2,2,2,2,2,2,2,2,2,2,2,2,2,2,2,3,4),(-5.65434493573854,-5.32165101549451,-4.98895709525047,-4.65626317500644,-4.3235692547624,-3.99087533451837,-3.65836287782559,-3.32585042113281,-2.99333796444003,-2.66082550774725,-2.32831305105448,-1.9958005943617,-1.66328813766892,-1.33077568097614,-0.998081760732108,-0.665387840488071,-0.332693920244035,0.0,0.332693920244036),.UNSPECIFIED.);
#1125=VERTEX_POINT('',#1927);
#1126=VERTEX_POINT('',#1928);
#1127=LINE('',#1929,#1930);
#1128=VERTEX_POINT('',#1931);
#1129=B_SPLINE_CURVE_WITH_KNOTS('',3,(#1932,#1933,#1934,#1935,#1936,#1937,#1938,#1939,#1940,#1941,#1942,#1943,#1944,#1945,#1946,#1947,#1948,#1949,#1950,#1951,#1952,#1953,#1954,#1955,#1956,#1957,#1958,#1959,#1960,#1961,#1962,#1963,#1964,#1965,#1966,#1967,#1968,#1969,#1970),.UNSPECIFIED.,.F.,.F.,(4,3,2,2,2,2,2,2,2,2,2,2,2,2,2,2,2,2,4),(-0.33063056808915,0.0,0.33063056808915,0.661261136178301,0.991891704267451,1.3225222723566,1.65313198818701,1.98374170401741,2.31435141984782,2.64496113567822,2.97557085150863,3.30618056733903,3.63679028316944,3.96739999899984,4.29803056708899,4.62866113517814,4.95929170326729,5.28992227135644,5.62055283944559),.UNSPECIFIED.);
#1130=VERTEX_POINT('',#1971);
#1131=LINE('',#1972,#1973);
#1132=B_SPLINE_CURVE_WITH_KNOTS('',3,(#1974,#1975,#1976,#1977,#1978,#1979,#1980,#1981,#1982,#1983,#1984,#1985,#1986,#1987,#1988,#1989,#1990,#1991,#1992,#1993,#1994,#1995,#1996,#1997,#1998,#1999,#2000,#2001,#2002,#2003,#2004,#2005,#2006,#2007,#2008,#2009,#2010,#2011,#2012),.UNSPECIFIED.,.F.,.F.,(4,2,2,2,2,2,2,2,2,2,2,2,2,2,2,2,2,3,4),(-5.65434493573855,-5.32165101549451,-4.98895709525048,-4.65626317500644,-4.3235692547624,-3.99087533451837,-3.65836287782559,-3.32585042113281,-2.99333796444003,-2.66082550774726,-2.32831305105448,-1.9958005943617,-1.66328813766892,-1.33077568097614,-0.998081760732108,-0.665387840488071,-0.332693920244035,0.0,0.332693920244036),.UNSPECIFIED.);
#1133=VERTEX_POINT('',#2013);
#1134=LINE('',#2014,#2015);
#1135=VERTEX_POINT('',#2016);
#1136=CIRCLE('',#2017,6.0);
#1137=(B_SPLINE_CURVE(2,(#2019,#2020,#2021),.UNSPECIFIED.,.F.,.F.)B_SPLINE_CURVE_WITH_KNOTS((3,3),(0.0,1.37667884939512),.UNSPECIFIED.)RATIONAL_B_SPLINE_CURVE((1.0,1.0041101367997,1.0))BOUNDED_CURVE()REPRESENTATION_ITEM('')GEOMETRIC_REPRESENTATION_ITEM()CURVE());
#1138=VERTEX_POINT('',#2028);
#1139=LINE('',#2029,#2030);
#1140=VERTEX_POINT('',#2031);
#1141=B_SPLINE_CURVE_WITH_KNOTS('',3,(#2032,#2033,#2034,#2035,#2036,#2037,#2038,#2039,#2040,#2041,#2042,#2043,#2044,#2045,#2046,#2047,#2048,#2049,#2050,#2051,#2052,#2053,#2054,#2055,#2056,#2057,#2058,#2059,#2060,#2061,#2062,#2063,#2064,#2065,#2066,#2067,#2068,#2069,#2070),.UNSPECIFIED.,.F.,.F.,(4,3,2,2,2,2,2,2,2,2,2,2,2,2,2,2,2,2,4),(-0.33063056808915,0.0,0.33063056808915,0.661261136178301,0.991891704267451,1.3225222723566,1.65313198818701,1.98374170401741,2.31435141984782,2.64496113567822,2.97557085150863,3.30618056733903,3.63679028316944,3.96739999899984,4.29803056708899,4.62866113517814,4.95929170326729,5.28992227135644,5.62055283944559),.UNSPECIFIED.);
#1142=LINE('',#2071,#2072);
#1143=VERTEX_POINT('',#2073);
#1144=VERTEX_POINT('',#2074);
#1145=LINE('',#2075,#2076);
#1146=VERTEX_POINT('',#2077);
#1147=CIRCLE('',#2078,8.5);
#1148=LINE('',#2079,#2080);
#1149=CIRCLE('',#2081,8.5);
#1150=VERTEX_POINT('',#2082);
#1151=VERTEX_POINT('',#2083);
#1152=LINE('',#2084,#2085);
#1153=CIRCLE('',#2086,8.5);
#1154=VERTEX_POINT('',#2087);
#1155=B_SPLINE_CURVE_WITH_KNOTS('',3,(#2088,#2089,#2090,#2091,#2092,#2093,#2094,#2095,#2096,#2097,#2098,#2099,#2100,#2101,#2102,#2103,#2104,#2105,#2106,#2107,#2108,#2109,#2110,#2111,#2112,#2113,#2114,#2115,#2116,#2117,#2118,#2119,#2120,#2121,#2122,#2123,#2124,#2125,#2126),.UNSPECIFIED.,.F.,.F.,(4,3,2,2,2,2,2,2,2,2,2,2,2,2,2,2,2,2,4),(-0.33063056808915,0.0,0.33063056808915,0.661261136178301,0.991891704267451,1.3225222723566,1.65313198818701,1.98374170401741,2.31435141984782,2.64496113567822,2.97557085150863,3.30618056733903,3.63679028316944,3.96739999899984,4.29803056708899,4.62866113517814,4.95929170326729,5.28992227135644,5.62055283944559),.UNSPECIFIED.);
#1156=VERTEX_POINT('',#2127);
#1157=LINE('',#2128,#2129);
#1158=CIRCLE('',#2130,8.5);
#1159=CIRCLE('',#2131,8.5);
#1160=VERTEX_POINT('',#2132);
#1161=B_SPLINE_CURVE_WITH_KNOTS('',3,(#2133,#2134,#2135,#2136,#2137,#2138,#2139,#2140,#2141,#2142,#2143,#2144,#2145,#2146,#2147,#2148,#2149,#2150,#2151,#2152,#2153,#2154,#2155,#2156,#2157,#2158,#2159,#2160,#2161,#2162,#2163,#2164,#2165,#2166,#2167,#2168,#2169,#2170,#2171),.UNSPECIFIED.,.F.,.F.,(4,3,2,2,2,2,2,2,2,2,2,2,2,2,2,2,2,2,4),(-0.33063056808915,0.0,0.33063056808915,0.661261136178301,0.991891704267451,1.3225222723566,1.65313198818701,1.98374170401741,2.31435141984782,2.64496113567822,2.97557085150863,3.30618056733903,3.63679028316944,3.96739999899984,4.29803056708899,4.62866113517814,4.95929170326729,5.28992227135644,5.62055283944559),.UNSPECIFIED.);
#1162=VERTEX_POINT('',#2172);
#1163=LINE('',#2173,#2174);
#1164=VERTEX_POINT('',#2175);
#1165=CIRCLE('',#2176,8.5);
#1166=LINE('',#2177,#2178);
#1167=VERTEX_POINT('',#2179);
#1168=CIRCLE('',#2180,8.5);
#1169=LINE('',#2181,#2182);
#1170=CIRCLE('',#2183,8.5);
#1171=CIRCLE('',#2184,8.5);
#1172=VERTEX_POINT('',#2185);
#1173=B_SPLINE_CURVE_WITH_KNOTS('',3,(#2186,#2187,#2188,#2189,#2190,#2191,#2192,#2193,#2194,#2195,#2196,#2197,#2198,#2199,#2200,#2201,#2202,#2203,#2204,#2205,#2206,#2207,#2208,#2209,#2210,#2211,#2212,#2213,#2214,#2215,#2216,#2217,#2218,#2219,#2220,#2221,#2222,#2223,#2224),.UNSPECIFIED.,.F.,.F.,(4,3,2,2,2,2,2,2,2,2,2,2,2,2,2,2,2,2,4),(-0.33063056808915,0.0,0.33063056808915,0.661261136178301,0.991891704267451,1.3225222723566,1.65313198818701,1.98374170401741,2.31435141984782,2.64496113567822,2.97557085150863,3.30618056733903,3.63679028316944,3.96739999899984,4.29803056708899,4.62866113517814,4.95929170326729,5.28992227135644,5.62055283944559),.UNSPECIFIED.);
#1174=VERTEX_POINT('',#2225);
#1175=LINE('',#2226,#2227);
#1176=VERTEX_POINT('',#2228);
#1177=CIRCLE('',#2229,8.5);
#1178=LINE('',#2230,#2231);
#1179=CIRCLE('',#2232,8.5);
#1180=VERTEX_POINT('',#2233);
#1181=B_SPLINE_CURVE_WITH_KNOTS('',3,(#2234,#2235,#2236,#2237,#2238,#2239,#2240,#2241,#2242,#2243,#2244,#2245,#2246,#2247,#2248,#2249,#2250,#2251,#2252,#2253,#2254,#2255,#2256,#2257,#2258,#2259,#2260,#2261,#2262,#2263,#2264,#2265,#2266,#2267,#2268,#2269,#2270,#2271,#2272),.UNSPECIFIED.,.F.,.F.,(4,3,2,2,2,2,2,2,2,2,2,2,2,2,2,2,2,2,4),(-0.33063056808915,0.0,0.33063056808915,0.661261136178301,0.991891704267451,1.3225222723566,1.65313198818701,1.98374170401741,2.31435141984782,2.64496113567822,2.97557085150863,3.30618056733903,3.63679028316944,3.96739999899984,4.29803056708899,4.62866113517814,4.95929170326729,5.28992227135644,5.62055283944559),.UNSPECIFIED.);
#1182=VERTEX_POINT('',#2273);
#1183=LINE('',#2274,#2275);
#1184=VERTEX_POINT('',#2276);
#1185=CIRCLE('',#2277,8.5);
#1186=LINE('',#2278,#2279);
#1187=CIRCLE('',#2280,8.5);
#1188=VERTEX_POINT('',#2281);
#1189=B_SPLINE_CURVE_WITH_KNOTS('',3,(#2282,#2283,#2284,#2285,#2286,#2287,#2288,#2289,#2290,#2291,#2292,#2293,#2294,#2295,#2296,#2297,#2298,#2299,#2300,#2301,#2302,#2303,#2304,#2305,#2306,#2307,#2308,#2309,#2310,#2311,#2312,#2313,#2314,#2315,#2316,#2317,#2318,#2319,#2320),.UNSPECIFIED.,.F.,.F.,(4,3,2,2,2,2,2,2,2,2,2,2,2,2,2,2,2,2,4),(-0.33063056808915,0.0,0.33063056808915,0.661261136178301,0.991891704267451,1.3225222723566,1.65313198818701,1.98374170401741,2.31435141984782,2.64496113567822,2.97557085150863,3.30618056733903,3.63679028316944,3.96739999899984,4.29803056708899,4.62866113517814,4.95929170326729,5.28992227135644,5.62055283944559),.UNSPECIFIED.);
#1190=VERTEX_POINT('',#2321);
#1191=LINE('',#2322,#2323);
#1192=CIRCLE('',#2324,8.5);
#1193=CIRCLE('',#2325,8.5);
#1194=VERTEX_POINT('',#2326);
#1195=B_SPLINE_CURVE_WITH_KNOTS('',3,(#2327,#2328,#2329,#2330,#2331,#2332,#2333,#2334,#2335,#2336,#2337,#2338,#2339,#2340,#2341,#2342,#2343,#2344,#2345,#2346,#2347,#2348,#2349,#2350,#2351,#2352,#2353,#2354,#2355,#2356,#2357,#2358,#2359,#2360,#2361,#2362,#2363,#2364,#2365),.UNSPECIFIED.,.F.,.F.,(4,3,2,2,2,2,2,2,2,2,2,2,2,2,2,2,2,2,4),(-0.33063056808915,0.0,0.33063056808915,0.661261136178301,0.991891704267451,1.3225222723566,1.65313198818701,1.98374170401741,2.31435141984782,2.64496113567822,2.97557085150863,3.30618056733903,3.63679028316944,3.96739999899984,4.29803056708899,4.62866113517814,4.95929170326729,5.28992227135644,5.62055283944559),.UNSPECIFIED.);
#1196=VERTEX_POINT('',#2366);
#1197=LINE('',#2367,#2368);
#1198=VERTEX_POINT('',#2369);
#1199=CIRCLE('',#2370,8.5);
#1200=LINE('',#2371,#2372);
#1201=LINE('',#2373,#2374);
#1202=LINE('',#2375,#2376);
#1203=VERTEX_POINT('',#2377);
#1204=LINE('',#2378,#2379);
#1205=(B_SPLINE_CURVE(2,(#2381,#2382,#2383),.UNSPECIFIED.,.F.,.F.)B_SPLINE_CURVE_WITH_KNOTS((3,3),(0.0,1.37667884939512),.UNSPECIFIED.)RATIONAL_B_SPLINE_CURVE((1.0,1.00411013680028,1.0))BOUNDED_CURVE()REPRESENTATION_ITEM('')GEOMETRIC_REPRESENTATION_ITEM()CURVE());
#1206=VERTEX_POINT('',#2390);
#1207=LINE('',#2391,#2392);
#1208=CIRCLE('',#2393,6.0);
#1209=VERTEX_POINT('',#2394);
#1210=CIRCLE('',#2395,6.0);
#1211=LINE('',#2396,#2397);
#1212=(B_SPLINE_CURVE(2,(#2399,#2400,#2401),.UNSPECIFIED.,.F.,.F.)B_SPLINE_CURVE_WITH_KNOTS((3,3),(0.0,1.37667884939512),.UNSPECIFIED.)RATIONAL_B_SPLINE_CURVE((1.0,1.00411013679877,1.0))BOUNDED_CURVE()REPRESENTATION_ITEM('')GEOMETRIC_REPRESENTATION_ITEM()CURVE());
#1213=VERTEX_POINT('',#2408);
#1214=CIRCLE('',#2409,5.0528125);
#1215=(B_SPLINE_CURVE(2,(#2411,#2412,#2413),.UNSPECIFIED.,.F.,.F.)B_SPLINE_CURVE_WITH_KNOTS((3,3),(0.0,1.37667884939512),.UNSPECIFIED.)RATIONAL_B_SPLINE_CURVE((1.0,1.00411013679781,1.0))BOUNDED_CURVE()REPRESENTATION_ITEM('')GEOMETRIC_REPRESENTATION_ITEM()CURVE());
#1216=VERTEX_POINT('',#2420);
#1217=LINE('',#2421,#2422);
#1218=VERTEX_POINT('',#2423);
#1219=LINE('',#2424,#2425);
#1220=VERTEX_POINT('',#2426);
#1221=(B_SPLINE_CURVE(2,(#2428,#2429,#2430),.UNSPECIFIED.,.F.,.F.)B_SPLINE_CURVE_WITH_KNOTS((3,3),(0.0,1.37667884939512),.UNSPECIFIED.)RATIONAL_B_SPLINE_CURVE((1.0,1.00411013680008,1.0))BOUNDED_CURVE()REPRESENTATION_ITEM('')GEOMETRIC_REPRESENTATION_ITEM()CURVE());
#1222=LINE('',#2437,#2438);
#1223=LINE('',#2439,#2440);
#1224=B_SPLINE_CURVE_WITH_KNOTS('',3,(#2441,#2442,#2443,#2444,#2445,#2446,#2447,#2448,#2449,#2450,#2451,#2452,#2453,#2454,#2455,#2456,#2457,#2458,#2459,#2460,#2461,#2462,#2463,#2464,#2465,#2466,#2467,#2468,#2469,#2470,#2471,#2472,#2473,#2474,#2475,#2476,#2477,#2478,#2479),.UNSPECIFIED.,.F.,.F.,(4,2,2,2,2,2,2,2,2,2,2,2,2,2,2,2,2,3,4),(-5.65434493573855,-5.32165101549451,-4.98895709525048,-4.65626317500644,-4.3235692547624,-3.99087533451837,-3.65836287782559,-3.32585042113281,-2.99333796444003,-2.66082550774726,-2.32831305105448,-1.9958005943617,-1.66328813766892,-1.33077568097614,-0.998081760732108,-0.665387840488071,-0.332693920244035,0.0,0.332693920244036),.UNSPECIFIED.);
#1225=VERTEX_POINT('',#2480);
#1226=CIRCLE('',#2481,6.0);
#1227=LINE('',#2482,#2483);
#1228=VERTEX_POINT('',#2484);
#1229=CIRCLE('',#2485,5.0528125);
#1230=(B_SPLINE_CURVE(2,(#2487,#2488,#2489),.UNSPECIFIED.,.F.,.F.)B_SPLINE_CURVE_WITH_KNOTS((3,3),(0.0,1.37667884939512),.UNSPECIFIED.)RATIONAL_B_SPLINE_CURVE((1.0,1.00411013679908,1.0))BOUNDED_CURVE()REPRESENTATION_ITEM('')GEOMETRIC_REPRESENTATION_ITEM()CURVE());
#1231=VERTEX_POINT('',#2496);
#1232=LINE('',#2497,#2498);
#1233=VERTEX_POINT('',#2499);
#1234=LINE('',#2500,#2501);
#1235=VERTEX_POINT('',#2502);
#1236=(B_SPLINE_CURVE(2,(#2504,#2505,#2506),.UNSPECIFIED.,.F.,.F.)B_SPLINE_CURVE_WITH_KNOTS((3,3),(0.0,1.37667884939512),.UNSPECIFIED.)RATIONAL_B_SPLINE_CURVE((1.0,1.00411013679967,1.0))BOUNDED_CURVE()REPRESENTATION_ITEM('')GEOMETRIC_REPRESENTATION_ITEM()CURVE());
#1237=LINE('',#2513,#2514);
#1238=LINE('',#2515,#2516);
#1239=B_SPLINE_CURVE_WITH_KNOTS('',3,(#2517,#2518,#2519,#2520,#2521,#2522,#2523,#2524,#2525,#2526,#2527,#2528,#2529,#2530,#2531,#2532,#2533,#2534,#2535,#2536,#2537,#2538,#2539,#2540,#2541,#2542,#2543,#2544,#2545,#2546,#2547,#2548,#2549,#2550,#2551,#2552,#2553,#2554,#2555),.UNSPECIFIED.,.F.,.F.,(4,2,2,2,2,2,2,2,2,2,2,2,2,2,2,2,2,3,4),(-5.65434493573854,-5.32165101549451,-4.98895709525047,-4.65626317500644,-4.3235692547624,-3.99087533451837,-3.65836287782559,-3.32585042113281,-2.99333796444003,-2.66082550774725,-2.32831305105448,-1.9958005943617,-1.66328813766892,-1.33077568097614,-0.998081760732108,-0.665387840488071,-0.332693920244035,0.0,0.332693920244036),.UNSPECIFIED.);
#1240=VERTEX_POINT('',#2556);
#1241=CIRCLE('',#2557,6.0);
#1242=LINE('',#2558,#2559);
#1243=VERTEX_POINT('',#2560);
#1244=CIRCLE('',#2561,5.0528125);
#1245=(B_SPLINE_CURVE(2,(#2563,#2564,#2565),.UNSPECIFIED.,.F.,.F.)B_SPLINE_CURVE_WITH_KNOTS((3,3),(0.0,1.37667884939512),.UNSPECIFIED.)RATIONAL_B_SPLINE_CURVE((1.0,1.00411013679871,1.0))BOUNDED_CURVE()REPRESENTATION_ITEM('')GEOMETRIC_REPRESENTATION_ITEM()CURVE());
#1246=VERTEX_POINT('',#2572);
#1247=LINE('',#2573,#2574);
#1248=VERTEX_POINT('',#2575);
#1249=LINE('',#2576,#2577);
#1250=VERTEX_POINT('',#2578);
#1251=(B_SPLINE_CURVE(2,(#2580,#2581,#2582),.UNSPECIFIED.,.F.,.F.)B_SPLINE_CURVE_WITH_KNOTS((3,3),(0.0,1.37667884939512),.UNSPECIFIED.)RATIONAL_B_SPLINE_CURVE((1.0,1.00411013679905,1.0))BOUNDED_CURVE()REPRESENTATION_ITEM('')GEOMETRIC_REPRESENTATION_ITEM()CURVE());
#1252=LINE('',#2589,#2590);
#1253=LINE('',#2591,#2592);
#1254=B_SPLINE_CURVE_WITH_KNOTS('',3,(#2593,#2594,#2595,#2596,#2597,#2598,#2599,#2600,#2601,#2602,#2603,#2604,#2605,#2606,#2607,#2608,#2609,#2610,#2611,#2612,#2613,#2614,#2615,#2616,#2617,#2618,#2619,#2620,#2621,#2622,#2623,#2624,#2625,#2626,#2627,#2628,#2629,#2630,#2631),.UNSPECIFIED.,.F.,.F.,(4,2,2,2,2,2,2,2,2,2,2,2,2,2,2,2,2,3,4),(-5.65434493573854,-5.32165101549451,-4.98895709525047,-4.65626317500644,-4.3235692547624,-3.99087533451836,-3.65836287782559,-3.32585042113281,-2.99333796444003,-2.66082550774725,-2.32831305105448,-1.9958005943617,-1.66328813766892,-1.33077568097614,-0.998081760732108,-0.665387840488071,-0.332693920244035,0.0,0.332693920244036),.UNSPECIFIED.);
#1255=CIRCLE('',#2632,6.0);
#1256=LINE('',#2633,#2634);
#1257=CIRCLE('',#2635,5.0528125);
#1258=LINE('',#2636,#2637);
#1259=VERTEX_POINT('',#2638);
#1260=(B_SPLINE_CURVE(2,(#2640,#2641,#2642),.UNSPECIFIED.,.F.,.F.)B_SPLINE_CURVE_WITH_KNOTS((3,3),(0.0,1.37667884939512),.UNSPECIFIED.)RATIONAL_B_SPLINE_CURVE((1.0,1.00411013679883,1.0))BOUNDED_CURVE()REPRESENTATION_ITEM('')GEOMETRIC_REPRESENTATION_ITEM()CURVE());
#1261=LINE('',#2649,#2650);
#1262=VERTEX_POINT('',#2651);
#1263=CIRCLE('',#2652,6.0);
#1264=LINE('',#2653,#2654);
#1265=(B_SPLINE_CURVE(2,(#2656,#2657,#2658),.UNSPECIFIED.,.F.,.F.)B_SPLINE_CURVE_WITH_KNOTS((3,3),(0.0,1.37667884939512),.UNSPECIFIED.)RATIONAL_B_SPLINE_CURVE((1.0,1.00411013679886,1.0))BOUNDED_CURVE()REPRESENTATION_ITEM('')GEOMETRIC_REPRESENTATION_ITEM()CURVE());
#1266=LINE('',#2665,#2666);
#1267=VERTEX_POINT('',#2667);
#1268=(B_SPLINE_CURVE(2,(#2669,#2670,#2671),.UNSPECIFIED.,.F.,.F.)B_SPLINE_CURVE_WITH_KNOTS((3,3),(0.0,11.0387862218972),.UNSPECIFIED.)RATIONAL_B_SPLINE_CURVE((1.0,1.15477541106485,1.0))BOUNDED_CURVE()REPRESENTATION_ITEM('')GEOMETRIC_REPRESENTATION_ITEM()CURVE());
#1269=VERTEX_POINT('',#2678);
#1270=(B_SPLINE_CURVE(2,(#2680,#2681,#2682),.UNSPECIFIED.,.F.,.F.)B_SPLINE_CURVE_WITH_KNOTS((3,3),(0.0,11.0453060274437),.UNSPECIFIED.)RATIONAL_B_SPLINE_CURVE((1.0,1.155,1.0))BOUNDED_CURVE()REPRESENTATION_ITEM('')GEOMETRIC_REPRESENTATION_ITEM()CURVE());
#1271=(B_SPLINE_CURVE(2,(#2690,#2691,#2692),.UNSPECIFIED.,.F.,.F.)B_SPLINE_CURVE_WITH_KNOTS((3,3),(0.0,11.0387862218972),.UNSPECIFIED.)RATIONAL_B_SPLINE_CURVE((1.0,1.15477541106485,1.0))BOUNDED_CURVE()REPRESENTATION_ITEM('')GEOMETRIC_REPRESENTATION_ITEM()CURVE());
#1272=CIRCLE('',#2699,8.72242104234882);
#1273=CIRCLE('',#2700,8.72242104234883);
#1274=VERTEX_POINT('',#2701);
#1275=(B_SPLINE_CURVE(2,(#2703,#2704,#2705),.UNSPECIFIED.,.F.,.F.)B_SPLINE_CURVE_WITH_KNOTS((3,3),(0.0,11.0387862218972),.UNSPECIFIED.)RATIONAL_B_SPLINE_CURVE((1.0,1.15477541106486,1.0))BOUNDED_CURVE()REPRESENTATION_ITEM('')GEOMETRIC_REPRESENTATION_ITEM()CURVE());
#1276=VERTEX_POINT('',#2712);
#1277=(B_SPLINE_CURVE(2,(#2714,#2715,#2716),.UNSPECIFIED.,.F.,.F.)B_SPLINE_CURVE_WITH_KNOTS((3,3),(0.0,11.0453060274437),.UNSPECIFIED.)RATIONAL_B_SPLINE_CURVE((1.0,1.155,1.0))BOUNDED_CURVE()REPRESENTATION_ITEM('')GEOMETRIC_REPRESENTATION_ITEM()CURVE());
#1278=(B_SPLINE_CURVE(2,(#2724,#2725,#2726),.UNSPECIFIED.,.F.,.F.)B_SPLINE_CURVE_WITH_KNOTS((3,3),(0.0,11.0387862218972),.UNSPECIFIED.)RATIONAL_B_SPLINE_CURVE((1.0,1.15477541106485,1.0))BOUNDED_CURVE()REPRESENTATION_ITEM('')GEOMETRIC_REPRESENTATION_ITEM()CURVE());
#1279=CIRCLE('',#2733,5.0528125);
#1280=CIRCLE('',#2734,6.0);
#1281=LINE('',#2735,#2736);
#1282=LINE('',#2737,#2738);
#1283=LINE('',#2739,#2740);
#1284=LINE('',#2741,#2742);
#1285=LINE('',#2743,#2744);
#1286=LINE('',#2745,#2746);
#1287=CARTESIAN_POINT('',(2.24949108273321E-032,-6.0,3.67381906146713E-016));
#1288=CARTESIAN_POINT('',(5.79965915380567E-017,-5.0528125,0.9471875));
#1289=CARTESIAN_POINT('',(-6.47768924986342E-016,-5.52640625,0.47359375));
#1290=VECTOR('',#2747,1.0);
#1291=CARTESIAN_POINT('',(7.34763812293426E-016,6.0,0.0));
#1292=AXIS2_PLACEMENT_3D('',#2748,#2749,#2750);
#1293=CARTESIAN_POINT('',(6.7676722075537E-016,5.0528125,0.9471875));
#1294=CARTESIAN_POINT('',(7.05765516524398E-016,5.52640625,0.47359375));
#1295=VECTOR('',#2751,1.0);
#1296=AXIS2_PLACEMENT_3D('',#2752,#2753,#2754);
#1297=CARTESIAN_POINT('',(2.41687544611414E-016,-5.0528125,14.0528125));
#1298=CARTESIAN_POINT('',(-3.12619040761719E-016,-5.0528125,5.0));
#1299=VECTOR('',#2755,1.0);
#1300=CARTESIAN_POINT('',(1.47922880304604E-015,5.0528125,14.0528125));
#1301=CARTESIAN_POINT('',(9.24922217672907E-016,5.0528125,5.0));
#1302=VECTOR('',#2756,1.0);
#1303=CARTESIAN_POINT('',(-0.854498483924732,4.98003478914822,14.0528125));
#1304=AXIS2_PLACEMENT_3D('',#2757,#2758,#2759);
#1305=CARTESIAN_POINT('',(-0.854498483924732,4.98003478914822,11.75));
#1306=CARTESIAN_POINT('',(-0.854498483924732,4.98003478914822,12.90140625));
#1307=VECTOR('',#2760,1.0);
#1308=CARTESIAN_POINT('',(-2.52640625,4.37586398555956,10.0));
#1309=CARTESIAN_POINT('',(-0.889193701259588,4.97395704864814,12.0886822458705));
#1310=CARTESIAN_POINT('',(-0.865774586019827,4.97814368109929,11.97525520959));
#1311=CARTESIAN_POINT('',(-0.854498483924732,4.98003478914822,11.8608979734147));
#1312=CARTESIAN_POINT('',(-0.854498483924732,4.98003478914822,11.6391020265853));
#1313=CARTESIAN_POINT('',(-0.865774586019827,4.97814368109929,11.52474479041));
#1314=CARTESIAN_POINT('',(-0.912612816499348,4.96977041619699,11.2978907178489));
#1315=CARTESIAN_POINT('',(-0.948155022512271,4.96328018469086,11.1853900666837));
#1316=CARTESIAN_POINT('',(-1.04083348866123,4.94467527256928,10.9701227041362));
#1317=CARTESIAN_POINT('',(-1.09802674304393,4.93251724688362,10.8671670029101));
#1318=CARTESIAN_POINT('',(-1.22822404886977,4.90171957626366,10.6769848272438));
#1319=CARTESIAN_POINT('',(-1.30121851492124,4.88304042787429,10.5897581899878));
#1320=CARTESIAN_POINT('',(-1.4543813873411,4.839630286552,10.4354101808944));
#1321=CARTESIAN_POINT('',(-1.53993947262961,4.81340793229381,10.3628606675159));
#1322=CARTESIAN_POINT('',(-1.72341257141445,4.75080610113614,10.2346894004884));
#1323=CARTESIAN_POINT('',(-1.82131085431839,4.71439725798591,10.1790580430963));
#1324=CARTESIAN_POINT('',(-2.02224404637374,4.63176464763024,10.089469461633));
#1325=CARTESIAN_POINT('',(-2.12544247939714,4.58544798592178,10.0554410831851));
#1326=CARTESIAN_POINT('',(-2.32953058601216,4.48521194746249,10.0107000881941));
#1327=CARTESIAN_POINT('',(-2.43041817180976,4.43128272834169,10.0));
#1328=CARTESIAN_POINT('',(-2.62239432819024,4.32044524277743,10.0));
#1329=CARTESIAN_POINT('',(-2.71954219485391,4.26003864011063,10.0107000881941));
#1330=CARTESIAN_POINT('',(-2.90839320384187,4.1334111744014,10.0554410831851));
#1331=CARTESIAN_POINT('',(-3.00010382601159,4.06719704062662,10.089469461633));
#1332=CARTESIAN_POINT('',(-3.1721323617883,3.93450009702103,10.1790580430963));
#1333=CARTESIAN_POINT('',(-3.25261248633077,3.86792211861445,10.2346894004884));
#1334=CARTESIAN_POINT('',(-3.39856381182916,3.74033066973457,10.3628606675159));
#1335=CARTESIAN_POINT('',(-3.46405207940804,3.67934637150466,10.4354101808944));
#1336=CARTESIAN_POINT('',(-3.57822780078494,3.56840850373361,10.5897581899878));
#1337=CARTESIAN_POINT('',(-3.63090165083693,3.51453301599204,10.6769848272438));
#1338=CARTESIAN_POINT('',(-3.72267186888412,3.41717767695254,10.8671670029101));
#1339=CARTESIAN_POINT('',(-3.76179765517912,3.37372587857486,10.9701227041362));
#1340=CARTESIAN_POINT('',(-3.82424921478607,3.30276642856687,11.1853900666837));
#1341=CARTESIAN_POINT('',(-3.84764102315328,3.2752310910062,11.2978907178489));
#1342=CARTESIAN_POINT('',(-3.87831159851104,3.23885462599378,11.52474479041));
#1343=CARTESIAN_POINT('',(-3.88558739717027,3.23003478914823,11.6391020265853));
#1344=CARTESIAN_POINT('',(-3.88558739717027,3.23003478914823,11.75));
#1345=CARTESIAN_POINT('',(-3.88558739717027,3.23003478914823,11.8608979734147));
#1346=CARTESIAN_POINT('',(-3.87831159851105,3.23885462599378,11.97525520959));
#1347=CARTESIAN_POINT('',(-3.86297631083216,3.25704285849999,12.0886822458705));
#1348=CARTESIAN_POINT('',(-3.88558739717027,3.23003478914823,11.75));
#1349=CARTESIAN_POINT('',(-0.889193701259588,4.97395704864814,12.0886822458705));
#1350=CARTESIAN_POINT('',(-0.865774586019827,4.97814368109929,11.97525520959));
#1351=CARTESIAN_POINT('',(-0.854498483924732,4.98003478914822,11.8608979734147));
#1352=CARTESIAN_POINT('',(-0.854498483924732,4.98003478914822,11.6391020265853));
#1353=CARTESIAN_POINT('',(-0.865774586019827,4.97814368109929,11.52474479041));
#1354=CARTESIAN_POINT('',(-0.912612816499348,4.96977041619699,11.2978907178489));
#1355=CARTESIAN_POINT('',(-0.948155022512271,4.96328018469086,11.1853900666837));
#1356=CARTESIAN_POINT('',(-1.04083348866123,4.94467527256928,10.9701227041362));
#1357=CARTESIAN_POINT('',(-1.09802674304393,4.93251724688362,10.8671670029101));
#1358=CARTESIAN_POINT('',(-1.22822404886977,4.90171957626366,10.6769848272438));
#1359=CARTESIAN_POINT('',(-1.30121851492124,4.88304042787429,10.5897581899878));
#1360=CARTESIAN_POINT('',(-1.4543813873411,4.839630286552,10.4354101808944));
#1361=CARTESIAN_POINT('',(-1.53993947262961,4.81340793229381,10.3628606675159));
#1362=CARTESIAN_POINT('',(-1.72341257141445,4.75080610113614,10.2346894004884));
#1363=CARTESIAN_POINT('',(-1.82131085431839,4.71439725798591,10.1790580430963));
#1364=CARTESIAN_POINT('',(-2.02224404637374,4.63176464763024,10.089469461633));
#1365=CARTESIAN_POINT('',(-2.12544247939714,4.58544798592178,10.0554410831851));
#1366=CARTESIAN_POINT('',(-2.32953058601216,4.48521194746249,10.0107000881941));
#1367=CARTESIAN_POINT('',(-2.43041817180976,4.43128272834169,10.0));
#1368=CARTESIAN_POINT('',(-2.62239432819024,4.32044524277743,10.0));
#1369=CARTESIAN_POINT('',(-2.71954219485391,4.26003864011063,10.0107000881941));
#1370=CARTESIAN_POINT('',(-2.90839320384187,4.1334111744014,10.0554410831851));
#1371=CARTESIAN_POINT('',(-3.00010382601159,4.06719704062662,10.089469461633));
#1372=CARTESIAN_POINT('',(-3.1721323617883,3.93450009702103,10.1790580430963));
#1373=CARTESIAN_POINT('',(-3.25261248633077,3.86792211861445,10.2346894004884));
#1374=CARTESIAN_POINT('',(-3.39856381182916,3.74033066973457,10.3628606675159));
#1375=CARTESIAN_POINT('',(-3.46405207940804,3.67934637150466,10.4354101808944));
#1376=CARTESIAN_POINT('',(-3.57822780078494,3.56840850373361,10.5897581899878));
#1377=CARTESIAN_POINT('',(-3.63090165083693,3.51453301599204,10.6769848272438));
#1378=CARTESIAN_POINT('',(-3.72267186888412,3.41717767695254,10.8671670029101));
#1379=CARTESIAN_POINT('',(-3.76179765517912,3.37372587857486,10.9701227041362));
#1380=CARTESIAN_POINT('',(-3.82424921478607,3.30276642856687,11.1853900666837));
#1381=CARTESIAN_POINT('',(-3.84764102315328,3.2752310910062,11.2978907178489));
#1382=CARTESIAN_POINT('',(-3.87831159851104,3.23885462599378,11.52474479041));
#1383=CARTESIAN_POINT('',(-3.88558739717027,3.23003478914823,11.6391020265853));
#1384=CARTESIAN_POINT('',(-3.88558739717027,3.23003478914823,11.75));
#1385=CARTESIAN_POINT('',(-3.88558739717027,3.23003478914823,11.8608979734147));
#1386=CARTESIAN_POINT('',(-3.87831159851105,3.23885462599378,11.97525520959));
#1387=CARTESIAN_POINT('',(-3.86297631083216,3.25704285849999,12.0886822458705));
#1388=CARTESIAN_POINT('',(-3.88558739717027,3.23003478914823,14.0528125));
#1389=CARTESIAN_POINT('',(-3.88558739717027,3.23003478914823,12.90140625));
#1390=VECTOR('',#2761,1.0);
#1391=CARTESIAN_POINT('',(-4.74008588109501,1.75,14.0528125));
#1392=AXIS2_PLACEMENT_3D('',#2762,#2763,#2764);
#1393=CARTESIAN_POINT('',(-4.74008588109501,1.75,11.75));
#1394=CARTESIAN_POINT('',(-4.74008588109501,1.75,12.90140625));
#1395=VECTOR('',#2765,1.0);
#1396=CARTESIAN_POINT('',(-5.0528125,9.47599475015909E-016,10.0));
#1397=CARTESIAN_POINT('',(-4.75217001209176,1.71691419014815,12.0886822458705));
#1398=CARTESIAN_POINT('',(-4.74408618453088,1.73928905510552,11.97525520959));
#1399=CARTESIAN_POINT('',(-4.74008588109501,1.75,11.8608979734147));
#1400=CARTESIAN_POINT('',(-4.74008588109501,1.75,11.6391020265853));
#1401=CARTESIAN_POINT('',(-4.74408618453088,1.73928905510552,11.52474479041));
#1402=CARTESIAN_POINT('',(-4.76025383965263,1.69453932519079,11.2978907178489));
#1403=CARTESIAN_POINT('',(-4.77240423729835,1.66051375612399,11.1853900666837));
#1404=CARTESIAN_POINT('',(-4.80263114384036,1.57094939399442,10.9701227041362));
#1405=CARTESIAN_POINT('',(-4.82069861192806,1.51533956993107,10.8671670029101));
#1406=CARTESIAN_POINT('',(-4.85912569970671,1.38718656027162,10.6769848272438));
#1407=CARTESIAN_POINT('',(-4.87944631570619,1.31463192414069,10.5897581899878));
#1408=CARTESIAN_POINT('',(-4.91843346674915,1.16028391504735,10.4354101808944));
#1409=CARTESIAN_POINT('',(-4.93850328445877,1.07307726255925,10.3628606675159));
#1410=CARTESIAN_POINT('',(-4.97602505774523,0.882883982521691,10.2346894004884));
#1411=CARTESIAN_POINT('',(-4.99344321610669,0.779897160964887,10.1790580430963));
#1412=CARTESIAN_POINT('',(-5.02234787238534,0.564567607003623,10.089469461633));
#1413=CARTESIAN_POINT('',(-5.03383568323902,0.452036811520376,10.0554410831851));
#1414=CARTESIAN_POINT('',(-5.04907278086607,0.225173307351863,10.0107000881941));
#1415=CARTESIAN_POINT('',(-5.0528125,0.11083748556426,10.0));
#1416=CARTESIAN_POINT('',(-5.0528125,-0.110837485564258,10.0));
#1417=CARTESIAN_POINT('',(-5.04907278086607,-0.225173307351861,10.0107000881941));
#1418=CARTESIAN_POINT('',(-5.03383568323902,-0.452036811520373,10.0554410831851));
#1419=CARTESIAN_POINT('',(-5.02234787238534,-0.564567607003621,10.089469461633));
#1420=CARTESIAN_POINT('',(-4.99344321610669,-0.779897160964885,10.1790580430963));
#1421=CARTESIAN_POINT('',(-4.97602505774523,-0.88288398252169,10.2346894004884));
#1422=CARTESIAN_POINT('',(-4.93850328445877,-1.07307726255925,10.3628606675159));
#1423=CARTESIAN_POINT('',(-4.91843346674915,-1.16028391504735,10.4354101808944));
#1424=CARTESIAN_POINT('',(-4.87944631570619,-1.31463192414068,10.5897581899878));
#1425=CARTESIAN_POINT('',(-4.85912569970671,-1.38718656027162,10.6769848272438));
#1426=CARTESIAN_POINT('',(-4.82069861192806,-1.51533956993107,10.8671670029101));
#1427=CARTESIAN_POINT('',(-4.80263114384036,-1.57094939399442,10.9701227041362));
#1428=CARTESIAN_POINT('',(-4.77240423729835,-1.66051375612399,11.1853900666837));
#1429=CARTESIAN_POINT('',(-4.76025383965263,-1.69453932519079,11.2978907178489));
#1430=CARTESIAN_POINT('',(-4.74408618453088,-1.73928905510551,11.52474479041));
#1431=CARTESIAN_POINT('',(-4.74008588109501,-1.75,11.6391020265853));
#1432=CARTESIAN_POINT('',(-4.74008588109501,-1.75,11.75));
#1433=CARTESIAN_POINT('',(-4.74008588109501,-1.75,11.8608979734147));
#1434=CARTESIAN_POINT('',(-4.74408618453088,-1.73928905510551,11.97525520959));
#1435=CARTESIAN_POINT('',(-4.75217001209176,-1.71691419014815,12.0886822458705));
#1436=CARTESIAN_POINT('',(-4.74008588109501,-1.75,11.75));
#1437=CARTESIAN_POINT('',(-4.75217001209176,1.71691419014815,12.0886822458705));
#1438=CARTESIAN_POINT('',(-4.74408618453088,1.73928905510552,11.97525520959));
#1439=CARTESIAN_POINT('',(-4.74008588109501,1.75,11.8608979734147));
#1440=CARTESIAN_POINT('',(-4.74008588109501,1.75,11.6391020265853));
#1441=CARTESIAN_POINT('',(-4.74408618453088,1.73928905510552,11.52474479041));
#1442=CARTESIAN_POINT('',(-4.76025383965263,1.69453932519079,11.2978907178489));
#1443=CARTESIAN_POINT('',(-4.77240423729835,1.66051375612399,11.1853900666837));
#1444=CARTESIAN_POINT('',(-4.80263114384036,1.57094939399442,10.9701227041362));
#1445=CARTESIAN_POINT('',(-4.82069861192806,1.51533956993107,10.8671670029101));
#1446=CARTESIAN_POINT('',(-4.85912569970671,1.38718656027162,10.6769848272438));
#1447=CARTESIAN_POINT('',(-4.87944631570619,1.31463192414069,10.5897581899878));
#1448=CARTESIAN_POINT('',(-4.91843346674915,1.16028391504735,10.4354101808944));
#1449=CARTESIAN_POINT('',(-4.93850328445877,1.07307726255925,10.3628606675159));
#1450=CARTESIAN_POINT('',(-4.97602505774523,0.882883982521691,10.2346894004884));
#1451=CARTESIAN_POINT('',(-4.99344321610669,0.779897160964887,10.1790580430963));
#1452=CARTESIAN_POINT('',(-5.02234787238534,0.564567607003623,10.089469461633));
#1453=CARTESIAN_POINT('',(-5.03383568323902,0.452036811520376,10.0554410831851));
#1454=CARTESIAN_POINT('',(-5.04907278086607,0.225173307351863,10.0107000881941));
#1455=CARTESIAN_POINT('',(-5.0528125,0.11083748556426,10.0));
#1456=CARTESIAN_POINT('',(-5.0528125,-0.110837485564258,10.0));
#1457=CARTESIAN_POINT('',(-5.04907278086607,-0.225173307351861,10.0107000881941));
#1458=CARTESIAN_POINT('',(-5.03383568323902,-0.452036811520373,10.0554410831851));
#1459=CARTESIAN_POINT('',(-5.02234787238534,-0.564567607003621,10.089469461633));
#1460=CARTESIAN_POINT('',(-4.99344321610669,-0.779897160964885,10.1790580430963));
#1461=CARTESIAN_POINT('',(-4.97602505774523,-0.88288398252169,10.2346894004884));
#1462=CARTESIAN_POINT('',(-4.93850328445877,-1.07307726255925,10.3628606675159));
#1463=CARTESIAN_POINT('',(-4.91843346674915,-1.16028391504735,10.4354101808944));
#1464=CARTESIAN_POINT('',(-4.87944631570619,-1.31463192414068,10.5897581899878));
#1465=CARTESIAN_POINT('',(-4.85912569970671,-1.38718656027162,10.6769848272438));
#1466=CARTESIAN_POINT('',(-4.82069861192806,-1.51533956993107,10.8671670029101));
#1467=CARTESIAN_POINT('',(-4.80263114384036,-1.57094939399442,10.9701227041362));
#1468=CARTESIAN_POINT('',(-4.77240423729835,-1.66051375612399,11.1853900666837));
#1469=CARTESIAN_POINT('',(-4.76025383965263,-1.69453932519079,11.2978907178489));
#1470=CARTESIAN_POINT('',(-4.74408618453088,-1.73928905510551,11.52474479041));
#1471=CARTESIAN_POINT('',(-4.74008588109501,-1.75,11.6391020265853));
#1472=CARTESIAN_POINT('',(-4.74008588109501,-1.75,11.75));
#1473=CARTESIAN_POINT('',(-4.74008588109501,-1.75,11.8608979734147));
#1474=CARTESIAN_POINT('',(-4.74408618453088,-1.73928905510551,11.97525520959));
#1475=CARTESIAN_POINT('',(-4.75217001209176,-1.71691419014815,12.0886822458705));
#1476=CARTESIAN_POINT('',(-4.74008588109501,-1.75,14.0528125));
#1477=CARTESIAN_POINT('',(-4.74008588109501,-1.75,12.90140625));
#1478=VECTOR('',#2766,1.0);
#1479=CARTESIAN_POINT('',(-3.88558739717027,-3.23003478914822,14.0528125));
#1480=AXIS2_PLACEMENT_3D('',#2767,#2768,#2769);
#1481=CARTESIAN_POINT('',(-3.88558739717027,-3.23003478914822,11.75));
#1482=CARTESIAN_POINT('',(-3.88558739717027,-3.23003478914822,12.90140625));
#1483=VECTOR('',#2770,1.0);
#1484=CARTESIAN_POINT('',(-2.52640625,-4.37586398555956,10.0));
#1485=CARTESIAN_POINT('',(-3.86297631083216,-3.25704285849999,12.0886822458705));
#1486=CARTESIAN_POINT('',(-3.87831159851105,-3.23885462599377,11.97525520959));
#1487=CARTESIAN_POINT('',(-3.88558739717027,-3.23003478914822,11.8608979734147));
#1488=CARTESIAN_POINT('',(-3.88558739717027,-3.23003478914822,11.6391020265853));
#1489=CARTESIAN_POINT('',(-3.87831159851105,-3.23885462599377,11.52474479041));
#1490=CARTESIAN_POINT('',(-3.84764102315328,-3.2752310910062,11.2978907178489));
#1491=CARTESIAN_POINT('',(-3.82424921478607,-3.30276642856687,11.1853900666837));
#1492=CARTESIAN_POINT('',(-3.76179765517912,-3.37372587857485,10.9701227041362));
#1493=CARTESIAN_POINT('',(-3.72267186888413,-3.41717767695254,10.8671670029101));
#1494=CARTESIAN_POINT('',(-3.63090165083693,-3.51453301599204,10.6769848272438));
#1495=CARTESIAN_POINT('',(-3.57822780078495,-3.56840850373361,10.5897581899878));
#1496=CARTESIAN_POINT('',(-3.46405207940804,-3.67934637150465,10.4354101808944));
#1497=CARTESIAN_POINT('',(-3.39856381182916,-3.74033066973456,10.3628606675159));
#1498=CARTESIAN_POINT('',(-3.25261248633077,-3.86792211861445,10.2346894004884));
#1499=CARTESIAN_POINT('',(-3.1721323617883,-3.93450009702102,10.1790580430963));
#1500=CARTESIAN_POINT('',(-3.00010382601159,-4.06719704062661,10.089469461633));
#1501=CARTESIAN_POINT('',(-2.90839320384187,-4.1334111744014,10.0554410831851));
#1502=CARTESIAN_POINT('',(-2.71954219485391,-4.26003864011062,10.0107000881941));
#1503=CARTESIAN_POINT('',(-2.62239432819024,-4.32044524277743,10.0));
#1504=CARTESIAN_POINT('',(-2.43041817180976,-4.43128272834169,10.0));
#1505=CARTESIAN_POINT('',(-2.32953058601216,-4.48521194746249,10.0107000881941));
#1506=CARTESIAN_POINT('',(-2.12544247939715,-4.58544798592177,10.0554410831851));
#1507=CARTESIAN_POINT('',(-2.02224404637374,-4.63176464763024,10.089469461633));
#1508=CARTESIAN_POINT('',(-1.82131085431839,-4.71439725798591,10.1790580430963));
#1509=CARTESIAN_POINT('',(-1.72341257141445,-4.75080610113614,10.2346894004884));
#1510=CARTESIAN_POINT('',(-1.53993947262961,-4.81340793229381,10.3628606675159));
#1511=CARTESIAN_POINT('',(-1.45438138734111,-4.839630286552,10.4354101808944));
#1512=CARTESIAN_POINT('',(-1.30121851492125,-4.88304042787429,10.5897581899878));
#1513=CARTESIAN_POINT('',(-1.22822404886978,-4.90171957626366,10.6769848272438));
#1514=CARTESIAN_POINT('',(-1.09802674304393,-4.93251724688362,10.8671670029101));
#1515=CARTESIAN_POINT('',(-1.04083348866124,-4.94467527256928,10.9701227041362));
#1516=CARTESIAN_POINT('',(-0.948155022512276,-4.96328018469086,11.1853900666837));
#1517=CARTESIAN_POINT('',(-0.912612816499352,-4.96977041619699,11.2978907178489));
#1518=CARTESIAN_POINT('',(-0.865774586019831,-4.97814368109929,11.52474479041));
#1519=CARTESIAN_POINT('',(-0.854498483924737,-4.98003478914822,11.6391020265853));
#1520=CARTESIAN_POINT('',(-0.854498483924737,-4.98003478914822,11.75));
#1521=CARTESIAN_POINT('',(-0.854498483924737,-4.98003478914822,11.8608979734147));
#1522=CARTESIAN_POINT('',(-0.86577458601983,-4.97814368109929,11.97525520959));
#1523=CARTESIAN_POINT('',(-0.889193701259592,-4.97395704864814,12.0886822458705));
#1524=CARTESIAN_POINT('',(-0.854498483924737,-4.98003478914822,11.75));
#1525=CARTESIAN_POINT('',(-3.86297631083216,-3.25704285849999,12.0886822458705));
#1526=CARTESIAN_POINT('',(-3.87831159851105,-3.23885462599377,11.97525520959));
#1527=CARTESIAN_POINT('',(-3.88558739717027,-3.23003478914822,11.8608979734147));
#1528=CARTESIAN_POINT('',(-3.88558739717027,-3.23003478914822,11.6391020265853));
#1529=CARTESIAN_POINT('',(-3.87831159851105,-3.23885462599377,11.52474479041));
#1530=CARTESIAN_POINT('',(-3.84764102315328,-3.2752310910062,11.2978907178489));
#1531=CARTESIAN_POINT('',(-3.82424921478607,-3.30276642856687,11.1853900666837));
#1532=CARTESIAN_POINT('',(-3.76179765517912,-3.37372587857485,10.9701227041362));
#1533=CARTESIAN_POINT('',(-3.72267186888413,-3.41717767695254,10.8671670029101));
#1534=CARTESIAN_POINT('',(-3.63090165083693,-3.51453301599204,10.6769848272438));
#1535=CARTESIAN_POINT('',(-3.57822780078495,-3.56840850373361,10.5897581899878));
#1536=CARTESIAN_POINT('',(-3.46405207940804,-3.67934637150465,10.4354101808944));
#1537=CARTESIAN_POINT('',(-3.39856381182916,-3.74033066973456,10.3628606675159));
#1538=CARTESIAN_POINT('',(-3.25261248633077,-3.86792211861445,10.2346894004884));
#1539=CARTESIAN_POINT('',(-3.1721323617883,-3.93450009702102,10.1790580430963));
#1540=CARTESIAN_POINT('',(-3.00010382601159,-4.06719704062661,10.089469461633));
#1541=CARTESIAN_POINT('',(-2.90839320384187,-4.1334111744014,10.0554410831851));
#1542=CARTESIAN_POINT('',(-2.71954219485391,-4.26003864011062,10.0107000881941));
#1543=CARTESIAN_POINT('',(-2.62239432819024,-4.32044524277743,10.0));
#1544=CARTESIAN_POINT('',(-2.43041817180976,-4.43128272834169,10.0));
#1545=CARTESIAN_POINT('',(-2.32953058601216,-4.48521194746249,10.0107000881941));
#1546=CARTESIAN_POINT('',(-2.12544247939715,-4.58544798592177,10.0554410831851));
#1547=CARTESIAN_POINT('',(-2.02224404637374,-4.63176464763024,10.089469461633));
#1548=CARTESIAN_POINT('',(-1.82131085431839,-4.71439725798591,10.1790580430963));
#1549=CARTESIAN_POINT('',(-1.72341257141445,-4.75080610113614,10.2346894004884));
#1550=CARTESIAN_POINT('',(-1.53993947262961,-4.81340793229381,10.3628606675159));
#1551=CARTESIAN_POINT('',(-1.45438138734111,-4.839630286552,10.4354101808944));
#1552=CARTESIAN_POINT('',(-1.30121851492125,-4.88304042787429,10.5897581899878));
#1553=CARTESIAN_POINT('',(-1.22822404886978,-4.90171957626366,10.6769848272438));
#1554=CARTESIAN_POINT('',(-1.09802674304393,-4.93251724688362,10.8671670029101));
#1555=CARTESIAN_POINT('',(-1.04083348866124,-4.94467527256928,10.9701227041362));
#1556=CARTESIAN_POINT('',(-0.948155022512276,-4.96328018469086,11.1853900666837));
#1557=CARTESIAN_POINT('',(-0.912612816499352,-4.96977041619699,11.2978907178489));
#1558=CARTESIAN_POINT('',(-0.865774586019831,-4.97814368109929,11.52474479041));
#1559=CARTESIAN_POINT('',(-0.854498483924737,-4.98003478914822,11.6391020265853));
#1560=CARTESIAN_POINT('',(-0.854498483924737,-4.98003478914822,11.75));
#1561=CARTESIAN_POINT('',(-0.854498483924737,-4.98003478914822,11.8608979734147));
#1562=CARTESIAN_POINT('',(-0.86577458601983,-4.97814368109929,11.97525520959));
#1563=CARTESIAN_POINT('',(-0.889193701259592,-4.97395704864814,12.0886822458705));
#1564=CARTESIAN_POINT('',(-0.854498483924736,-4.98003478914822,14.0528125));
#1565=CARTESIAN_POINT('',(-0.854498483924736,-4.98003478914822,12.90140625));
#1566=VECTOR('',#2771,1.0);
#1567=AXIS2_PLACEMENT_3D('',#2772,#2773,#2774);
#1568=CARTESIAN_POINT('',(5.56639251737444E-016,-10.9725,9.09090909090909));
#1569=CARTESIAN_POINT('',(6.12303176911189E-016,-8.72242104234882,10.0));
#1570=CARTESIAN_POINT('',(-6.21455058000204E-016,-9.84746052117441,9.54545454545455));
#1571=VECTOR('',#2775,1.0);
#1572=CARTESIAN_POINT('',(9.5,-5.48625,9.0917711191975));
#1574=CARTESIAN_POINT('',(3.52558876594094E-015,-10.9725,9.09090909090909));
#1575=CARTESIAN_POINT('',(4.7518478072375,-8.22830789132034,10.1996346715456));
#1576=CARTESIAN_POINT('',(9.503695614475,-5.48411578264069,9.09090909090909));
#1583=CARTESIAN_POINT('',(9.5,5.48625,9.0917711191975));
#1585=CARTESIAN_POINT('',(9.5,-5.4905151169995,9.09090909090909));
#1586=CARTESIAN_POINT('',(9.5,8.88178419700125E-016,10.2009274206092));
#1587=CARTESIAN_POINT('',(9.5,5.4905151169995,9.09090909090909));
#1594=CARTESIAN_POINT('',(-3.31539167962681E-016,10.9725,9.09090909090909));
#1596=CARTESIAN_POINT('',(9.50369561447501,5.48411578264068,9.09090909090909));
#1597=CARTESIAN_POINT('',(4.7518478072375,8.22830789132034,10.1996346715456));
#1598=CARTESIAN_POINT('',(-1.32984584812122E-014,10.9725,9.09090909090909));
#1605=CARTESIAN_POINT('',(1.68045639982863E-015,8.72242104234883,10.0));
#1606=CARTESIAN_POINT('',(1.79039748664884E-015,9.84746052117441,9.54545454545455));
#1607=VECTOR('',#2776,1.0);
#1608=AXIS2_PLACEMENT_3D('',#2777,#2778,#2779);
#1609=CARTESIAN_POINT('',(3.27016805910136E-032,-8.72242104234882,5.34076611458719E-016));
#1610=CARTESIAN_POINT('',(5.56639251737445E-017,-10.9725,0.90909090909091));
#1611=CARTESIAN_POINT('',(-1.17809430973765E-015,-9.84746052117441,0.454545454545455));
#1612=VECTOR('',#2780,1.0);
#1613=CARTESIAN_POINT('',(1.06815322291744E-015,8.72242104234882,0.0));
#1614=AXIS2_PLACEMENT_3D('',#2781,#2782,#2783);
#1615=CARTESIAN_POINT('',(-8.32514494526381E-016,10.9725,0.909090909090908));
#1616=CARTESIAN_POINT('',(1.23375823491139E-015,9.84746052117441,0.454545454545454));
#1617=VECTOR('',#2784,1.0);
#1618=CARTESIAN_POINT('',(9.5,5.48625,0.908228880802505));
#1620=CARTESIAN_POINT('',(-4.89258526516542E-015,10.9725,0.909090909090909));
#1621=CARTESIAN_POINT('',(4.7518478072375,8.22830789132034,-0.199634671545555));
#1622=CARTESIAN_POINT('',(9.503695614475,5.48411578264068,0.909090909090909));
#1629=CARTESIAN_POINT('',(9.5,-5.48625,0.908228880802507));
#1631=CARTESIAN_POINT('',(9.5,5.4905151169995,0.909090909090909));
#1632=CARTESIAN_POINT('',(9.5,1.58012209102755E-015,-0.200927420609168));
#1633=CARTESIAN_POINT('',(9.5,-5.4905151169995,0.90909090909091));
#1641=CARTESIAN_POINT('',(9.503695614475,-5.48411578264069,0.909090909090909));
#1642=CARTESIAN_POINT('',(4.7518478072375,-8.22830789132034,-0.199634671545553));
#1643=CARTESIAN_POINT('',(-2.91328558902975E-015,-10.9725,0.90909090909091));
#1650=CARTESIAN_POINT('',(-8.5,6.12303176911189E-016,10.0));
#1651=CARTESIAN_POINT('',(-6.62004063327405,8.26609288830105E-016,10.0));
#1652=VECTOR('',#2785,1.0);
#1653=CARTESIAN_POINT('',(-8.31790237980706,-1.75,11.75));
#1654=CARTESIAN_POINT('',(-8.32473585451562,-1.71719915925381,12.087234410252));
#1655=CARTESIAN_POINT('',(-8.32015198999722,-1.73942107868906,11.974080294668));
#1656=CARTESIAN_POINT('',(-8.31790237980706,-1.75,11.8602101893631));
#1657=CARTESIAN_POINT('',(-8.31790237980706,-1.75,11.75));
#1658=CARTESIAN_POINT('',(-8.31790237980706,-1.75,11.639789810637));
#1659=CARTESIAN_POINT('',(-8.32015198999722,-1.73942107868906,11.525919705332));
#1660=CARTESIAN_POINT('',(-8.32931971903403,-1.69497723981857,11.2996114741641));
#1661=CARTESIAN_POINT('',(-8.33623075579506,-1.66112298267732,11.1871709680334));
#1662=CARTESIAN_POINT('',(-8.35354642231412,-1.5717298975303,10.9716868862813));
#1663=CARTESIAN_POINT('',(-8.36394791707144,-1.51611999361878,10.8684656580088));
#1664=CARTESIAN_POINT('',(-8.38620529165606,-1.3877339083804,10.6776580624269));
#1665=CARTESIAN_POINT('',(-8.39803833550165,-1.31494878381182,10.5900750496589));
#1666=CARTESIAN_POINT('',(-8.4208491367123,-1.1599298388744,10.4350561047215));
#1667=CARTESIAN_POINT('',(-8.43263252400143,-1.07234909595475,10.3622715232305));
#1668=CARTESIAN_POINT('',(-8.45470939641945,-0.881540067430888,10.2338832437717));
#1669=CARTESIAN_POINT('',(-8.4649812388324,-0.778315139339316,10.1782708354424));
#1670=CARTESIAN_POINT('',(-8.48203461156061,-0.562823841724225,10.0888749715152));
#1671=CARTESIAN_POINT('',(-8.48881511542529,-0.450379927227367,10.0550204517674));
#1672=CARTESIAN_POINT('',(-8.49780068186097,-0.224070779188512,10.0105776724157));
#1673=CARTESIAN_POINT('',(-8.5,-0.110203238610134,10.0));
#1674=CARTESIAN_POINT('',(-8.5,0.110203238610136,10.0));
#1675=CARTESIAN_POINT('',(-8.49780068186097,0.224070779188513,10.0105776724157));
#1676=CARTESIAN_POINT('',(-8.48881511542529,0.450379927227368,10.0550204517674));
#1677=CARTESIAN_POINT('',(-8.48203461156061,0.562823841724226,10.0888749715152));
#1678=CARTESIAN_POINT('',(-8.4649812388324,0.778315139339317,10.1782708354424));
#1679=CARTESIAN_POINT('',(-8.45470939641944,0.88154006743089,10.2338832437717));
#1680=CARTESIAN_POINT('',(-8.43263252400143,1.07234909595475,10.3622715232305));
#1681=CARTESIAN_POINT('',(-8.4208491367123,1.1599298388744,10.4350561047215));
#1682=CARTESIAN_POINT('',(-8.39803833550165,1.31494878381182,10.5900750496589));
#1683=CARTESIAN_POINT('',(-8.38620529165606,1.3877339083804,10.6776580624269));
#1684=CARTESIAN_POINT('',(-8.36394791707144,1.51611999361878,10.8684656580088));
#1685=CARTESIAN_POINT('',(-8.35354642231412,1.5717298975303,10.9716868862813));
#1686=CARTESIAN_POINT('',(-8.33623075579506,1.66112298267732,11.1871709680334));
#1687=CARTESIAN_POINT('',(-8.32931971903403,1.69497723981857,11.2996114741641));
#1688=CARTESIAN_POINT('',(-8.32015198999722,1.73942107868906,11.525919705332));
#1689=CARTESIAN_POINT('',(-8.31790237980706,1.75,11.639789810637));
#1690=CARTESIAN_POINT('',(-8.31790237980706,1.75,11.8602101893631));
#1691=CARTESIAN_POINT('',(-8.32015198999722,1.73942107868906,11.974080294668));
#1692=CARTESIAN_POINT('',(-8.32473585451562,1.71719915925381,12.087234410252));
#1693=CARTESIAN_POINT('',(7.19456232870647E-016,-1.75,11.75));
#1694=VECTOR('',#2786,1.0);
#1695=CARTESIAN_POINT('',(-4.25,-7.36121593216773,10.0));
#1696=CARTESIAN_POINT('',(-3.26449548932844,-5.65427204859628,10.0));
#1697=VECTOR('',#2787,1.0);
#1698=CARTESIAN_POINT('',(-2.64340673328076,-8.07851476711195,11.75));
#1699=CARTESIAN_POINT('',(-2.67522983198673,-8.0680323094326,12.087234410252));
#1700=CARTESIAN_POINT('',(-2.65369315297576,-8.07517352602978,11.974080294668));
#1701=CARTESIAN_POINT('',(-2.64340673328076,-8.07851476711195,11.8602101893631));
#1702=CARTESIAN_POINT('',(-2.64340673328076,-8.07851476711195,11.75));
#1703=CARTESIAN_POINT('',(-2.64340673328076,-8.07851476711195,11.639789810637));
#1704=CARTESIAN_POINT('',(-2.65369315297576,-8.07517352602978,11.525919705332));
#1705=CARTESIAN_POINT('',(-2.69676651099771,-8.06089109283541,11.2996114741641));
#1706=CARTESIAN_POINT('',(-2.72954067608879,-8.04994909766633,11.1871709680334));
#1707=CARTESIAN_POINT('',(-2.81561519200831,-8.02024836218179,10.9716868862813));
#1708=CARTESIAN_POINT('',(-2.86897552887636,-8.0014513689232,10.8684656580088));
#1709=CARTESIAN_POINT('',(-2.99128982747754,-7.95653377811583,10.6776580624269));
#1710=CARTESIAN_POINT('',(-3.06024011629434,-7.93038893240592,10.5900750496589));
#1711=CARTESIAN_POINT('',(-3.20589586128333,-7.87263419326631,10.4350561047215));
#1712=CARTESIAN_POINT('',(-3.28763470317862,-7.8390485345415,10.3622715232305));
#1713=CARTESIAN_POINT('',(-3.46391860536072,-7.76276315262968,10.2338832437717));
#1714=CARTESIAN_POINT('',(-3.55844993659833,-7.72004636505718,10.1782708354424));
#1715=CARTESIAN_POINT('',(-3.75359756099157,-7.62706937025247,10.0888749715152));
#1716=CARTESIAN_POINT('',(-3.85436709937916,-7.57671950160132,10.0550204517674));
#1717=CARTESIAN_POINT('',(-4.05484935390746,-7.47134665638258,10.0105776724157));
#1718=CARTESIAN_POINT('',(-4.1545611957843,-7.41631755147279,10.0));
#1719=CARTESIAN_POINT('',(-4.34543880421569,-7.30611431286266,10.0));
#1720=CARTESIAN_POINT('',(-4.44295132795351,-7.24727587719406,10.0105776724157));
#1721=CARTESIAN_POINT('',(-4.63444801604613,-7.12633957437395,10.0550204517674));
#1722=CARTESIAN_POINT('',(-4.72843705056904,-7.06424552852825,10.0888749715152));
#1723=CARTESIAN_POINT('',(-4.90653130223407,-6.94173122571786,10.1782708354424));
#1724=CARTESIAN_POINT('',(-4.99079079105872,-6.88122308519879,10.2338832437717));
#1725=CARTESIAN_POINT('',(-5.1449978208228,-6.76669943858675,10.3622715232305));
#1726=CARTESIAN_POINT('',(-5.21495327542897,-6.71270435439191,10.4350561047215));
#1727=CARTESIAN_POINT('',(-5.33779821920731,-6.6154401485941,10.5900750496589));
#1728=CARTESIAN_POINT('',(-5.39491546417852,-6.56879986973544,10.6776580624269));
#1729=CARTESIAN_POINT('',(-5.49497238819508,-6.48533137530442,10.8684656580088));
#1730=CARTESIAN_POINT('',(-5.53793123030581,-6.44851846465149,10.9716868862813));
#1731=CARTESIAN_POINT('',(-5.60669007970627,-6.38882611498901,11.1871709680334));
#1732=CARTESIAN_POINT('',(-5.63255320803632,-6.36591385301685,11.2996114741641));
#1733=CARTESIAN_POINT('',(-5.66645883702147,-6.33575244734072,11.525919705332));
#1734=CARTESIAN_POINT('',(-5.6744956465263,-6.32851476711195,11.639789810637));
#1735=CARTESIAN_POINT('',(-5.6744956465263,-6.32851476711195,11.8602101893631));
#1736=CARTESIAN_POINT('',(-5.66645883702147,-6.33575244734072,11.974080294668));
#1737=CARTESIAN_POINT('',(-5.64950602252889,-6.35083315017878,12.087234410252));
#1738=CARTESIAN_POINT('',(1.51554445662277,-0.875,11.75));
#1739=VECTOR('',#2788,1.0);
#1740=CARTESIAN_POINT('',(1.83690953073357E-016,-6.0,15.0));
#1741=CARTESIAN_POINT('',(2.12689248842385E-016,-5.52640625,14.52640625));
#1742=VECTOR('',#2789,1.0);
#1743=CARTESIAN_POINT('',(-1.35401561418948,-5.84522383801776,15.0));
#1745=CARTESIAN_POINT('',(-0.854498483924735,-4.98003478914822,14.0528125));
#1746=CARTESIAN_POINT('',(-1.0828536107094,-5.37555747090809,14.4812562280614));
#1747=CARTESIAN_POINT('',(-1.35401561418948,-5.84522383801776,15.0));
#1754=AXIS2_PLACEMENT_3D('',#2790,#2791,#2792);
#1755=CARTESIAN_POINT('',(4.25,-7.36121593216773,10.0));
#1756=CARTESIAN_POINT('',(2.52640625,-4.37586398555956,10.0));
#1757=CARTESIAN_POINT('',(3.26449548932844,-5.65427204859628,10.0));
#1758=VECTOR('',#2793,1.0);
#1759=CARTESIAN_POINT('',(5.6744956465263,-6.32851476711195,11.75));
#1760=CARTESIAN_POINT('',(5.64950602252889,-6.35083315017878,12.087234410252));
#1761=CARTESIAN_POINT('',(5.66645883702147,-6.33575244734072,11.974080294668));
#1762=CARTESIAN_POINT('',(5.6744956465263,-6.32851476711195,11.8602101893631));
#1763=CARTESIAN_POINT('',(5.6744956465263,-6.32851476711195,11.75));
#1764=CARTESIAN_POINT('',(5.6744956465263,-6.32851476711195,11.639789810637));
#1765=CARTESIAN_POINT('',(5.66645883702147,-6.33575244734072,11.525919705332));
#1766=CARTESIAN_POINT('',(5.63255320803632,-6.36591385301685,11.2996114741641));
#1767=CARTESIAN_POINT('',(5.60669007970627,-6.38882611498901,11.1871709680334));
#1768=CARTESIAN_POINT('',(5.53793123030581,-6.44851846465149,10.9716868862813));
#1769=CARTESIAN_POINT('',(5.49497238819508,-6.48533137530442,10.8684656580088));
#1770=CARTESIAN_POINT('',(5.39491546417852,-6.56879986973544,10.6776580624269));
#1771=CARTESIAN_POINT('',(5.33779821920731,-6.6154401485941,10.5900750496589));
#1772=CARTESIAN_POINT('',(5.21495327542897,-6.71270435439191,10.4350561047215));
#1773=CARTESIAN_POINT('',(5.1449978208228,-6.76669943858676,10.3622715232305));
#1774=CARTESIAN_POINT('',(4.99079079105872,-6.88122308519879,10.2338832437717));
#1775=CARTESIAN_POINT('',(4.90653130223407,-6.94173122571787,10.1782708354424));
#1776=CARTESIAN_POINT('',(4.72843705056903,-7.06424552852825,10.0888749715152));
#1777=CARTESIAN_POINT('',(4.63444801604613,-7.12633957437395,10.0550204517674));
#1778=CARTESIAN_POINT('',(4.44295132795351,-7.24727587719407,10.0105776724157));
#1779=CARTESIAN_POINT('',(4.34543880421569,-7.30611431286266,10.0));
#1780=CARTESIAN_POINT('',(4.1545611957843,-7.4163175514728,10.0));
#1781=CARTESIAN_POINT('',(4.05484935390746,-7.47134665638258,10.0105776724157));
#1782=CARTESIAN_POINT('',(3.85436709937916,-7.57671950160132,10.0550204517674));
#1783=CARTESIAN_POINT('',(3.75359756099157,-7.62706937025247,10.0888749715152));
#1784=CARTESIAN_POINT('',(3.55844993659832,-7.72004636505718,10.1782708354424));
#1785=CARTESIAN_POINT('',(3.46391860536072,-7.76276315262968,10.2338832437717));
#1786=CARTESIAN_POINT('',(3.28763470317862,-7.8390485345415,10.3622715232305));
#1787=CARTESIAN_POINT('',(3.20589586128332,-7.87263419326631,10.4350561047215));
#1788=CARTESIAN_POINT('',(3.06024011629434,-7.93038893240592,10.5900750496589));
#1789=CARTESIAN_POINT('',(2.99128982747754,-7.95653377811583,10.6776580624269));
#1790=CARTESIAN_POINT('',(2.86897552887636,-8.0014513689232,10.8684656580088));
#1791=CARTESIAN_POINT('',(2.81561519200831,-8.02024836218179,10.9716868862813));
#1792=CARTESIAN_POINT('',(2.72954067608879,-8.04994909766633,11.1871709680334));
#1793=CARTESIAN_POINT('',(2.69676651099771,-8.06089109283541,11.2996114741641));
#1794=CARTESIAN_POINT('',(2.65369315297576,-8.07517352602978,11.525919705332));
#1795=CARTESIAN_POINT('',(2.64340673328076,-8.07851476711195,11.639789810637));
#1796=CARTESIAN_POINT('',(2.64340673328076,-8.07851476711195,11.8602101893631));
#1797=CARTESIAN_POINT('',(2.65369315297576,-8.07517352602978,11.974080294668));
#1798=CARTESIAN_POINT('',(2.67522983198673,-8.0680323094326,12.087234410252));
#1799=CARTESIAN_POINT('',(3.88558739717027,-3.23003478914822,11.75));
#1800=CARTESIAN_POINT('',(1.51554445662277,0.874999999999999,11.75));
#1801=VECTOR('',#2794,0.999999999999999);
#1802=CARTESIAN_POINT('',(0.889193701259592,-4.97395704864814,12.0886822458705));
#1803=CARTESIAN_POINT('',(0.86577458601983,-4.97814368109929,11.97525520959));
#1804=CARTESIAN_POINT('',(0.854498483924736,-4.98003478914822,11.8608979734147));
#1805=CARTESIAN_POINT('',(0.854498483924736,-4.98003478914822,11.6391020265853));
#1806=CARTESIAN_POINT('',(0.86577458601983,-4.97814368109929,11.52474479041));
#1807=CARTESIAN_POINT('',(0.912612816499352,-4.96977041619699,11.2978907178489));
#1808=CARTESIAN_POINT('',(0.948155022512274,-4.96328018469086,11.1853900666837));
#1809=CARTESIAN_POINT('',(1.04083348866124,-4.94467527256928,10.9701227041362));
#1810=CARTESIAN_POINT('',(1.09802674304393,-4.93251724688362,10.8671670029101));
#1811=CARTESIAN_POINT('',(1.22822404886978,-4.90171957626366,10.6769848272438));
#1812=CARTESIAN_POINT('',(1.30121851492125,-4.88304042787429,10.5897581899878));
#1813=CARTESIAN_POINT('',(1.45438138734111,-4.839630286552,10.4354101808944));
#1814=CARTESIAN_POINT('',(1.53993947262961,-4.81340793229381,10.3628606675159));
#1815=CARTESIAN_POINT('',(1.72341257141445,-4.75080610113614,10.2346894004884));
#1816=CARTESIAN_POINT('',(1.82131085431839,-4.71439725798591,10.1790580430963));
#1817=CARTESIAN_POINT('',(2.02224404637374,-4.63176464763024,10.089469461633));
#1818=CARTESIAN_POINT('',(2.12544247939714,-4.58544798592177,10.0554410831851));
#1819=CARTESIAN_POINT('',(2.32953058601216,-4.48521194746249,10.0107000881941));
#1820=CARTESIAN_POINT('',(2.43041817180976,-4.43128272834169,10.0));
#1821=CARTESIAN_POINT('',(2.62239432819024,-4.32044524277743,10.0));
#1822=CARTESIAN_POINT('',(2.71954219485391,-4.26003864011063,10.0107000881941));
#1823=CARTESIAN_POINT('',(2.90839320384187,-4.1334111744014,10.0554410831851));
#1824=CARTESIAN_POINT('',(3.00010382601159,-4.06719704062662,10.089469461633));
#1825=CARTESIAN_POINT('',(3.1721323617883,-3.93450009702102,10.1790580430963));
#1826=CARTESIAN_POINT('',(3.25261248633077,-3.86792211861445,10.2346894004884));
#1827=CARTESIAN_POINT('',(3.39856381182916,-3.74033066973456,10.3628606675159));
#1828=CARTESIAN_POINT('',(3.46405207940804,-3.67934637150466,10.4354101808944));
#1829=CARTESIAN_POINT('',(3.57822780078494,-3.56840850373361,10.5897581899878));
#1830=CARTESIAN_POINT('',(3.63090165083693,-3.51453301599204,10.6769848272438));
#1831=CARTESIAN_POINT('',(3.72267186888413,-3.41717767695254,10.8671670029101));
#1832=CARTESIAN_POINT('',(3.76179765517912,-3.37372587857485,10.9701227041362));
#1833=CARTESIAN_POINT('',(3.82424921478607,-3.30276642856687,11.1853900666837));
#1834=CARTESIAN_POINT('',(3.84764102315328,-3.2752310910062,11.2978907178489));
#1835=CARTESIAN_POINT('',(3.87831159851105,-3.23885462599377,11.52474479041));
#1836=CARTESIAN_POINT('',(3.88558739717027,-3.23003478914822,11.6391020265853));
#1837=CARTESIAN_POINT('',(3.88558739717027,-3.23003478914822,11.75));
#1838=CARTESIAN_POINT('',(3.88558739717027,-3.23003478914822,11.8608979734147));
#1839=CARTESIAN_POINT('',(3.87831159851105,-3.23885462599377,11.97525520959));
#1840=CARTESIAN_POINT('',(3.86297631083216,-3.25704285849999,12.0886822458705));
#1841=CARTESIAN_POINT('',(8.5,-1.65321857766021E-015,10.0));
#1842=CARTESIAN_POINT('',(5.0528125,-1.55188778054062E-015,10.0));
#1843=CARTESIAN_POINT('',(6.62004063327405,-1.63730367103708E-015,10.0));
#1844=VECTOR('',#2795,1.0);
#1845=CARTESIAN_POINT('',(8.31790237980706,1.75,11.75));
#1846=CARTESIAN_POINT('',(8.32473585451563,1.71719915925381,12.087234410252));
#1847=CARTESIAN_POINT('',(8.32015198999722,1.73942107868906,11.974080294668));
#1848=CARTESIAN_POINT('',(8.31790237980706,1.75,11.8602101893631));
#1849=CARTESIAN_POINT('',(8.31790237980706,1.75,11.75));
#1850=CARTESIAN_POINT('',(8.31790237980706,1.75,11.639789810637));
#1851=CARTESIAN_POINT('',(8.32015198999722,1.73942107868906,11.525919705332));
#1852=CARTESIAN_POINT('',(8.32931971903403,1.69497723981857,11.2996114741641));
#1853=CARTESIAN_POINT('',(8.33623075579506,1.66112298267732,11.1871709680334));
#1854=CARTESIAN_POINT('',(8.35354642231412,1.5717298975303,10.9716868862813));
#1855=CARTESIAN_POINT('',(8.36394791707144,1.51611999361878,10.8684656580088));
#1856=CARTESIAN_POINT('',(8.38620529165606,1.3877339083804,10.6776580624269));
#1857=CARTESIAN_POINT('',(8.39803833550165,1.31494878381182,10.5900750496589));
#1858=CARTESIAN_POINT('',(8.4208491367123,1.1599298388744,10.4350561047215));
#1859=CARTESIAN_POINT('',(8.43263252400143,1.07234909595475,10.3622715232305));
#1860=CARTESIAN_POINT('',(8.45470939641945,0.881540067430887,10.2338832437717));
#1861=CARTESIAN_POINT('',(8.4649812388324,0.778315139339315,10.1782708354424));
#1862=CARTESIAN_POINT('',(8.48203461156061,0.562823841724224,10.0888749715152));
#1863=CARTESIAN_POINT('',(8.48881511542529,0.450379927227366,10.0550204517674));
#1864=CARTESIAN_POINT('',(8.49780068186097,0.224070779188511,10.0105776724157));
#1865=CARTESIAN_POINT('',(8.5,0.110203238610133,10.0));
#1866=CARTESIAN_POINT('',(8.5,-0.110203238610137,10.0));
#1867=CARTESIAN_POINT('',(8.49780068186097,-0.224070779188515,10.0105776724157));
#1868=CARTESIAN_POINT('',(8.48881511542529,-0.45037992722737,10.0550204517674));
#1869=CARTESIAN_POINT('',(8.48203461156061,-0.562823841724229,10.0888749715152));
#1870=CARTESIAN_POINT('',(8.4649812388324,-0.778315139339319,10.1782708354424));
#1871=CARTESIAN_POINT('',(8.45470939641944,-0.881540067430891,10.2338832437717));
#1872=CARTESIAN_POINT('',(8.43263252400143,-1.07234909595475,10.3622715232305));
#1873=CARTESIAN_POINT('',(8.4208491367123,-1.1599298388744,10.4350561047215));
#1874=CARTESIAN_POINT('',(8.39803833550165,-1.31494878381182,10.5900750496589));
#1875=CARTESIAN_POINT('',(8.38620529165606,-1.3877339083804,10.6776580624269));
#1876=CARTESIAN_POINT('',(8.36394791707144,-1.51611999361878,10.8684656580088));
#1877=CARTESIAN_POINT('',(8.35354642231412,-1.5717298975303,10.9716868862813));
#1878=CARTESIAN_POINT('',(8.33623075579506,-1.66112298267732,11.1871709680334));
#1879=CARTESIAN_POINT('',(8.32931971903403,-1.69497723981857,11.2996114741641));
#1880=CARTESIAN_POINT('',(8.32015198999722,-1.73942107868906,11.525919705332));
#1881=CARTESIAN_POINT('',(8.31790237980706,-1.75,11.639789810637));
#1882=CARTESIAN_POINT('',(8.31790237980706,-1.75,11.8602101893631));
#1883=CARTESIAN_POINT('',(8.32015198999722,-1.73942107868906,11.974080294668));
#1884=CARTESIAN_POINT('',(8.32473585451562,-1.71719915925381,12.087234410252));
#1885=CARTESIAN_POINT('',(4.74008588109501,1.75,11.75));
#1886=CARTESIAN_POINT('',(9.33762344789563E-016,1.75,11.75));
#1887=VECTOR('',#2796,1.0);
#1888=CARTESIAN_POINT('',(4.75217001209176,-1.71691419014815,12.0886822458705));
#1889=CARTESIAN_POINT('',(4.74408618453088,-1.73928905510552,11.97525520959));
#1890=CARTESIAN_POINT('',(4.74008588109501,-1.75,11.8608979734147));
#1891=CARTESIAN_POINT('',(4.74008588109501,-1.75,11.6391020265853));
#1892=CARTESIAN_POINT('',(4.74408618453088,-1.73928905510552,11.52474479041));
#1893=CARTESIAN_POINT('',(4.76025383965263,-1.69453932519079,11.2978907178489));
#1894=CARTESIAN_POINT('',(4.77240423729835,-1.66051375612399,11.1853900666837));
#1895=CARTESIAN_POINT('',(4.80263114384036,-1.57094939399442,10.9701227041362));
#1896=CARTESIAN_POINT('',(4.82069861192806,-1.51533956993107,10.8671670029101));
#1897=CARTESIAN_POINT('',(4.85912569970671,-1.38718656027162,10.6769848272438));
#1898=CARTESIAN_POINT('',(4.87944631570619,-1.31463192414069,10.5897581899878));
#1899=CARTESIAN_POINT('',(4.91843346674915,-1.16028391504735,10.4354101808944));
#1900=CARTESIAN_POINT('',(4.93850328445877,-1.07307726255925,10.3628606675159));
#1901=CARTESIAN_POINT('',(4.97602505774523,-0.882883982521692,10.2346894004884));
#1902=CARTESIAN_POINT('',(4.9934432161067,-0.779897160964888,10.1790580430963));
#1903=CARTESIAN_POINT('',(5.02234787238534,-0.564567607003624,10.089469461633));
#1904=CARTESIAN_POINT('',(5.03383568323902,-0.452036811520376,10.0554410831851));
#1905=CARTESIAN_POINT('',(5.04907278086607,-0.225173307351864,10.0107000881941));
#1906=CARTESIAN_POINT('',(5.0528125,-0.110837485564261,10.0));
#1907=CARTESIAN_POINT('',(5.0528125,0.110837485564257,10.0));
#1908=CARTESIAN_POINT('',(5.04907278086607,0.225173307351861,10.0107000881941));
#1909=CARTESIAN_POINT('',(5.03383568323902,0.452036811520374,10.0554410831851));
#1910=CARTESIAN_POINT('',(5.02234787238534,0.564567607003622,10.089469461633));
#1911=CARTESIAN_POINT('',(4.9934432161067,0.779897160964886,10.1790580430963));
#1912=CARTESIAN_POINT('',(4.97602505774523,0.882883982521689,10.2346894004884));
#1913=CARTESIAN_POINT('',(4.93850328445878,1.07307726255925,10.3628606675159));
#1914=CARTESIAN_POINT('',(4.91843346674915,1.16028391504735,10.4354101808944));
#1915=CARTESIAN_POINT('',(4.87944631570619,1.31463192414068,10.5897581899878));
#1916=CARTESIAN_POINT('',(4.85912569970671,1.38718656027162,10.6769848272438));
#1917=CARTESIAN_POINT('',(4.82069861192806,1.51533956993107,10.8671670029101));
#1918=CARTESIAN_POINT('',(4.80263114384036,1.57094939399442,10.9701227041362));
#1919=CARTESIAN_POINT('',(4.77240423729835,1.66051375612399,11.1853900666837));
#1920=CARTESIAN_POINT('',(4.76025383965263,1.69453932519079,11.2978907178489));
#1921=CARTESIAN_POINT('',(4.74408618453088,1.73928905510551,11.52474479041));
#1922=CARTESIAN_POINT('',(4.74008588109501,1.75,11.6391020265853));
#1923=CARTESIAN_POINT('',(4.74008588109501,1.75,11.75));
#1924=CARTESIAN_POINT('',(4.74008588109501,1.75,11.8608979734147));
#1925=CARTESIAN_POINT('',(4.74408618453088,1.73928905510551,11.97525520959));
#1926=CARTESIAN_POINT('',(4.75217001209176,1.71691419014815,12.0886822458705));
#1927=CARTESIAN_POINT('',(4.25,7.36121593216773,10.0));
#1928=CARTESIAN_POINT('',(2.52640625,4.37586398555956,10.0));
#1929=CARTESIAN_POINT('',(3.26449548932845,5.65427204859628,10.0));
#1930=VECTOR('',#2797,1.0);
#1931=CARTESIAN_POINT('',(2.64340673328077,8.07851476711195,11.75));
#1932=CARTESIAN_POINT('',(2.67522983198674,8.06803230943259,12.087234410252));
#1933=CARTESIAN_POINT('',(2.65369315297576,8.07517352602977,11.974080294668));
#1934=CARTESIAN_POINT('',(2.64340673328077,8.07851476711195,11.8602101893631));
#1935=CARTESIAN_POINT('',(2.64340673328077,8.07851476711195,11.75));
#1936=CARTESIAN_POINT('',(2.64340673328077,8.07851476711195,11.639789810637));
#1937=CARTESIAN_POINT('',(2.65369315297576,8.07517352602977,11.525919705332));
#1938=CARTESIAN_POINT('',(2.69676651099771,8.06089109283541,11.2996114741641));
#1939=CARTESIAN_POINT('',(2.72954067608879,8.04994909766633,11.1871709680334));
#1940=CARTESIAN_POINT('',(2.81561519200831,8.02024836218179,10.9716868862813));
#1941=CARTESIAN_POINT('',(2.86897552887636,8.0014513689232,10.8684656580088));
#1942=CARTESIAN_POINT('',(2.99128982747754,7.95653377811583,10.6776580624269));
#1943=CARTESIAN_POINT('',(3.06024011629434,7.93038893240592,10.5900750496589));
#1944=CARTESIAN_POINT('',(3.20589586128333,7.87263419326631,10.4350561047215));
#1945=CARTESIAN_POINT('',(3.28763470317863,7.8390485345415,10.3622715232305));
#1946=CARTESIAN_POINT('',(3.46391860536073,7.76276315262968,10.2338832437717));
#1947=CARTESIAN_POINT('',(3.55844993659833,7.72004636505718,10.1782708354424));
#1948=CARTESIAN_POINT('',(3.75359756099158,7.62706937025247,10.0888749715152));
#1949=CARTESIAN_POINT('',(3.85436709937916,7.57671950160132,10.0550204517674));
#1950=CARTESIAN_POINT('',(4.05484935390746,7.47134665638258,10.0105776724157));
#1951=CARTESIAN_POINT('',(4.15456119578431,7.41631755147279,10.0));
#1952=CARTESIAN_POINT('',(4.3454388042157,7.30611431286266,10.0));
#1953=CARTESIAN_POINT('',(4.44295132795351,7.24727587719406,10.0105776724157));
#1954=CARTESIAN_POINT('',(4.63444801604614,7.12633957437395,10.0550204517674));
#1955=CARTESIAN_POINT('',(4.72843705056904,7.06424552852825,10.0888749715152));
#1956=CARTESIAN_POINT('',(4.90653130223408,6.94173122571787,10.1782708354424));
#1957=CARTESIAN_POINT('',(4.99079079105872,6.88122308519879,10.2338832437717));
#1958=CARTESIAN_POINT('',(5.14499782082281,6.76669943858675,10.3622715232305));
#1959=CARTESIAN_POINT('',(5.21495327542898,6.71270435439191,10.4350561047215));
#1960=CARTESIAN_POINT('',(5.33779821920731,6.6154401485941,10.5900750496589));
#1961=CARTESIAN_POINT('',(5.39491546417853,6.56879986973544,10.6776580624269));
#1962=CARTESIAN_POINT('',(5.49497238819509,6.48533137530442,10.8684656580088));
#1963=CARTESIAN_POINT('',(5.53793123030582,6.44851846465149,10.9716868862813));
#1964=CARTESIAN_POINT('',(5.60669007970627,6.38882611498901,11.1871709680334));
#1965=CARTESIAN_POINT('',(5.63255320803633,6.36591385301685,11.2996114741641));
#1966=CARTESIAN_POINT('',(5.66645883702147,6.33575244734072,11.525919705332));
#1967=CARTESIAN_POINT('',(5.6744956465263,6.32851476711195,11.639789810637));
#1968=CARTESIAN_POINT('',(5.6744956465263,6.32851476711195,11.8602101893631));
#1969=CARTESIAN_POINT('',(5.66645883702147,6.33575244734072,11.974080294668));
#1970=CARTESIAN_POINT('',(5.6495060225289,6.35083315017878,12.087234410252));
#1971=CARTESIAN_POINT('',(0.854498483924742,4.98003478914822,11.75));
#1972=CARTESIAN_POINT('',(-1.51554445662277,0.875000000000001,11.75));
#1973=VECTOR('',#2798,1.0);
#1974=CARTESIAN_POINT('',(3.86297631083217,3.25704285849999,12.0886822458705));
#1975=CARTESIAN_POINT('',(3.87831159851105,3.23885462599377,11.97525520959));
#1976=CARTESIAN_POINT('',(3.88558739717028,3.23003478914822,11.8608979734147));
#1977=CARTESIAN_POINT('',(3.88558739717028,3.23003478914822,11.6391020265853));
#1978=CARTESIAN_POINT('',(3.87831159851105,3.23885462599377,11.52474479041));
#1979=CARTESIAN_POINT('',(3.84764102315328,3.2752310910062,11.2978907178489));
#1980=CARTESIAN_POINT('',(3.82424921478607,3.30276642856687,11.1853900666837));
#1981=CARTESIAN_POINT('',(3.76179765517912,3.37372587857485,10.9701227041362));
#1982=CARTESIAN_POINT('',(3.72267186888413,3.41717767695254,10.8671670029101));
#1983=CARTESIAN_POINT('',(3.63090165083694,3.51453301599203,10.6769848272438));
#1984=CARTESIAN_POINT('',(3.57822780078495,3.5684085037336,10.5897581899878));
#1985=CARTESIAN_POINT('',(3.46405207940805,3.67934637150465,10.4354101808944));
#1986=CARTESIAN_POINT('',(3.39856381182916,3.74033066973456,10.3628606675159));
#1987=CARTESIAN_POINT('',(3.25261248633078,3.86792211861445,10.2346894004884));
#1988=CARTESIAN_POINT('',(3.1721323617883,3.93450009702102,10.1790580430963));
#1989=CARTESIAN_POINT('',(3.0001038260116,4.06719704062661,10.089469461633));
#1990=CARTESIAN_POINT('',(2.90839320384188,4.1334111744014,10.0554410831851));
#1991=CARTESIAN_POINT('',(2.71954219485391,4.26003864011062,10.0107000881941));
#1992=CARTESIAN_POINT('',(2.62239432819024,4.32044524277743,10.0));
#1993=CARTESIAN_POINT('',(2.43041817180976,4.43128272834169,10.0));
#1994=CARTESIAN_POINT('',(2.32953058601217,4.48521194746249,10.0107000881941));
#1995=CARTESIAN_POINT('',(2.12544247939715,4.58544798592177,10.0554410831851));
#1996=CARTESIAN_POINT('',(2.02224404637375,4.63176464763024,10.089469461633));
#1997=CARTESIAN_POINT('',(1.8213108543184,4.71439725798591,10.1790580430963));
#1998=CARTESIAN_POINT('',(1.72341257141446,4.75080610113614,10.2346894004884));
#1999=CARTESIAN_POINT('',(1.53993947262962,4.81340793229381,10.3628606675159));
#2000=CARTESIAN_POINT('',(1.45438138734111,4.839630286552,10.4354101808944));
#2001=CARTESIAN_POINT('',(1.30121851492125,4.88304042787429,10.5897581899878));
#2002=CARTESIAN_POINT('',(1.22822404886978,4.90171957626366,10.6769848272438));
#2003=CARTESIAN_POINT('',(1.09802674304394,4.93251724688362,10.8671670029101));
#2004=CARTESIAN_POINT('',(1.04083348866124,4.94467527256928,10.9701227041362));
#2005=CARTESIAN_POINT('',(0.948155022512279,4.96328018469086,11.1853900666837));
#2006=CARTESIAN_POINT('',(0.912612816499356,4.96977041619699,11.2978907178489));
#2007=CARTESIAN_POINT('',(0.865774586019835,4.97814368109929,11.52474479041));
#2008=CARTESIAN_POINT('',(0.854498483924742,4.98003478914822,11.6391020265853));
#2009=CARTESIAN_POINT('',(0.854498483924742,4.98003478914822,11.75));
#2010=CARTESIAN_POINT('',(0.854498483924742,4.98003478914822,11.8608979734147));
#2011=CARTESIAN_POINT('',(0.865774586019835,4.97814368109929,11.97525520959));
#2012=CARTESIAN_POINT('',(0.889193701259596,4.97395704864814,12.0886822458705));
#2013=CARTESIAN_POINT('',(1.65321857766021E-015,6.0,15.0));
#2014=CARTESIAN_POINT('',(1.56622369035313E-015,5.52640625,14.52640625));
#2015=VECTOR('',#2799,1.0);
#2016=CARTESIAN_POINT('',(-1.35401561418948,5.84522383801776,15.0));
#2017=AXIS2_PLACEMENT_3D('',#2800,#2801,#2802);
#2019=CARTESIAN_POINT('',(-1.35401561418948,5.84522383801776,15.0));
#2020=CARTESIAN_POINT('',(-1.08285361071016,5.37555747090941,14.4812562280629));
#2021=CARTESIAN_POINT('',(-0.854498483924732,4.98003478914822,14.0528125));
#2028=CARTESIAN_POINT('',(-4.24999999999999,7.36121593216773,10.0));
#2029=CARTESIAN_POINT('',(-3.26449548932843,5.65427204859629,10.0));
#2030=VECTOR('',#2803,1.0);
#2031=CARTESIAN_POINT('',(-5.67449564652629,6.32851476711196,11.75));
#2032=CARTESIAN_POINT('',(-5.64950602252889,6.35083315017879,12.087234410252));
#2033=CARTESIAN_POINT('',(-5.66645883702146,6.33575244734072,11.974080294668));
#2034=CARTESIAN_POINT('',(-5.67449564652629,6.32851476711196,11.8602101893631));
#2035=CARTESIAN_POINT('',(-5.67449564652629,6.32851476711196,11.75));
#2036=CARTESIAN_POINT('',(-5.67449564652629,6.32851476711196,11.639789810637));
#2037=CARTESIAN_POINT('',(-5.66645883702146,6.33575244734072,11.525919705332));
#2038=CARTESIAN_POINT('',(-5.63255320803632,6.36591385301685,11.2996114741641));
#2039=CARTESIAN_POINT('',(-5.60669007970626,6.38882611498901,11.1871709680334));
#2040=CARTESIAN_POINT('',(-5.53793123030581,6.44851846465149,10.9716868862813));
#2041=CARTESIAN_POINT('',(-5.49497238819507,6.48533137530442,10.8684656580088));
#2042=CARTESIAN_POINT('',(-5.39491546417851,6.56879986973544,10.6776580624269));
#2043=CARTESIAN_POINT('',(-5.3377982192073,6.6154401485941,10.5900750496589));
#2044=CARTESIAN_POINT('',(-5.21495327542897,6.71270435439191,10.4350561047215));
#2045=CARTESIAN_POINT('',(-5.1449978208228,6.76669943858676,10.3622715232305));
#2046=CARTESIAN_POINT('',(-4.99079079105871,6.8812230851988,10.2338832437717));
#2047=CARTESIAN_POINT('',(-4.90653130223407,6.94173122571787,10.1782708354424));
#2048=CARTESIAN_POINT('',(-4.72843705056903,7.06424552852825,10.0888749715152));
#2049=CARTESIAN_POINT('',(-4.63444801604613,7.12633957437395,10.0550204517674));
#2050=CARTESIAN_POINT('',(-4.4429513279535,7.24727587719407,10.0105776724157));
#2051=CARTESIAN_POINT('',(-4.34543880421569,7.30611431286267,10.0));
#2052=CARTESIAN_POINT('',(-4.1545611957843,7.4163175514728,10.0));
#2053=CARTESIAN_POINT('',(-4.05484935390745,7.47134665638258,10.0105776724157));
#2054=CARTESIAN_POINT('',(-3.85436709937915,7.57671950160132,10.0550204517674));
#2055=CARTESIAN_POINT('',(-3.75359756099157,7.62706937025248,10.0888749715152));
#2056=CARTESIAN_POINT('',(-3.55844993659832,7.72004636505719,10.1782708354424));
#2057=CARTESIAN_POINT('',(-3.46391860536072,7.76276315262968,10.2338832437717));
#2058=CARTESIAN_POINT('',(-3.28763470317862,7.83904853454151,10.3622715232305));
#2059=CARTESIAN_POINT('',(-3.20589586128332,7.87263419326631,10.4350561047215));
#2060=CARTESIAN_POINT('',(-3.06024011629433,7.93038893240592,10.5900750496589));
#2061=CARTESIAN_POINT('',(-2.99128982747753,7.95653377811584,10.6776580624269));
#2062=CARTESIAN_POINT('',(-2.86897552887635,8.0014513689232,10.8684656580088));
#2063=CARTESIAN_POINT('',(-2.8156151920083,8.02024836218179,10.9716868862813));
#2064=CARTESIAN_POINT('',(-2.72954067608878,8.04994909766633,11.1871709680334));
#2065=CARTESIAN_POINT('',(-2.6967665109977,8.06089109283541,11.2996114741641));
#2066=CARTESIAN_POINT('',(-2.65369315297575,8.07517352602978,11.525919705332));
#2067=CARTESIAN_POINT('',(-2.64340673328076,8.07851476711196,11.639789810637));
#2068=CARTESIAN_POINT('',(-2.64340673328076,8.07851476711196,11.8602101893631));
#2069=CARTESIAN_POINT('',(-2.65369315297575,8.07517352602978,11.974080294668));
#2070=CARTESIAN_POINT('',(-2.67522983198672,8.0680323094326,12.087234410252));
#2071=CARTESIAN_POINT('',(-1.51554445662277,-0.874999999999999,11.75));
#2072=VECTOR('',#2804,1.0);
#2073=CARTESIAN_POINT('',(1.9593701661158E-015,8.5,15.0));
#2074=CARTESIAN_POINT('',(1.65321857766021E-015,8.5,10.0));
#2075=CARTESIAN_POINT('',(1.80629052804327E-015,8.5,12.4999372231783));
#2076=VECTOR('',#2805,1.0);
#2077=CARTESIAN_POINT('',(2.64340673328077,8.07851476711195,15.0));
#2078=AXIS2_PLACEMENT_3D('',#2806,#2807,#2808);
#2079=CARTESIAN_POINT('',(2.64340673328077,8.07851476711195,13.375));
#2080=VECTOR('',#2809,1.0);
#2081=AXIS2_PLACEMENT_3D('',#2810,#2811,#2812);
#2082=CARTESIAN_POINT('',(-4.28612223837832E-016,-8.5,10.0));
#2083=CARTESIAN_POINT('',(-1.22460635382238E-016,-8.5,15.0));
#2084=CARTESIAN_POINT('',(-2.75540273454773E-016,-8.5,12.4999372231783));
#2085=VECTOR('',#2813,1.0);
#2086=AXIS2_PLACEMENT_3D('',#2814,#2815,#2816);
#2087=CARTESIAN_POINT('',(2.64340673328076,-8.07851476711195,11.75));
#2088=CARTESIAN_POINT('',(5.64950602252889,-6.35083315017878,12.087234410252));
#2089=CARTESIAN_POINT('',(5.66645883702147,-6.33575244734072,11.974080294668));
#2090=CARTESIAN_POINT('',(5.6744956465263,-6.32851476711195,11.8602101893631));
#2091=CARTESIAN_POINT('',(5.6744956465263,-6.32851476711195,11.75));
#2092=CARTESIAN_POINT('',(5.6744956465263,-6.32851476711195,11.639789810637));
#2093=CARTESIAN_POINT('',(5.66645883702147,-6.33575244734072,11.525919705332));
#2094=CARTESIAN_POINT('',(5.63255320803632,-6.36591385301685,11.2996114741641));
#2095=CARTESIAN_POINT('',(5.60669007970627,-6.38882611498901,11.1871709680334));
#2096=CARTESIAN_POINT('',(5.53793123030581,-6.44851846465149,10.9716868862813));
#2097=CARTESIAN_POINT('',(5.49497238819508,-6.48533137530442,10.8684656580088));
#2098=CARTESIAN_POINT('',(5.39491546417852,-6.56879986973544,10.6776580624269));
#2099=CARTESIAN_POINT('',(5.33779821920731,-6.6154401485941,10.5900750496589));
#2100=CARTESIAN_POINT('',(5.21495327542897,-6.71270435439191,10.4350561047215));
#2101=CARTESIAN_POINT('',(5.1449978208228,-6.76669943858676,10.3622715232305));
#2102=CARTESIAN_POINT('',(4.99079079105872,-6.88122308519879,10.2338832437717));
#2103=CARTESIAN_POINT('',(4.90653130223407,-6.94173122571787,10.1782708354424));
#2104=CARTESIAN_POINT('',(4.72843705056903,-7.06424552852825,10.0888749715152));
#2105=CARTESIAN_POINT('',(4.63444801604613,-7.12633957437395,10.0550204517674));
#2106=CARTESIAN_POINT('',(4.44295132795351,-7.24727587719407,10.0105776724157));
#2107=CARTESIAN_POINT('',(4.34543880421569,-7.30611431286266,10.0));
#2108=CARTESIAN_POINT('',(4.1545611957843,-7.4163175514728,10.0));
#2109=CARTESIAN_POINT('',(4.05484935390746,-7.47134665638258,10.0105776724157));
#2110=CARTESIAN_POINT('',(3.85436709937916,-7.57671950160132,10.0550204517674));
#2111=CARTESIAN_POINT('',(3.75359756099157,-7.62706937025247,10.0888749715152));
#2112=CARTESIAN_POINT('',(3.55844993659832,-7.72004636505718,10.1782708354424));
#2113=CARTESIAN_POINT('',(3.46391860536072,-7.76276315262968,10.2338832437717));
#2114=CARTESIAN_POINT('',(3.28763470317862,-7.8390485345415,10.3622715232305));
#2115=CARTESIAN_POINT('',(3.20589586128332,-7.87263419326631,10.4350561047215));
#2116=CARTESIAN_POINT('',(3.06024011629434,-7.93038893240592,10.5900750496589));
#2117=CARTESIAN_POINT('',(2.99128982747754,-7.95653377811583,10.6776580624269));
#2118=CARTESIAN_POINT('',(2.86897552887636,-8.0014513689232,10.8684656580088));
#2119=CARTESIAN_POINT('',(2.81561519200831,-8.02024836218179,10.9716868862813));
#2120=CARTESIAN_POINT('',(2.72954067608879,-8.04994909766633,11.1871709680334));
#2121=CARTESIAN_POINT('',(2.69676651099771,-8.06089109283541,11.2996114741641));
#2122=CARTESIAN_POINT('',(2.65369315297576,-8.07517352602978,11.525919705332));
#2123=CARTESIAN_POINT('',(2.64340673328076,-8.07851476711195,11.639789810637));
#2124=CARTESIAN_POINT('',(2.64340673328076,-8.07851476711195,11.8602101893631));
#2125=CARTESIAN_POINT('',(2.65369315297576,-8.07517352602978,11.974080294668));
#2126=CARTESIAN_POINT('',(2.67522983198673,-8.0680323094326,12.087234410252));
#2127=CARTESIAN_POINT('',(2.64340673328076,-8.07851476711195,15.0));
#2128=CARTESIAN_POINT('',(2.64340673328076,-8.07851476711195,13.375));
#2129=VECTOR('',#2817,1.0);
#2130=AXIS2_PLACEMENT_3D('',#2818,#2819,#2820);
#2131=AXIS2_PLACEMENT_3D('',#2821,#2822,#2823);
#2132=CARTESIAN_POINT('',(-5.6744956465263,-6.32851476711195,11.75));
#2133=CARTESIAN_POINT('',(-2.67522983198673,-8.0680323094326,12.087234410252));
#2134=CARTESIAN_POINT('',(-2.65369315297576,-8.07517352602978,11.974080294668));
#2135=CARTESIAN_POINT('',(-2.64340673328076,-8.07851476711195,11.8602101893631));
#2136=CARTESIAN_POINT('',(-2.64340673328076,-8.07851476711195,11.75));
#2137=CARTESIAN_POINT('',(-2.64340673328076,-8.07851476711195,11.639789810637));
#2138=CARTESIAN_POINT('',(-2.65369315297576,-8.07517352602978,11.525919705332));
#2139=CARTESIAN_POINT('',(-2.69676651099771,-8.06089109283541,11.2996114741641));
#2140=CARTESIAN_POINT('',(-2.72954067608879,-8.04994909766633,11.1871709680334));
#2141=CARTESIAN_POINT('',(-2.81561519200831,-8.02024836218179,10.9716868862813));
#2142=CARTESIAN_POINT('',(-2.86897552887636,-8.0014513689232,10.8684656580088));
#2143=CARTESIAN_POINT('',(-2.99128982747754,-7.95653377811583,10.6776580624269));
#2144=CARTESIAN_POINT('',(-3.06024011629434,-7.93038893240592,10.5900750496589));
#2145=CARTESIAN_POINT('',(-3.20589586128333,-7.87263419326631,10.4350561047215));
#2146=CARTESIAN_POINT('',(-3.28763470317862,-7.8390485345415,10.3622715232305));
#2147=CARTESIAN_POINT('',(-3.46391860536072,-7.76276315262968,10.2338832437717));
#2148=CARTESIAN_POINT('',(-3.55844993659833,-7.72004636505718,10.1782708354424));
#2149=CARTESIAN_POINT('',(-3.75359756099157,-7.62706937025247,10.0888749715152));
#2150=CARTESIAN_POINT('',(-3.85436709937916,-7.57671950160132,10.0550204517674));
#2151=CARTESIAN_POINT('',(-4.05484935390746,-7.47134665638258,10.0105776724157));
#2152=CARTESIAN_POINT('',(-4.1545611957843,-7.41631755147279,10.0));
#2153=CARTESIAN_POINT('',(-4.34543880421569,-7.30611431286266,10.0));
#2154=CARTESIAN_POINT('',(-4.44295132795351,-7.24727587719406,10.0105776724157));
#2155=CARTESIAN_POINT('',(-4.63444801604613,-7.12633957437395,10.0550204517674));
#2156=CARTESIAN_POINT('',(-4.72843705056904,-7.06424552852825,10.0888749715152));
#2157=CARTESIAN_POINT('',(-4.90653130223407,-6.94173122571786,10.1782708354424));
#2158=CARTESIAN_POINT('',(-4.99079079105872,-6.88122308519879,10.2338832437717));
#2159=CARTESIAN_POINT('',(-5.1449978208228,-6.76669943858675,10.3622715232305));
#2160=CARTESIAN_POINT('',(-5.21495327542897,-6.71270435439191,10.4350561047215));
#2161=CARTESIAN_POINT('',(-5.33779821920731,-6.6154401485941,10.5900750496589));
#2162=CARTESIAN_POINT('',(-5.39491546417852,-6.56879986973544,10.6776580624269));
#2163=CARTESIAN_POINT('',(-5.49497238819508,-6.48533137530442,10.8684656580088));
#2164=CARTESIAN_POINT('',(-5.53793123030581,-6.44851846465149,10.9716868862813));
#2165=CARTESIAN_POINT('',(-5.60669007970627,-6.38882611498901,11.1871709680334));
#2166=CARTESIAN_POINT('',(-5.63255320803632,-6.36591385301685,11.2996114741641));
#2167=CARTESIAN_POINT('',(-5.66645883702147,-6.33575244734072,11.525919705332));
#2168=CARTESIAN_POINT('',(-5.6744956465263,-6.32851476711195,11.639789810637));
#2169=CARTESIAN_POINT('',(-5.6744956465263,-6.32851476711195,11.8602101893631));
#2170=CARTESIAN_POINT('',(-5.66645883702147,-6.33575244734072,11.974080294668));
#2171=CARTESIAN_POINT('',(-5.64950602252889,-6.35083315017878,12.087234410252));
#2172=CARTESIAN_POINT('',(-5.6744956465263,-6.32851476711195,15.0));
#2173=CARTESIAN_POINT('',(-5.6744956465263,-6.32851476711195,13.375));
#2174=VECTOR('',#2824,1.0);
#2175=CARTESIAN_POINT('',(-8.31790237980706,-1.75,15.0));
#2176=AXIS2_PLACEMENT_3D('',#2825,#2826,#2827);
#2177=CARTESIAN_POINT('',(-8.31790237980706,-1.75,13.375));
#2178=VECTOR('',#2828,1.0);
#2179=CARTESIAN_POINT('',(-2.64340673328076,-8.07851476711195,15.0));
#2180=AXIS2_PLACEMENT_3D('',#2829,#2830,#2831);
#2181=CARTESIAN_POINT('',(-2.64340673328076,-8.07851476711195,13.375));
#2182=VECTOR('',#2832,1.0);
#2183=AXIS2_PLACEMENT_3D('',#2833,#2834,#2835);
#2184=AXIS2_PLACEMENT_3D('',#2836,#2837,#2838);
#2185=CARTESIAN_POINT('',(8.31790237980706,-1.75,11.75));
#2186=CARTESIAN_POINT('',(8.32473585451563,1.71719915925381,12.087234410252));
#2187=CARTESIAN_POINT('',(8.32015198999722,1.73942107868906,11.974080294668));
#2188=CARTESIAN_POINT('',(8.31790237980706,1.75,11.8602101893631));
#2189=CARTESIAN_POINT('',(8.31790237980706,1.75,11.75));
#2190=CARTESIAN_POINT('',(8.31790237980706,1.75,11.639789810637));
#2191=CARTESIAN_POINT('',(8.32015198999722,1.73942107868906,11.525919705332));
#2192=CARTESIAN_POINT('',(8.32931971903403,1.69497723981857,11.2996114741641));
#2193=CARTESIAN_POINT('',(8.33623075579506,1.66112298267732,11.1871709680334));
#2194=CARTESIAN_POINT('',(8.35354642231412,1.5717298975303,10.9716868862813));
#2195=CARTESIAN_POINT('',(8.36394791707144,1.51611999361878,10.8684656580088));
#2196=CARTESIAN_POINT('',(8.38620529165606,1.3877339083804,10.6776580624269));
#2197=CARTESIAN_POINT('',(8.39803833550165,1.31494878381182,10.5900750496589));
#2198=CARTESIAN_POINT('',(8.4208491367123,1.1599298388744,10.4350561047215));
#2199=CARTESIAN_POINT('',(8.43263252400143,1.07234909595475,10.3622715232305));
#2200=CARTESIAN_POINT('',(8.45470939641945,0.881540067430887,10.2338832437717));
#2201=CARTESIAN_POINT('',(8.4649812388324,0.778315139339315,10.1782708354424));
#2202=CARTESIAN_POINT('',(8.48203461156061,0.562823841724224,10.0888749715152));
#2203=CARTESIAN_POINT('',(8.48881511542529,0.450379927227366,10.0550204517674));
#2204=CARTESIAN_POINT('',(8.49780068186097,0.224070779188511,10.0105776724157));
#2205=CARTESIAN_POINT('',(8.5,0.110203238610133,10.0));
#2206=CARTESIAN_POINT('',(8.5,-0.110203238610137,10.0));
#2207=CARTESIAN_POINT('',(8.49780068186097,-0.224070779188515,10.0105776724157));
#2208=CARTESIAN_POINT('',(8.48881511542529,-0.45037992722737,10.0550204517674));
#2209=CARTESIAN_POINT('',(8.48203461156061,-0.562823841724229,10.0888749715152));
#2210=CARTESIAN_POINT('',(8.4649812388324,-0.778315139339319,10.1782708354424));
#2211=CARTESIAN_POINT('',(8.45470939641944,-0.881540067430891,10.2338832437717));
#2212=CARTESIAN_POINT('',(8.43263252400143,-1.07234909595475,10.3622715232305));
#2213=CARTESIAN_POINT('',(8.4208491367123,-1.1599298388744,10.4350561047215));
#2214=CARTESIAN_POINT('',(8.39803833550165,-1.31494878381182,10.5900750496589));
#2215=CARTESIAN_POINT('',(8.38620529165606,-1.3877339083804,10.6776580624269));
#2216=CARTESIAN_POINT('',(8.36394791707144,-1.51611999361878,10.8684656580088));
#2217=CARTESIAN_POINT('',(8.35354642231412,-1.5717298975303,10.9716868862813));
#2218=CARTESIAN_POINT('',(8.33623075579506,-1.66112298267732,11.1871709680334));
#2219=CARTESIAN_POINT('',(8.32931971903403,-1.69497723981857,11.2996114741641));
#2220=CARTESIAN_POINT('',(8.32015198999722,-1.73942107868906,11.525919705332));
#2221=CARTESIAN_POINT('',(8.31790237980706,-1.75,11.639789810637));
#2222=CARTESIAN_POINT('',(8.31790237980706,-1.75,11.8602101893631));
#2223=CARTESIAN_POINT('',(8.32015198999722,-1.73942107868906,11.974080294668));
#2224=CARTESIAN_POINT('',(8.32473585451562,-1.71719915925381,12.087234410252));
#2225=CARTESIAN_POINT('',(8.31790237980706,-1.75,15.0));
#2226=CARTESIAN_POINT('',(8.31790237980706,-1.75,13.375));
#2227=VECTOR('',#2839,1.0);
#2228=CARTESIAN_POINT('',(5.6744956465263,-6.32851476711195,15.0));
#2229=AXIS2_PLACEMENT_3D('',#2840,#2841,#2842);
#2230=CARTESIAN_POINT('',(5.6744956465263,-6.32851476711195,13.375));
#2231=VECTOR('',#2843,1.0);
#2232=AXIS2_PLACEMENT_3D('',#2844,#2845,#2846);
#2233=CARTESIAN_POINT('',(5.6744956465263,6.32851476711195,11.75));
#2234=CARTESIAN_POINT('',(2.67522983198674,8.06803230943259,12.087234410252));
#2235=CARTESIAN_POINT('',(2.65369315297576,8.07517352602977,11.974080294668));
#2236=CARTESIAN_POINT('',(2.64340673328077,8.07851476711195,11.8602101893631));
#2237=CARTESIAN_POINT('',(2.64340673328077,8.07851476711195,11.75));
#2238=CARTESIAN_POINT('',(2.64340673328077,8.07851476711195,11.639789810637));
#2239=CARTESIAN_POINT('',(2.65369315297576,8.07517352602977,11.525919705332));
#2240=CARTESIAN_POINT('',(2.69676651099771,8.06089109283541,11.2996114741641));
#2241=CARTESIAN_POINT('',(2.72954067608879,8.04994909766633,11.1871709680334));
#2242=CARTESIAN_POINT('',(2.81561519200831,8.02024836218179,10.9716868862813));
#2243=CARTESIAN_POINT('',(2.86897552887636,8.0014513689232,10.8684656580088));
#2244=CARTESIAN_POINT('',(2.99128982747754,7.95653377811583,10.6776580624269));
#2245=CARTESIAN_POINT('',(3.06024011629434,7.93038893240592,10.5900750496589));
#2246=CARTESIAN_POINT('',(3.20589586128333,7.87263419326631,10.4350561047215));
#2247=CARTESIAN_POINT('',(3.28763470317863,7.8390485345415,10.3622715232305));
#2248=CARTESIAN_POINT('',(3.46391860536073,7.76276315262968,10.2338832437717));
#2249=CARTESIAN_POINT('',(3.55844993659833,7.72004636505718,10.1782708354424));
#2250=CARTESIAN_POINT('',(3.75359756099158,7.62706937025247,10.0888749715152));
#2251=CARTESIAN_POINT('',(3.85436709937916,7.57671950160132,10.0550204517674));
#2252=CARTESIAN_POINT('',(4.05484935390746,7.47134665638258,10.0105776724157));
#2253=CARTESIAN_POINT('',(4.15456119578431,7.41631755147279,10.0));
#2254=CARTESIAN_POINT('',(4.3454388042157,7.30611431286266,10.0));
#2255=CARTESIAN_POINT('',(4.44295132795351,7.24727587719406,10.0105776724157));
#2256=CARTESIAN_POINT('',(4.63444801604614,7.12633957437395,10.0550204517674));
#2257=CARTESIAN_POINT('',(4.72843705056904,7.06424552852825,10.0888749715152));
#2258=CARTESIAN_POINT('',(4.90653130223408,6.94173122571787,10.1782708354424));
#2259=CARTESIAN_POINT('',(4.99079079105872,6.88122308519879,10.2338832437717));
#2260=CARTESIAN_POINT('',(5.14499782082281,6.76669943858675,10.3622715232305));
#2261=CARTESIAN_POINT('',(5.21495327542898,6.71270435439191,10.4350561047215));
#2262=CARTESIAN_POINT('',(5.33779821920731,6.6154401485941,10.5900750496589));
#2263=CARTESIAN_POINT('',(5.39491546417853,6.56879986973544,10.6776580624269));
#2264=CARTESIAN_POINT('',(5.49497238819509,6.48533137530442,10.8684656580088));
#2265=CARTESIAN_POINT('',(5.53793123030582,6.44851846465149,10.9716868862813));
#2266=CARTESIAN_POINT('',(5.60669007970627,6.38882611498901,11.1871709680334));
#2267=CARTESIAN_POINT('',(5.63255320803633,6.36591385301685,11.2996114741641));
#2268=CARTESIAN_POINT('',(5.66645883702147,6.33575244734072,11.525919705332));
#2269=CARTESIAN_POINT('',(5.6744956465263,6.32851476711195,11.639789810637));
#2270=CARTESIAN_POINT('',(5.6744956465263,6.32851476711195,11.8602101893631));
#2271=CARTESIAN_POINT('',(5.66645883702147,6.33575244734072,11.974080294668));
#2272=CARTESIAN_POINT('',(5.6495060225289,6.35083315017878,12.087234410252));
#2273=CARTESIAN_POINT('',(5.6744956465263,6.32851476711195,15.0));
#2274=CARTESIAN_POINT('',(5.6744956465263,6.32851476711195,13.375));
#2275=VECTOR('',#2847,1.0);
#2276=CARTESIAN_POINT('',(8.31790237980706,1.75,15.0));
#2277=AXIS2_PLACEMENT_3D('',#2848,#2849,#2850);
#2278=CARTESIAN_POINT('',(8.31790237980706,1.75,13.375));
#2279=VECTOR('',#2851,1.0);
#2280=AXIS2_PLACEMENT_3D('',#2852,#2853,#2854);
#2281=CARTESIAN_POINT('',(-2.64340673328076,8.07851476711196,11.75));
#2282=CARTESIAN_POINT('',(-5.64950602252889,6.35083315017879,12.087234410252));
#2283=CARTESIAN_POINT('',(-5.66645883702146,6.33575244734072,11.974080294668));
#2284=CARTESIAN_POINT('',(-5.67449564652629,6.32851476711196,11.8602101893631));
#2285=CARTESIAN_POINT('',(-5.67449564652629,6.32851476711196,11.75));
#2286=CARTESIAN_POINT('',(-5.67449564652629,6.32851476711196,11.639789810637));
#2287=CARTESIAN_POINT('',(-5.66645883702146,6.33575244734072,11.525919705332));
#2288=CARTESIAN_POINT('',(-5.63255320803632,6.36591385301685,11.2996114741641));
#2289=CARTESIAN_POINT('',(-5.60669007970626,6.38882611498901,11.1871709680334));
#2290=CARTESIAN_POINT('',(-5.53793123030581,6.44851846465149,10.9716868862813));
#2291=CARTESIAN_POINT('',(-5.49497238819507,6.48533137530442,10.8684656580088));
#2292=CARTESIAN_POINT('',(-5.39491546417851,6.56879986973544,10.6776580624269));
#2293=CARTESIAN_POINT('',(-5.3377982192073,6.6154401485941,10.5900750496589));
#2294=CARTESIAN_POINT('',(-5.21495327542897,6.71270435439191,10.4350561047215));
#2295=CARTESIAN_POINT('',(-5.1449978208228,6.76669943858676,10.3622715232305));
#2296=CARTESIAN_POINT('',(-4.99079079105871,6.8812230851988,10.2338832437717));
#2297=CARTESIAN_POINT('',(-4.90653130223407,6.94173122571787,10.1782708354424));
#2298=CARTESIAN_POINT('',(-4.72843705056903,7.06424552852825,10.0888749715152));
#2299=CARTESIAN_POINT('',(-4.63444801604613,7.12633957437395,10.0550204517674));
#2300=CARTESIAN_POINT('',(-4.4429513279535,7.24727587719407,10.0105776724157));
#2301=CARTESIAN_POINT('',(-4.34543880421569,7.30611431286267,10.0));
#2302=CARTESIAN_POINT('',(-4.1545611957843,7.4163175514728,10.0));
#2303=CARTESIAN_POINT('',(-4.05484935390745,7.47134665638258,10.0105776724157));
#2304=CARTESIAN_POINT('',(-3.85436709937915,7.57671950160132,10.0550204517674));
#2305=CARTESIAN_POINT('',(-3.75359756099157,7.62706937025248,10.0888749715152));
#2306=CARTESIAN_POINT('',(-3.55844993659832,7.72004636505719,10.1782708354424));
#2307=CARTESIAN_POINT('',(-3.46391860536072,7.76276315262968,10.2338832437717));
#2308=CARTESIAN_POINT('',(-3.28763470317862,7.83904853454151,10.3622715232305));
#2309=CARTESIAN_POINT('',(-3.20589586128332,7.87263419326631,10.4350561047215));
#2310=CARTESIAN_POINT('',(-3.06024011629433,7.93038893240592,10.5900750496589));
#2311=CARTESIAN_POINT('',(-2.99128982747753,7.95653377811584,10.6776580624269));
#2312=CARTESIAN_POINT('',(-2.86897552887635,8.0014513689232,10.8684656580088));
#2313=CARTESIAN_POINT('',(-2.8156151920083,8.02024836218179,10.9716868862813));
#2314=CARTESIAN_POINT('',(-2.72954067608878,8.04994909766633,11.1871709680334));
#2315=CARTESIAN_POINT('',(-2.6967665109977,8.06089109283541,11.2996114741641));
#2316=CARTESIAN_POINT('',(-2.65369315297575,8.07517352602978,11.525919705332));
#2317=CARTESIAN_POINT('',(-2.64340673328076,8.07851476711196,11.639789810637));
#2318=CARTESIAN_POINT('',(-2.64340673328076,8.07851476711196,11.8602101893631));
#2319=CARTESIAN_POINT('',(-2.65369315297575,8.07517352602978,11.974080294668));
#2320=CARTESIAN_POINT('',(-2.67522983198672,8.0680323094326,12.087234410252));
#2321=CARTESIAN_POINT('',(-2.64340673328076,8.07851476711196,15.0));
#2322=CARTESIAN_POINT('',(-2.64340673328076,8.07851476711196,13.375));
#2323=VECTOR('',#2855,1.0);
#2324=AXIS2_PLACEMENT_3D('',#2856,#2857,#2858);
#2325=AXIS2_PLACEMENT_3D('',#2859,#2860,#2861);
#2326=CARTESIAN_POINT('',(-8.31790237980706,1.75,11.75));
#2327=CARTESIAN_POINT('',(-8.32473585451562,-1.71719915925381,12.087234410252));
#2328=CARTESIAN_POINT('',(-8.32015198999722,-1.73942107868906,11.974080294668));
#2329=CARTESIAN_POINT('',(-8.31790237980706,-1.75,11.8602101893631));
#2330=CARTESIAN_POINT('',(-8.31790237980706,-1.75,11.75));
#2331=CARTESIAN_POINT('',(-8.31790237980706,-1.75,11.639789810637));
#2332=CARTESIAN_POINT('',(-8.32015198999722,-1.73942107868906,11.525919705332));
#2333=CARTESIAN_POINT('',(-8.32931971903403,-1.69497723981857,11.2996114741641));
#2334=CARTESIAN_POINT('',(-8.33623075579506,-1.66112298267732,11.1871709680334));
#2335=CARTESIAN_POINT('',(-8.35354642231412,-1.5717298975303,10.9716868862813));
#2336=CARTESIAN_POINT('',(-8.36394791707144,-1.51611999361878,10.8684656580088));
#2337=CARTESIAN_POINT('',(-8.38620529165606,-1.3877339083804,10.6776580624269));
#2338=CARTESIAN_POINT('',(-8.39803833550165,-1.31494878381182,10.5900750496589));
#2339=CARTESIAN_POINT('',(-8.4208491367123,-1.1599298388744,10.4350561047215));
#2340=CARTESIAN_POINT('',(-8.43263252400143,-1.07234909595475,10.3622715232305));
#2341=CARTESIAN_POINT('',(-8.45470939641945,-0.881540067430888,10.2338832437717));
#2342=CARTESIAN_POINT('',(-8.4649812388324,-0.778315139339316,10.1782708354424));
#2343=CARTESIAN_POINT('',(-8.48203461156061,-0.562823841724225,10.0888749715152));
#2344=CARTESIAN_POINT('',(-8.48881511542529,-0.450379927227367,10.0550204517674));
#2345=CARTESIAN_POINT('',(-8.49780068186097,-0.224070779188512,10.0105776724157));
#2346=CARTESIAN_POINT('',(-8.5,-0.110203238610134,10.0));
#2347=CARTESIAN_POINT('',(-8.5,0.110203238610136,10.0));
#2348=CARTESIAN_POINT('',(-8.49780068186097,0.224070779188513,10.0105776724157));
#2349=CARTESIAN_POINT('',(-8.48881511542529,0.450379927227368,10.0550204517674));
#2350=CARTESIAN_POINT('',(-8.48203461156061,0.562823841724226,10.0888749715152));
#2351=CARTESIAN_POINT('',(-8.4649812388324,0.778315139339317,10.1782708354424));
#2352=CARTESIAN_POINT('',(-8.45470939641944,0.88154006743089,10.2338832437717));
#2353=CARTESIAN_POINT('',(-8.43263252400143,1.07234909595475,10.3622715232305));
#2354=CARTESIAN_POINT('',(-8.4208491367123,1.1599298388744,10.4350561047215));
#2355=CARTESIAN_POINT('',(-8.39803833550165,1.31494878381182,10.5900750496589));
#2356=CARTESIAN_POINT('',(-8.38620529165606,1.3877339083804,10.6776580624269));
#2357=CARTESIAN_POINT('',(-8.36394791707144,1.51611999361878,10.8684656580088));
#2358=CARTESIAN_POINT('',(-8.35354642231412,1.5717298975303,10.9716868862813));
#2359=CARTESIAN_POINT('',(-8.33623075579506,1.66112298267732,11.1871709680334));
#2360=CARTESIAN_POINT('',(-8.32931971903403,1.69497723981857,11.2996114741641));
#2361=CARTESIAN_POINT('',(-8.32015198999722,1.73942107868906,11.525919705332));
#2362=CARTESIAN_POINT('',(-8.31790237980706,1.75,11.639789810637));
#2363=CARTESIAN_POINT('',(-8.31790237980706,1.75,11.8602101893631));
#2364=CARTESIAN_POINT('',(-8.32015198999722,1.73942107868906,11.974080294668));
#2365=CARTESIAN_POINT('',(-8.32473585451562,1.71719915925381,12.087234410252));
#2366=CARTESIAN_POINT('',(-8.31790237980706,1.75,15.0));
#2367=CARTESIAN_POINT('',(-8.31790237980706,1.75,13.375));
#2368=VECTOR('',#2862,1.0);
#2369=CARTESIAN_POINT('',(-5.67449564652629,6.32851476711196,15.0));
#2370=AXIS2_PLACEMENT_3D('',#2863,#2864,#2865);
#2371=CARTESIAN_POINT('',(-5.67449564652629,6.32851476711196,13.375));
#2372=VECTOR('',#2866,1.0);
#2373=CARTESIAN_POINT('',(1.51554445662277,0.874999999999999,11.75));
#2374=VECTOR('',#2867,1.0);
#2375=CARTESIAN_POINT('',(3.08521550098206,-1.84375,15.0));
#2376=VECTOR('',#2868,1.0);
#2377=CARTESIAN_POINT('',(-4.38510452743501,4.09522383801776,15.0));
#2378=CARTESIAN_POINT('',(0.054126587736526,-3.59375,15.0));
#2379=VECTOR('',#2869,1.0);
#2381=CARTESIAN_POINT('',(-3.88558739717027,3.23003478914822,14.0528125));
#2382=CARTESIAN_POINT('',(-4.11394252395486,3.62555747090797,14.4812562280613));
#2383=CARTESIAN_POINT('',(-4.38510452743501,4.09522383801776,15.0));
#2390=CARTESIAN_POINT('',(-5.7391201416245,1.75,15.0));
#2391=CARTESIAN_POINT('',(9.18454765366783E-016,1.75,15.0));
#2392=VECTOR('',#2870,1.0);
#2393=AXIS2_PLACEMENT_3D('',#2871,#2872,#2873);
#2394=CARTESIAN_POINT('',(1.35401561418949,5.84522383801776,15.0));
#2395=AXIS2_PLACEMENT_3D('',#2874,#2875,#2876);
#2396=CARTESIAN_POINT('',(-3.08521550098206,-1.84375,15.0));
#2397=VECTOR('',#2877,1.0);
#2399=CARTESIAN_POINT('',(-5.7391201416245,1.75,15.0));
#2400=CARTESIAN_POINT('',(-5.19679613466535,1.75,14.4812562280624));
#2401=CARTESIAN_POINT('',(-4.74008588109501,1.75,14.0528125));
#2408=CARTESIAN_POINT('',(0.854498483924742,4.98003478914822,14.0528125));
#2409=AXIS2_PLACEMENT_3D('',#2878,#2879,#2880);
#2411=CARTESIAN_POINT('',(0.85449848392474,4.98003478914822,14.0528125));
#2412=CARTESIAN_POINT('',(1.08285361070985,5.37555747090886,14.4812562280623));
#2413=CARTESIAN_POINT('',(1.35401561418949,5.84522383801776,15.0));
#2420=CARTESIAN_POINT('',(3.88558739717028,3.23003478914822,11.75));
#2421=CARTESIAN_POINT('',(1.51554445662277,-0.875000000000001,11.75));
#2422=VECTOR('',#2881,1.0);
#2423=CARTESIAN_POINT('',(3.88558739717028,3.23003478914822,14.0528125));
#2424=CARTESIAN_POINT('',(3.88558739717028,3.23003478914822,12.90140625));
#2425=VECTOR('',#2882,1.0);
#2426=CARTESIAN_POINT('',(4.38510452743502,4.09522383801776,15.0));
#2428=CARTESIAN_POINT('',(4.38510452743502,4.09522383801776,15.0));
#2429=CARTESIAN_POINT('',(4.11394252395496,3.62555747090813,14.4812562280615));
#2430=CARTESIAN_POINT('',(3.88558739717027,3.23003478914822,14.0528125));
#2437=CARTESIAN_POINT('',(-0.0541265877365275,-3.59375,15.0));
#2438=VECTOR('',#2883,1.0);
#2439=CARTESIAN_POINT('',(0.854498483924741,4.98003478914822,12.90140625));
#2440=VECTOR('',#2884,1.0);
#2441=CARTESIAN_POINT('',(3.86297631083217,3.25704285849999,12.0886822458705));
#2442=CARTESIAN_POINT('',(3.87831159851105,3.23885462599377,11.97525520959));
#2443=CARTESIAN_POINT('',(3.88558739717028,3.23003478914822,11.8608979734147));
#2444=CARTESIAN_POINT('',(3.88558739717028,3.23003478914822,11.6391020265853));
#2445=CARTESIAN_POINT('',(3.87831159851105,3.23885462599377,11.52474479041));
#2446=CARTESIAN_POINT('',(3.84764102315328,3.2752310910062,11.2978907178489));
#2447=CARTESIAN_POINT('',(3.82424921478607,3.30276642856687,11.1853900666837));
#2448=CARTESIAN_POINT('',(3.76179765517912,3.37372587857485,10.9701227041362));
#2449=CARTESIAN_POINT('',(3.72267186888413,3.41717767695254,10.8671670029101));
#2450=CARTESIAN_POINT('',(3.63090165083694,3.51453301599203,10.6769848272438));
#2451=CARTESIAN_POINT('',(3.57822780078495,3.5684085037336,10.5897581899878));
#2452=CARTESIAN_POINT('',(3.46405207940805,3.67934637150465,10.4354101808944));
#2453=CARTESIAN_POINT('',(3.39856381182916,3.74033066973456,10.3628606675159));
#2454=CARTESIAN_POINT('',(3.25261248633078,3.86792211861445,10.2346894004884));
#2455=CARTESIAN_POINT('',(3.1721323617883,3.93450009702102,10.1790580430963));
#2456=CARTESIAN_POINT('',(3.0001038260116,4.06719704062661,10.089469461633));
#2457=CARTESIAN_POINT('',(2.90839320384188,4.1334111744014,10.0554410831851));
#2458=CARTESIAN_POINT('',(2.71954219485391,4.26003864011062,10.0107000881941));
#2459=CARTESIAN_POINT('',(2.62239432819024,4.32044524277743,10.0));
#2460=CARTESIAN_POINT('',(2.43041817180976,4.43128272834169,10.0));
#2461=CARTESIAN_POINT('',(2.32953058601217,4.48521194746249,10.0107000881941));
#2462=CARTESIAN_POINT('',(2.12544247939715,4.58544798592177,10.0554410831851));
#2463=CARTESIAN_POINT('',(2.02224404637375,4.63176464763024,10.089469461633));
#2464=CARTESIAN_POINT('',(1.8213108543184,4.71439725798591,10.1790580430963));
#2465=CARTESIAN_POINT('',(1.72341257141446,4.75080610113614,10.2346894004884));
#2466=CARTESIAN_POINT('',(1.53993947262962,4.81340793229381,10.3628606675159));
#2467=CARTESIAN_POINT('',(1.45438138734111,4.839630286552,10.4354101808944));
#2468=CARTESIAN_POINT('',(1.30121851492125,4.88304042787429,10.5897581899878));
#2469=CARTESIAN_POINT('',(1.22822404886978,4.90171957626366,10.6769848272438));
#2470=CARTESIAN_POINT('',(1.09802674304394,4.93251724688362,10.8671670029101));
#2471=CARTESIAN_POINT('',(1.04083348866124,4.94467527256928,10.9701227041362));
#2472=CARTESIAN_POINT('',(0.948155022512279,4.96328018469086,11.1853900666837));
#2473=CARTESIAN_POINT('',(0.912612816499356,4.96977041619699,11.2978907178489));
#2474=CARTESIAN_POINT('',(0.865774586019835,4.97814368109929,11.52474479041));
#2475=CARTESIAN_POINT('',(0.854498483924742,4.98003478914822,11.6391020265853));
#2476=CARTESIAN_POINT('',(0.854498483924742,4.98003478914822,11.75));
#2477=CARTESIAN_POINT('',(0.854498483924742,4.98003478914822,11.8608979734147));
#2478=CARTESIAN_POINT('',(0.865774586019835,4.97814368109929,11.97525520959));
#2479=CARTESIAN_POINT('',(0.889193701259596,4.97395704864814,12.0886822458705));
#2480=CARTESIAN_POINT('',(5.7391201416245,1.75,15.0));
#2481=AXIS2_PLACEMENT_3D('',#2885,#2886,#2887);
#2482=CARTESIAN_POINT('',(1.57668068054631E-015,1.75,15.0));
#2483=VECTOR('',#2888,1.0);
#2484=CARTESIAN_POINT('',(4.74008588109501,1.75,14.0528125));
#2485=AXIS2_PLACEMENT_3D('',#2889,#2890,#2891);
#2487=CARTESIAN_POINT('',(4.74008588109501,1.75,14.0528125));
#2488=CARTESIAN_POINT('',(5.19679613466449,1.75,14.4812562280616));
#2489=CARTESIAN_POINT('',(5.7391201416245,1.75,15.0));
#2496=CARTESIAN_POINT('',(4.74008588109501,-1.75,11.75));
#2497=CARTESIAN_POINT('',(5.05150120951731E-016,-1.75,11.75));
#2498=VECTOR('',#2892,1.0);
#2499=CARTESIAN_POINT('',(4.74008588109501,-1.75,14.0528125));
#2500=CARTESIAN_POINT('',(4.74008588109501,-1.75,12.90140625));
#2501=VECTOR('',#2893,1.0);
#2502=CARTESIAN_POINT('',(5.7391201416245,-1.75,15.0));
#2504=CARTESIAN_POINT('',(5.7391201416245,-1.75,15.0));
#2505=CARTESIAN_POINT('',(5.19679613466474,-1.75,14.4812562280618));
#2506=CARTESIAN_POINT('',(4.74008588109501,-1.75,14.0528125));
#2513=CARTESIAN_POINT('',(1.14806845670848E-015,-1.75,15.0));
#2514=VECTOR('',#2894,1.0);
#2515=CARTESIAN_POINT('',(4.74008588109501,1.75,12.90140625));
#2516=VECTOR('',#2895,1.0);
#2517=CARTESIAN_POINT('',(4.75217001209176,-1.71691419014815,12.0886822458705));
#2518=CARTESIAN_POINT('',(4.74408618453088,-1.73928905510552,11.97525520959));
#2519=CARTESIAN_POINT('',(4.74008588109501,-1.75,11.8608979734147));
#2520=CARTESIAN_POINT('',(4.74008588109501,-1.75,11.6391020265853));
#2521=CARTESIAN_POINT('',(4.74408618453088,-1.73928905510552,11.52474479041));
#2522=CARTESIAN_POINT('',(4.76025383965263,-1.69453932519079,11.2978907178489));
#2523=CARTESIAN_POINT('',(4.77240423729835,-1.66051375612399,11.1853900666837));
#2524=CARTESIAN_POINT('',(4.80263114384036,-1.57094939399442,10.9701227041362));
#2525=CARTESIAN_POINT('',(4.82069861192806,-1.51533956993107,10.8671670029101));
#2526=CARTESIAN_POINT('',(4.85912569970671,-1.38718656027162,10.6769848272438));
#2527=CARTESIAN_POINT('',(4.87944631570619,-1.31463192414069,10.5897581899878));
#2528=CARTESIAN_POINT('',(4.91843346674915,-1.16028391504735,10.4354101808944));
#2529=CARTESIAN_POINT('',(4.93850328445877,-1.07307726255925,10.3628606675159));
#2530=CARTESIAN_POINT('',(4.97602505774523,-0.882883982521692,10.2346894004884));
#2531=CARTESIAN_POINT('',(4.9934432161067,-0.779897160964888,10.1790580430963));
#2532=CARTESIAN_POINT('',(5.02234787238534,-0.564567607003624,10.089469461633));
#2533=CARTESIAN_POINT('',(5.03383568323902,-0.452036811520376,10.0554410831851));
#2534=CARTESIAN_POINT('',(5.04907278086607,-0.225173307351864,10.0107000881941));
#2535=CARTESIAN_POINT('',(5.0528125,-0.110837485564261,10.0));
#2536=CARTESIAN_POINT('',(5.0528125,0.110837485564257,10.0));
#2537=CARTESIAN_POINT('',(5.04907278086607,0.225173307351861,10.0107000881941));
#2538=CARTESIAN_POINT('',(5.03383568323902,0.452036811520374,10.0554410831851));
#2539=CARTESIAN_POINT('',(5.02234787238534,0.564567607003622,10.089469461633));
#2540=CARTESIAN_POINT('',(4.9934432161067,0.779897160964886,10.1790580430963));
#2541=CARTESIAN_POINT('',(4.97602505774523,0.882883982521689,10.2346894004884));
#2542=CARTESIAN_POINT('',(4.93850328445878,1.07307726255925,10.3628606675159));
#2543=CARTESIAN_POINT('',(4.91843346674915,1.16028391504735,10.4354101808944));
#2544=CARTESIAN_POINT('',(4.87944631570619,1.31463192414068,10.5897581899878));
#2545=CARTESIAN_POINT('',(4.85912569970671,1.38718656027162,10.6769848272438));
#2546=CARTESIAN_POINT('',(4.82069861192806,1.51533956993107,10.8671670029101));
#2547=CARTESIAN_POINT('',(4.80263114384036,1.57094939399442,10.9701227041362));
#2548=CARTESIAN_POINT('',(4.77240423729835,1.66051375612399,11.1853900666837));
#2549=CARTESIAN_POINT('',(4.76025383965263,1.69453932519079,11.2978907178489));
#2550=CARTESIAN_POINT('',(4.74408618453088,1.73928905510551,11.52474479041));
#2551=CARTESIAN_POINT('',(4.74008588109501,1.75,11.6391020265853));
#2552=CARTESIAN_POINT('',(4.74008588109501,1.75,11.75));
#2553=CARTESIAN_POINT('',(4.74008588109501,1.75,11.8608979734147));
#2554=CARTESIAN_POINT('',(4.74408618453088,1.73928905510551,11.97525520959));
#2555=CARTESIAN_POINT('',(4.75217001209176,1.71691419014815,12.0886822458705));
#2556=CARTESIAN_POINT('',(4.38510452743502,-4.09522383801776,15.0));
#2557=AXIS2_PLACEMENT_3D('',#2896,#2897,#2898);
#2558=CARTESIAN_POINT('',(3.08521550098206,-1.84375,15.0));
#2559=VECTOR('',#2899,1.0);
#2560=CARTESIAN_POINT('',(3.88558739717027,-3.23003478914822,14.0528125));
#2561=AXIS2_PLACEMENT_3D('',#2900,#2901,#2902);
#2563=CARTESIAN_POINT('',(3.88558739717027,-3.23003478914822,14.0528125));
#2564=CARTESIAN_POINT('',(4.11394252395488,-3.625557470908,14.4812562280613));
#2565=CARTESIAN_POINT('',(4.38510452743502,-4.09522383801776,15.0));
#2572=CARTESIAN_POINT('',(0.854498483924736,-4.98003478914822,11.75));
#2573=CARTESIAN_POINT('',(-1.51554445662277,-0.875,11.75));
#2574=VECTOR('',#2903,0.999999999999999);
#2575=CARTESIAN_POINT('',(0.854498483924736,-4.98003478914822,14.0528125));
#2576=CARTESIAN_POINT('',(0.854498483924736,-4.98003478914822,12.90140625));
#2577=VECTOR('',#2904,1.0);
#2578=CARTESIAN_POINT('',(1.35401561418948,-5.84522383801776,15.0));
#2580=CARTESIAN_POINT('',(1.35401561418948,-5.84522383801776,15.0));
#2581=CARTESIAN_POINT('',(1.08285361070892,-5.37555747090726,14.4812562280605));
#2582=CARTESIAN_POINT('',(0.854498483924736,-4.98003478914822,14.0528125));
#2589=CARTESIAN_POINT('',(0.0541265877365274,-3.59375,15.0));
#2590=VECTOR('',#2905,1.0);
#2591=CARTESIAN_POINT('',(3.88558739717027,-3.23003478914822,12.90140625));
#2592=VECTOR('',#2906,1.0);
#2593=CARTESIAN_POINT('',(0.889193701259592,-4.97395704864814,12.0886822458705));
#2594=CARTESIAN_POINT('',(0.86577458601983,-4.97814368109929,11.97525520959));
#2595=CARTESIAN_POINT('',(0.854498483924736,-4.98003478914822,11.8608979734147));
#2596=CARTESIAN_POINT('',(0.854498483924736,-4.98003478914822,11.6391020265853));
#2597=CARTESIAN_POINT('',(0.86577458601983,-4.97814368109929,11.52474479041));
#2598=CARTESIAN_POINT('',(0.912612816499352,-4.96977041619699,11.2978907178489));
#2599=CARTESIAN_POINT('',(0.948155022512274,-4.96328018469086,11.1853900666837));
#2600=CARTESIAN_POINT('',(1.04083348866124,-4.94467527256928,10.9701227041362));
#2601=CARTESIAN_POINT('',(1.09802674304393,-4.93251724688362,10.8671670029101));
#2602=CARTESIAN_POINT('',(1.22822404886978,-4.90171957626366,10.6769848272438));
#2603=CARTESIAN_POINT('',(1.30121851492125,-4.88304042787429,10.5897581899878));
#2604=CARTESIAN_POINT('',(1.45438138734111,-4.839630286552,10.4354101808944));
#2605=CARTESIAN_POINT('',(1.53993947262961,-4.81340793229381,10.3628606675159));
#2606=CARTESIAN_POINT('',(1.72341257141445,-4.75080610113614,10.2346894004884));
#2607=CARTESIAN_POINT('',(1.82131085431839,-4.71439725798591,10.1790580430963));
#2608=CARTESIAN_POINT('',(2.02224404637374,-4.63176464763024,10.089469461633));
#2609=CARTESIAN_POINT('',(2.12544247939714,-4.58544798592177,10.0554410831851));
#2610=CARTESIAN_POINT('',(2.32953058601216,-4.48521194746249,10.0107000881941));
#2611=CARTESIAN_POINT('',(2.43041817180976,-4.43128272834169,10.0));
#2612=CARTESIAN_POINT('',(2.62239432819024,-4.32044524277743,10.0));
#2613=CARTESIAN_POINT('',(2.71954219485391,-4.26003864011063,10.0107000881941));
#2614=CARTESIAN_POINT('',(2.90839320384187,-4.1334111744014,10.0554410831851));
#2615=CARTESIAN_POINT('',(3.00010382601159,-4.06719704062662,10.089469461633));
#2616=CARTESIAN_POINT('',(3.1721323617883,-3.93450009702102,10.1790580430963));
#2617=CARTESIAN_POINT('',(3.25261248633077,-3.86792211861445,10.2346894004884));
#2618=CARTESIAN_POINT('',(3.39856381182916,-3.74033066973456,10.3628606675159));
#2619=CARTESIAN_POINT('',(3.46405207940804,-3.67934637150466,10.4354101808944));
#2620=CARTESIAN_POINT('',(3.57822780078494,-3.56840850373361,10.5897581899878));
#2621=CARTESIAN_POINT('',(3.63090165083693,-3.51453301599204,10.6769848272438));
#2622=CARTESIAN_POINT('',(3.72267186888413,-3.41717767695254,10.8671670029101));
#2623=CARTESIAN_POINT('',(3.76179765517912,-3.37372587857485,10.9701227041362));
#2624=CARTESIAN_POINT('',(3.82424921478607,-3.30276642856687,11.1853900666837));
#2625=CARTESIAN_POINT('',(3.84764102315328,-3.2752310910062,11.2978907178489));
#2626=CARTESIAN_POINT('',(3.87831159851105,-3.23885462599377,11.52474479041));
#2627=CARTESIAN_POINT('',(3.88558739717027,-3.23003478914822,11.6391020265853));
#2628=CARTESIAN_POINT('',(3.88558739717027,-3.23003478914822,11.75));
#2629=CARTESIAN_POINT('',(3.88558739717027,-3.23003478914822,11.8608979734147));
#2630=CARTESIAN_POINT('',(3.87831159851105,-3.23885462599377,11.97525520959));
#2631=CARTESIAN_POINT('',(3.86297631083216,-3.25704285849999,12.0886822458705));
#2632=AXIS2_PLACEMENT_3D('',#2907,#2908,#2909);
#2633=CARTESIAN_POINT('',(-0.0541265877365264,-3.59375,15.0));
#2634=VECTOR('',#2910,1.0);
#2635=AXIS2_PLACEMENT_3D('',#2911,#2912,#2913);
#2636=CARTESIAN_POINT('',(-1.51554445662277,0.875,11.75));
#2637=VECTOR('',#2914,1.0);
#2638=CARTESIAN_POINT('',(-4.38510452743501,-4.09522383801776,15.0));
#2640=CARTESIAN_POINT('',(-4.38510452743502,-4.09522383801776,15.0));
#2641=CARTESIAN_POINT('',(-4.11394252395514,-3.62555747090845,14.4812562280618));
#2642=CARTESIAN_POINT('',(-3.88558739717027,-3.23003478914822,14.0528125));
#2649=CARTESIAN_POINT('',(-3.08521550098206,-1.84375,15.0));
#2650=VECTOR('',#2915,1.0);
#2651=CARTESIAN_POINT('',(-5.7391201416245,-1.75,15.0));
#2652=AXIS2_PLACEMENT_3D('',#2916,#2917,#2918);
#2653=CARTESIAN_POINT('',(9.18454765366783E-016,-1.75,15.0));
#2654=VECTOR('',#2919,1.0);
#2656=CARTESIAN_POINT('',(-4.74008588109501,-1.75,14.0528125));
#2657=CARTESIAN_POINT('',(-5.19679613466544,-1.75,14.4812562280625));
#2658=CARTESIAN_POINT('',(-5.7391201416245,-1.75,15.0));
#2665=CARTESIAN_POINT('',(7.19456232870647E-016,1.75,11.75));
#2666=VECTOR('',#2920,1.0);
#2667=CARTESIAN_POINT('',(-9.5,-5.48625,0.908228880802507));
#2669=CARTESIAN_POINT('',(3.02461343937724E-015,-10.9725,0.909090909090909));
#2670=CARTESIAN_POINT('',(-4.7518478072375,-8.22830789132034,-0.199634671545553));
#2671=CARTESIAN_POINT('',(-9.503695614475,-5.48411578264069,0.90909090909091));
#2678=CARTESIAN_POINT('',(-9.5,5.48625,0.908228880802507));
#2680=CARTESIAN_POINT('',(-9.5,-5.4905151169995,0.909090909090911));
#2681=CARTESIAN_POINT('',(-9.5,1.58012209102755E-015,-0.200927420609167));
#2682=CARTESIAN_POINT('',(-9.5,5.4905151169995,0.90909090909091));
#2690=CARTESIAN_POINT('',(-9.503695614475,5.48411578264069,0.90909090909091));
#2691=CARTESIAN_POINT('',(-4.7518478072375,8.22830789132035,-0.199634671545553));
#2692=CARTESIAN_POINT('',(3.02461343937724E-015,10.9725,0.909090909090909));
#2699=AXIS2_PLACEMENT_3D('',#2921,#2922,#2923);
#2700=AXIS2_PLACEMENT_3D('',#2924,#2925,#2926);
#2701=CARTESIAN_POINT('',(-9.5,5.48625,9.0917711191975));
#2703=CARTESIAN_POINT('',(9.46348779434794E-015,10.9725,9.09090909090909));
#2704=CARTESIAN_POINT('',(-4.7518478072375,8.22830789132034,10.1996346715456));
#2705=CARTESIAN_POINT('',(-9.50369561447501,5.48411578264068,9.09090909090909));
#2712=CARTESIAN_POINT('',(-9.5,-5.48625,9.0917711191975));
#2714=CARTESIAN_POINT('',(-9.5,5.4905151169995,9.09090909090909));
#2715=CARTESIAN_POINT('',(-9.5,8.88178419700125E-016,10.2009274206092));
#2716=CARTESIAN_POINT('',(-9.5,-5.4905151169995,9.09090909090909));
#2724=CARTESIAN_POINT('',(-9.503695614475,-5.48411578264069,9.09090909090909));
#2725=CARTESIAN_POINT('',(-4.7518478072375,-8.22830789132034,10.1996346715456));
#2726=CARTESIAN_POINT('',(2.53593892787311E-015,-10.9725,9.09090909090909));
#2733=AXIS2_PLACEMENT_3D('',#2927,#2928,#2929);
#2734=AXIS2_PLACEMENT_3D('',#2930,#2931,#2932);
#2735=CARTESIAN_POINT('',(-9.5,-5.48625,0.0));
#2736=VECTOR('',#2933,1.0);
#2737=CARTESIAN_POINT('',(-9.5,5.48625,0.0));
#2738=VECTOR('',#2934,1.0);
#2739=CARTESIAN_POINT('',(0.0,-10.9725,0.0));
#2740=VECTOR('',#2935,1.0);
#2741=CARTESIAN_POINT('',(0.0,10.9725,0.0));
#2742=VECTOR('',#2936,1.0);
#2743=CARTESIAN_POINT('',(9.5,5.48625,0.0));
#2744=VECTOR('',#2937,1.0);
#2745=CARTESIAN_POINT('',(9.5,-5.48625,0.0));
#2746=VECTOR('',#2938,1.0);
#2747=DIRECTION('',(1.2988911856079E-016,0.707106781186548,0.707106781186548));
#2748=CARTESIAN_POINT('',(0.0,0.0,0.0));
#2749=DIRECTION('',(0.0,-0.0,-1.0));
#2750=DIRECTION('',(3.74915180455534E-033,-1.0,0.0));
#2751=DIRECTION('',(4.32963728535968E-017,0.707106781186547,-0.707106781186548));
#2752=CARTESIAN_POINT('',(5.79965915380567E-017,5.79965915380567E-017,0.9471875));
#2753=DIRECTION('',(6.12303176911189E-017,6.12303176911189E-017,1.0));
#2754=DIRECTION('',(3.74915180455534E-033,-1.0,6.12303176911189E-017));
#2755=DIRECTION('',(6.12303176911189E-017,6.12303176911189E-017,1.0));
#2756=DIRECTION('',(-6.12303176911189E-017,-6.12303176911189E-017,-1.0));
#2757=CARTESIAN_POINT('',(8.60458173828726E-016,8.60458173828726E-016,14.0528125));
#2758=DIRECTION('',(6.12303176911189E-017,6.12303176911189E-017,1.0));
#2759=DIRECTION('',(3.74915180455534E-033,-1.0,6.12303176911189E-017));
#2760=DIRECTION('',(-6.12303176911189E-017,-6.12303176911189E-017,-1.0));
#2761=DIRECTION('',(6.12303176911189E-017,6.12303176911189E-017,1.0));
#2762=CARTESIAN_POINT('',(8.60458173828726E-016,8.60458173828726E-016,14.0528125));
#2763=DIRECTION('',(6.12303176911189E-017,6.12303176911189E-017,1.0));
#2764=DIRECTION('',(3.74915180455534E-033,-1.0,6.12303176911189E-017));
#2765=DIRECTION('',(-6.12303176911189E-017,-6.12303176911189E-017,-1.0));
#2766=DIRECTION('',(6.12303176911189E-017,6.12303176911189E-017,1.0));
#2767=CARTESIAN_POINT('',(8.60458173828726E-016,8.60458173828726E-016,14.0528125));
#2768=DIRECTION('',(6.12303176911189E-017,6.12303176911189E-017,1.0));
#2769=DIRECTION('',(3.74915180455534E-033,-1.0,6.12303176911189E-017));
#2770=DIRECTION('',(-6.12303176911189E-017,-6.12303176911189E-017,-1.0));
#2771=DIRECTION('',(6.12303176911189E-017,6.12303176911189E-017,1.0));
#2772=CARTESIAN_POINT('',(8.60458173828726E-016,8.60458173828726E-016,14.0528125));
#2773=DIRECTION('',(6.12303176911189E-017,6.12303176911189E-017,1.0));
#2774=DIRECTION('',(3.74915180455534E-033,-1.0,6.12303176911189E-017));
#2775=DIRECTION('',(1.36480804670445E-016,0.927183854566788,0.374606593415912));
#2776=DIRECTION('',(9.0606243222357E-017,0.927183854566788,-0.374606593415912));
#2777=CARTESIAN_POINT('',(6.12303176911189E-016,6.12303176911189E-016,10.0));
#2778=DIRECTION('',(0.0,-0.0,-1.0));
#2779=DIRECTION('',(3.74915180455534E-033,-1.0,0.0));
#2780=DIRECTION('',(-9.0606243222357E-017,-0.927183854566787,0.374606593415912));
#2781=CARTESIAN_POINT('',(0.0,0.0,0.0));
#2782=DIRECTION('',(0.0,0.0,1.0));
#2783=DIRECTION('',(3.74915180455534E-033,-1.0,0.0));
#2784=DIRECTION('',(-1.36480804670445E-016,-0.927183854566787,-0.374606593415912));
#2785=DIRECTION('',(1.0,-0.0,-6.12303176911189E-017));
#2786=DIRECTION('',(-1.0,0.0,6.12303176911189E-017));
#2787=DIRECTION('',(0.5,0.866025403784439,-3.06151588455594E-017));
#2788=DIRECTION('',(-0.5,-0.866025403784439,3.06151588455594E-017));
#2789=DIRECTION('',(-4.32963728535968E-017,-0.707106781186547,0.707106781186548));
#2790=CARTESIAN_POINT('',(9.18454765366783E-016,9.18454765366783E-016,15.0));
#2791=DIRECTION('',(6.12303176911189E-017,6.12303176911189E-017,1.0));
#2792=DIRECTION('',(3.74915180455534E-033,-1.0,6.12303176911189E-017));
#2793=DIRECTION('',(-0.5,0.866025403784439,3.06151588455594E-017));
#2794=DIRECTION('',(0.5,-0.866025403784439,-3.06151588455594E-017));
#2795=DIRECTION('',(-1.0,1.22460635382238E-016,6.12303176911189E-017));
#2796=DIRECTION('',(1.0,-1.22460635382238E-016,-6.12303176911189E-017));
#2797=DIRECTION('',(-0.5,-0.866025403784438,3.06151588455595E-017));
#2798=DIRECTION('',(0.5,0.866025403784438,-3.06151588455595E-017));
#2799=DIRECTION('',(-1.2988911856079E-016,-0.707106781186548,-0.707106781186547));
#2800=CARTESIAN_POINT('',(9.18454765366783E-016,9.18454765366783E-016,15.0));
#2801=DIRECTION('',(6.12303176911189E-017,6.12303176911189E-017,1.0));
#2802=DIRECTION('',(3.74915180455534E-033,-1.0,6.12303176911189E-017));
#2803=DIRECTION('',(0.499999999999999,-0.866025403784439,-3.06151588455594E-017));
#2804=DIRECTION('',(-0.499999999999999,0.866025403784439,3.06151588455594E-017));
#2805=DIRECTION('',(-6.12303176911189E-017,-6.12303176911189E-017,-1.0));
#2806=CARTESIAN_POINT('',(9.18454765366783E-016,9.18454765366783E-016,15.0));
#2807=DIRECTION('',(6.12303176911189E-017,6.12303176911189E-017,1.0));
#2808=DIRECTION('',(3.74915180455534E-033,-1.0,6.12303176911189E-017));
#2809=DIRECTION('',(-6.12303176911189E-017,-6.12303176911189E-017,-1.0));
#2810=CARTESIAN_POINT('',(6.12303176911189E-016,6.12303176911189E-016,10.0));
#2811=DIRECTION('',(0.0,-0.0,-1.0));
#2812=DIRECTION('',(3.74915180455534E-033,-1.0,0.0));
#2813=DIRECTION('',(6.12303176911189E-017,6.12303176911189E-017,1.0));
#2814=CARTESIAN_POINT('',(6.12303176911189E-016,6.12303176911189E-016,10.0));
#2815=DIRECTION('',(0.0,-0.0,-1.0));
#2816=DIRECTION('',(3.74915180455534E-033,-1.0,0.0));
#2817=DIRECTION('',(6.12303176911189E-017,6.12303176911189E-017,1.0));
#2818=CARTESIAN_POINT('',(9.18454765366783E-016,9.18454765366783E-016,15.0));
#2819=DIRECTION('',(6.12303176911189E-017,6.12303176911189E-017,1.0));
#2820=DIRECTION('',(3.74915180455534E-033,-1.0,6.12303176911189E-017));
#2821=CARTESIAN_POINT('',(6.12303176911189E-016,6.12303176911189E-016,10.0));
#2822=DIRECTION('',(0.0,-0.0,-1.0));
#2823=DIRECTION('',(3.74915180455534E-033,-1.0,0.0));
#2824=DIRECTION('',(6.12303176911189E-017,6.12303176911189E-017,1.0));
#2825=CARTESIAN_POINT('',(9.18454765366783E-016,9.18454765366783E-016,15.0));
#2826=DIRECTION('',(6.12303176911189E-017,6.12303176911189E-017,1.0));
#2827=DIRECTION('',(3.74915180455534E-033,-1.0,6.12303176911189E-017));
#2828=DIRECTION('',(-6.12303176911189E-017,-6.12303176911189E-017,-1.0));
#2829=CARTESIAN_POINT('',(9.18454765366783E-016,9.18454765366783E-016,15.0));
#2830=DIRECTION('',(6.12303176911189E-017,6.12303176911189E-017,1.0));
#2831=DIRECTION('',(3.74915180455534E-033,-1.0,6.12303176911189E-017));
#2832=DIRECTION('',(-6.12303176911189E-017,-6.12303176911189E-017,-1.0));
#2833=CARTESIAN_POINT('',(6.12303176911189E-016,6.12303176911189E-016,10.0));
#2834=DIRECTION('',(0.0,-0.0,-1.0));
#2835=DIRECTION('',(3.74915180455534E-033,-1.0,0.0));
#2836=CARTESIAN_POINT('',(6.12303176911189E-016,6.12303176911189E-016,10.0));
#2837=DIRECTION('',(0.0,-0.0,-1.0));
#2838=DIRECTION('',(3.74915180455534E-033,-1.0,0.0));
#2839=DIRECTION('',(6.12303176911189E-017,6.12303176911189E-017,1.0));
#2840=CARTESIAN_POINT('',(9.18454765366783E-016,9.18454765366783E-016,15.0));
#2841=DIRECTION('',(6.12303176911189E-017,6.12303176911189E-017,1.0));
#2842=DIRECTION('',(3.74915180455534E-033,-1.0,6.12303176911189E-017));
#2843=DIRECTION('',(-6.12303176911189E-017,-6.12303176911189E-017,-1.0));
#2844=CARTESIAN_POINT('',(6.12303176911189E-016,6.12303176911189E-016,10.0));
#2845=DIRECTION('',(0.0,-0.0,-1.0));
#2846=DIRECTION('',(3.74915180455534E-033,-1.0,0.0));
#2847=DIRECTION('',(6.12303176911189E-017,6.12303176911189E-017,1.0));
#2848=CARTESIAN_POINT('',(9.18454765366783E-016,9.18454765366783E-016,15.0));
#2849=DIRECTION('',(6.12303176911189E-017,6.12303176911189E-017,1.0));
#2850=DIRECTION('',(3.74915180455534E-033,-1.0,6.12303176911189E-017));
#2851=DIRECTION('',(-6.12303176911189E-017,-6.12303176911189E-017,-1.0));
#2852=CARTESIAN_POINT('',(6.12303176911189E-016,6.12303176911189E-016,10.0));
#2853=DIRECTION('',(0.0,-0.0,-1.0));
#2854=DIRECTION('',(3.74915180455534E-033,-1.0,0.0));
#2855=DIRECTION('',(6.12303176911189E-017,6.12303176911189E-017,1.0));
#2856=CARTESIAN_POINT('',(9.18454765366783E-016,9.18454765366783E-016,15.0));
#2857=DIRECTION('',(6.12303176911189E-017,6.12303176911189E-017,1.0));
#2858=DIRECTION('',(3.74915180455534E-033,-1.0,6.12303176911189E-017));
#2859=CARTESIAN_POINT('',(6.12303176911189E-016,6.12303176911189E-016,10.0));
#2860=DIRECTION('',(0.0,-0.0,-1.0));
#2861=DIRECTION('',(3.74915180455534E-033,-1.0,0.0));
#2862=DIRECTION('',(6.12303176911189E-017,6.12303176911189E-017,1.0));
#2863=CARTESIAN_POINT('',(9.18454765366783E-016,9.18454765366783E-016,15.0));
#2864=DIRECTION('',(6.12303176911189E-017,6.12303176911189E-017,1.0));
#2865=DIRECTION('',(3.74915180455534E-033,-1.0,6.12303176911189E-017));
#2866=DIRECTION('',(-6.12303176911189E-017,-6.12303176911189E-017,-1.0));
#2867=DIRECTION('',(-0.499999999999999,0.866025403784439,3.06151588455594E-017));
#2868=DIRECTION('',(0.499999999999999,-0.866025403784439,2.24118517567413E-017));
#2869=DIRECTION('',(-0.499999999999999,0.866025403784439,-2.24118517567413E-017));
#2870=DIRECTION('',(1.0,0.0,-6.12303176911189E-017));
#2871=CARTESIAN_POINT('',(9.18454765366783E-016,9.18454765366783E-016,15.0));
#2872=DIRECTION('',(6.12303176911189E-017,6.12303176911189E-017,1.0));
#2873=DIRECTION('',(3.74915180455534E-033,-1.0,6.12303176911189E-017));
#2874=CARTESIAN_POINT('',(9.18454765366783E-016,9.18454765366783E-016,15.0));
#2875=DIRECTION('',(6.12303176911189E-017,6.12303176911189E-017,1.0));
#2876=DIRECTION('',(3.74915180455534E-033,-1.0,6.12303176911189E-017));
#2877=DIRECTION('',(0.5,0.866025403784438,-8.36421694478601E-017));
#2878=CARTESIAN_POINT('',(8.60458173828726E-016,8.60458173828726E-016,14.0528125));
#2879=DIRECTION('',(6.12303176911189E-017,6.12303176911189E-017,1.0));
#2880=DIRECTION('',(3.74915180455534E-033,-1.0,6.12303176911189E-017));
#2881=DIRECTION('',(0.5,0.866025403784438,-3.06151588455595E-017));
#2882=DIRECTION('',(-6.12303176911189E-017,-6.12303176911189E-017,-1.0));
#2883=DIRECTION('',(-0.5,-0.866025403784438,8.36421694478601E-017));
#2884=DIRECTION('',(6.12303176911189E-017,6.12303176911189E-017,1.0));
#2885=CARTESIAN_POINT('',(9.18454765366783E-016,9.18454765366783E-016,15.0));
#2886=DIRECTION('',(6.12303176911189E-017,6.12303176911189E-017,1.0));
#2887=DIRECTION('',(3.74915180455534E-033,-1.0,6.12303176911189E-017));
#2888=DIRECTION('',(1.0,-1.22460635382238E-016,-6.12303176911189E-017));
#2889=CARTESIAN_POINT('',(8.60458173828726E-016,8.60458173828726E-016,14.0528125));
#2890=DIRECTION('',(6.12303176911189E-017,6.12303176911189E-017,1.0));
#2891=DIRECTION('',(3.74915180455534E-033,-1.0,6.12303176911189E-017));
#2892=DIRECTION('',(1.0,-1.22460635382238E-016,-6.12303176911189E-017));
#2893=DIRECTION('',(-6.12303176911189E-017,-6.12303176911189E-017,-1.0));
#2894=DIRECTION('',(-1.0,1.22460635382238E-016,6.12303176911189E-017));
#2895=DIRECTION('',(6.12303176911189E-017,6.12303176911189E-017,1.0));
#2896=CARTESIAN_POINT('',(9.18454765366783E-016,9.18454765366783E-016,15.0));
#2897=DIRECTION('',(6.12303176911189E-017,6.12303176911189E-017,1.0));
#2898=DIRECTION('',(3.74915180455534E-033,-1.0,6.12303176911189E-017));
#2899=DIRECTION('',(0.5,-0.866025403784439,2.24118517567413E-017));
#2900=CARTESIAN_POINT('',(8.60458173828726E-016,8.60458173828726E-016,14.0528125));
#2901=DIRECTION('',(6.12303176911189E-017,6.12303176911189E-017,1.0));
#2902=DIRECTION('',(3.74915180455534E-033,-1.0,6.12303176911189E-017));
#2903=DIRECTION('',(0.5,-0.866025403784439,-3.06151588455594E-017));
#2904=DIRECTION('',(-6.12303176911189E-017,-6.12303176911189E-017,-1.0));
#2905=DIRECTION('',(-0.5,0.866025403784439,-2.24118517567413E-017));
#2906=DIRECTION('',(6.12303176911189E-017,6.12303176911189E-017,1.0));
#2907=CARTESIAN_POINT('',(9.18454765366783E-016,9.18454765366783E-016,15.0));
#2908=DIRECTION('',(6.12303176911189E-017,6.12303176911189E-017,1.0));
#2909=DIRECTION('',(3.74915180455534E-033,-1.0,6.12303176911189E-017));
#2910=DIRECTION('',(-0.5,-0.866025403784439,8.36421694478601E-017));
#2911=CARTESIAN_POINT('',(8.60458173828726E-016,8.60458173828726E-016,14.0528125));
#2912=DIRECTION('',(6.12303176911189E-017,6.12303176911189E-017,1.0));
#2913=DIRECTION('',(3.74915180455534E-033,-1.0,6.12303176911189E-017));
#2914=DIRECTION('',(-0.5,-0.866025403784439,3.06151588455594E-017));
#2915=DIRECTION('',(0.5,0.866025403784439,-8.36421694478601E-017));
#2916=CARTESIAN_POINT('',(9.18454765366783E-016,9.18454765366783E-016,15.0));
#2917=DIRECTION('',(6.12303176911189E-017,6.12303176911189E-017,1.0));
#2918=DIRECTION('',(3.74915180455534E-033,-1.0,6.12303176911189E-017));
#2919=DIRECTION('',(-1.0,0.0,6.12303176911189E-017));
#2920=DIRECTION('',(-1.0,0.0,6.12303176911189E-017));
#2921=CARTESIAN_POINT('',(0.0,0.0,0.0));
#2922=DIRECTION('',(0.0,0.0,1.0));
#2923=DIRECTION('',(3.74915180455534E-033,-1.0,0.0));
#2924=CARTESIAN_POINT('',(6.12303176911189E-016,6.12303176911189E-016,10.0));
#2925=DIRECTION('',(0.0,-0.0,-1.0));
#2926=DIRECTION('',(3.74915180455534E-033,-1.0,0.0));
#2927=CARTESIAN_POINT('',(5.79965915380567E-017,5.79965915380567E-017,0.9471875));
#2928=DIRECTION('',(6.12303176911189E-017,6.12303176911189E-017,1.0));
#2929=DIRECTION('',(3.74915180455534E-033,-1.0,6.12303176911189E-017));
#2930=CARTESIAN_POINT('',(0.0,0.0,0.0));
#2931=DIRECTION('',(0.0,-0.0,-1.0));
#2932=DIRECTION('',(3.74915180455534E-033,-1.0,0.0));
#2933=DIRECTION('',(0.0,0.0,1.0));
#2934=DIRECTION('',(0.0,0.0,1.0));
#2935=DIRECTION('',(0.0,0.0,1.0));
#2936=DIRECTION('',(0.0,0.0,1.0));
#2937=DIRECTION('',(0.0,0.0,1.0));
#2938=DIRECTION('',(0.0,0.0,1.0));
ENDSEC;
END-ISO-10303-21;
