solid NUT-M05-ISO_4034
  facet normal 0.000000e+00 -1.000000e+00 0.000000e+00
    outer loop
      vertex 3.863647e+00 -2.500000e+00 1.035485e+00
      vertex 3.863647e+00 -2.500000e+00 -1.035485e+00
      vertex 4.000000e+00 -2.500000e+00 4.947186e-22
    endloop
  endfacet
  facet normal 5.216365e-01 -8.503982e-01 -6.868906e-02
    outer loop
      vertex 4.000000e+00 -2.407782e+00 -1.141690e+00
      vertex 4.000000e+00 -2.500000e+00 4.947186e-22
      vertex 3.863647e+00 -2.500000e+00 -1.035485e+00
    endloop
  endfacet
  facet normal 5.201767e-01 -8.513074e-01 6.849684e-02
    outer loop
      vertex 4.000000e+00 -2.408506e+00 1.137130e+00
      vertex 3.863647e+00 -2.500000e+00 1.035485e+00
      vertex 4.000000e+00 -2.500000e+00 4.947186e-22
    endloop
  endfacet
  facet normal 1.000000e+00 5.082200e-11 1.612876e-14
    outer loop
      vertex 4.000000e+00 -2.408506e+00 1.137130e+00
      vertex 4.000000e+00 -2.500000e+00 4.947186e-22
      vertex 4.000000e+00 -2.407782e+00 -1.141690e+00
    endloop
  endfacet
  facet normal 0.000000e+00 -1.000000e+00 0.000000e+00
    outer loop
      vertex 3.463994e+00 -2.500000e+00 2.000187e+00
      vertex 3.463994e+00 -2.500000e+00 -2.000187e+00
      vertex 3.863647e+00 -2.500000e+00 -1.035485e+00
    endloop
  endfacet
  facet normal 4.473729e-01 -8.749331e-01 -1.853362e-01
    outer loop
      vertex 4.000000e+00 -2.407782e+00 -1.141690e+00
      vertex 3.863647e+00 -2.500000e+00 -1.035485e+00
      vertex 3.463994e+00 -2.500000e+00 -2.000187e+00
    endloop
  endfacet
  facet normal 0.000000e+00 -1.000000e+00 0.000000e+00
    outer loop
      vertex 3.863647e+00 -2.500000e+00 1.035485e+00
      vertex 3.463994e+00 -2.500000e+00 2.000187e+00
      vertex 3.863647e+00 -2.500000e+00 -1.035485e+00
    endloop
  endfacet
  facet normal 0.000000e+00 -1.000000e+00 0.000000e+00
    outer loop
      vertex 2.828351e+00 -2.500000e+00 2.828504e+00
      vertex 2.828351e+00 -2.500000e+00 -2.828504e+00
      vertex 3.463994e+00 -2.500000e+00 -2.000187e+00
    endloop
  endfacet
  facet normal 3.855413e-01 -8.739703e-01 -2.958610e-01
    outer loop
      vertex 2.981519e+00 -2.409101e+00 -2.897421e+00
      vertex 3.463994e+00 -2.500000e+00 -2.000187e+00
      vertex 2.828351e+00 -2.500000e+00 -2.828504e+00
    endloop
  endfacet
  facet normal 0.000000e+00 -1.000000e+00 0.000000e+00
    outer loop
      vertex 3.463994e+00 -2.500000e+00 2.000187e+00
      vertex 2.828351e+00 -2.500000e+00 2.828504e+00
      vertex 3.463994e+00 -2.500000e+00 -2.000187e+00
    endloop
  endfacet
  facet normal 4.629601e-01 -8.643919e-01 -1.962004e-01
    outer loop
      vertex 4.000000e+00 -2.407782e+00 -1.141690e+00
      vertex 3.463994e+00 -2.500000e+00 -2.000187e+00
      vertex 4.000000e+00 -2.142734e+00 -2.309401e+00
    endloop
  endfacet
  facet normal 4.011556e-01 -8.643460e-01 -3.032824e-01
    outer loop
      vertex 2.981519e+00 -2.409101e+00 -2.897421e+00
      vertex 4.000000e+00 -2.142734e+00 -2.309401e+00
      vertex 3.463994e+00 -2.500000e+00 -2.000187e+00
    endloop
  endfacet
  facet normal 0.000000e+00 -1.000000e+00 0.000000e+00
    outer loop
      vertex 2.256436e+00 -2.500000e+00 -1.291558e+00
      vertex 2.000000e+00 -2.500000e+00 -3.464102e+00
      vertex 2.828351e+00 -2.500000e+00 -2.828504e+00
    endloop
  endfacet
  facet normal 3.187198e-01 -8.519865e-01 -4.153753e-01
    outer loop
      vertex 2.981519e+00 -2.409101e+00 -2.897421e+00
      vertex 2.828351e+00 -2.500000e+00 -2.828504e+00
      vertex 2.000000e+00 -2.500000e+00 -3.464102e+00
    endloop
  endfacet
  facet normal 0.000000e+00 -1.000000e+00 0.000000e+00
    outer loop
      vertex 2.600000e+00 -2.500000e+00 4.735093e-30
      vertex 2.828351e+00 -2.500000e+00 -2.828504e+00
      vertex 2.828351e+00 -2.500000e+00 2.828504e+00
    endloop
  endfacet
  facet normal 0.000000e+00 -1.000000e+00 0.000000e+00
    outer loop
      vertex 2.447696e+00 -2.500000e+00 -8.765838e-01
      vertex 2.256436e+00 -2.500000e+00 -1.291558e+00
      vertex 2.828351e+00 -2.500000e+00 -2.828504e+00
    endloop
  endfacet
  facet normal 0.000000e+00 -1.000000e+00 0.000000e+00
    outer loop
      vertex 2.600000e+00 -2.500000e+00 4.735093e-30
      vertex 2.447696e+00 -2.500000e+00 -8.765838e-01
      vertex 2.828351e+00 -2.500000e+00 -2.828504e+00
    endloop
  endfacet
  facet normal 0.000000e+00 -1.000000e+00 0.000000e+00
    outer loop
      vertex 1.303549e+00 -2.500000e+00 -2.249598e+00
      vertex 1.035380e+00 -2.500000e+00 -3.863675e+00
      vertex 2.000000e+00 -2.500000e+00 -3.464102e+00
    endloop
  endfacet
  facet normal 2.003842e-01 -8.519568e-01 -4.837518e-01
    outer loop
      vertex 1.018353e+00 -2.409078e+00 -4.030856e+00
      vertex 2.000000e+00 -2.500000e+00 -3.464102e+00
      vertex 1.035380e+00 -2.500000e+00 -3.863675e+00
    endloop
  endfacet
  facet normal 0.000000e+00 -1.000000e+00 0.000000e+00
    outer loop
      vertex 1.995289e+00 -2.500000e+00 -1.666926e+00
      vertex 1.303549e+00 -2.500000e+00 -2.249598e+00
      vertex 2.000000e+00 -2.500000e+00 -3.464102e+00
    endloop
  endfacet
  facet normal 0.000000e+00 -1.000000e+00 0.000000e+00
    outer loop
      vertex 2.256436e+00 -2.500000e+00 -1.291558e+00
      vertex 1.995289e+00 -2.500000e+00 -1.666926e+00
      vertex 2.000000e+00 -2.500000e+00 -3.464102e+00
    endloop
  endfacet
  facet normal 5.000000e-01 2.107721e-11 -8.660254e-01
    outer loop
      vertex 2.981519e+00 -2.409101e+00 -2.897421e+00
      vertex 2.000000e+00 -2.500000e+00 -3.464102e+00
      vertex 1.018353e+00 -2.409078e+00 -4.030856e+00
    endloop
  endfacet
  facet normal 0.000000e+00 -1.000000e+00 0.000000e+00
    outer loop
      vertex 4.527211e-01 -2.500000e+00 -2.560272e+00
      vertex 3.634971e-11 -2.500000e+00 -4.000000e+00
      vertex 1.035380e+00 -2.500000e+00 -3.863675e+00
    endloop
  endfacet
  facet normal 6.343498e-02 -8.739897e-01 -4.817863e-01
    outer loop
      vertex 1.018353e+00 -2.409078e+00 -4.030856e+00
      vertex 1.035380e+00 -2.500000e+00 -3.863675e+00
      vertex 3.634971e-11 -2.500000e+00 -4.000000e+00
    endloop
  endfacet
  facet normal 0.000000e+00 -1.000000e+00 0.000000e+00
    outer loop
      vertex 1.303549e+00 -2.500000e+00 -2.249598e+00
      vertex 4.527211e-01 -2.500000e+00 -2.560272e+00
      vertex 1.035380e+00 -2.500000e+00 -3.863675e+00
    endloop
  endfacet
  facet normal 0.000000e+00 -1.000000e+00 0.000000e+00
    outer loop
      vertex -4.523893e-01 -2.500000e+00 -2.560331e+00
      vertex -1.035380e+00 -2.500000e+00 -3.863675e+00
      vertex 3.634971e-11 -2.500000e+00 -4.000000e+00
    endloop
  endfacet
  facet normal -6.569092e-02 -8.641548e-01 -4.989200e-01
    outer loop
      vertex 8.881784e-16 -2.142734e+00 -4.618802e+00
      vertex 3.634971e-11 -2.500000e+00 -4.000000e+00
      vertex -1.035380e+00 -2.500000e+00 -3.863675e+00
    endloop
  endfacet
  facet normal 0.000000e+00 -1.000000e+00 0.000000e+00
    outer loop
      vertex 4.527211e-01 -2.500000e+00 -2.560272e+00
      vertex -4.523893e-01 -2.500000e+00 -2.560331e+00
      vertex 3.634971e-11 -2.500000e+00 -4.000000e+00
    endloop
  endfacet
  facet normal 6.205222e-02 -8.643565e-01 -4.990365e-01
    outer loop
      vertex 1.018353e+00 -2.409078e+00 -4.030856e+00
      vertex 3.634971e-11 -2.500000e+00 -4.000000e+00
      vertex 8.881784e-16 -2.142734e+00 -4.618802e+00
    endloop
  endfacet
  facet normal 0.000000e+00 -1.000000e+00 0.000000e+00
    outer loop
      vertex -1.995050e+00 -2.500000e+00 -1.667214e+00
      vertex -2.000000e+00 -2.500000e+00 -3.464102e+00
      vertex -1.035380e+00 -2.500000e+00 -3.863675e+00
    endloop
  endfacet
  facet normal -2.003657e-01 -8.519865e-01 -4.837071e-01
    outer loop
      vertex -1.018481e+00 -2.409101e+00 -4.030782e+00
      vertex -1.035380e+00 -2.500000e+00 -3.863675e+00
      vertex -2.000000e+00 -2.500000e+00 -3.464102e+00
    endloop
  endfacet
  facet normal 0.000000e+00 -1.000000e+00 0.000000e+00
    outer loop
      vertex -1.303270e+00 -2.500000e+00 -2.249758e+00
      vertex -1.995050e+00 -2.500000e+00 -1.667214e+00
      vertex -1.035380e+00 -2.500000e+00 -3.863675e+00
    endloop
  endfacet
  facet normal 0.000000e+00 -1.000000e+00 0.000000e+00
    outer loop
      vertex -4.523893e-01 -2.500000e+00 -2.560331e+00
      vertex -1.303270e+00 -2.500000e+00 -2.249758e+00
      vertex -1.035380e+00 -2.500000e+00 -3.863675e+00
    endloop
  endfacet
  facet normal -4.882255e-02 -8.753197e-01 -4.810736e-01
    outer loop
      vertex -1.018481e+00 -2.409101e+00 -4.030782e+00
      vertex 8.881784e-16 -2.142734e+00 -4.618802e+00
      vertex -1.035380e+00 -2.500000e+00 -3.863675e+00
    endloop
  endfacet
  facet normal 0.000000e+00 -1.000000e+00 0.000000e+00
    outer loop
      vertex -2.828351e+00 -2.500000e+00 -2.828504e+00
      vertex -2.000000e+00 -2.500000e+00 -3.464102e+00
      vertex -2.447578e+00 -2.500000e+00 -8.769162e-01
    endloop
  endfacet
  facet normal -3.187492e-01 -8.519568e-01 -4.154137e-01
    outer loop
      vertex -2.981647e+00 -2.409078e+00 -2.897348e+00
      vertex -2.000000e+00 -2.500000e+00 -3.464102e+00
      vertex -2.828351e+00 -2.500000e+00 -2.828504e+00
    endloop
  endfacet
  facet normal 0.000000e+00 -1.000000e+00 0.000000e+00
    outer loop
      vertex -2.447578e+00 -2.500000e+00 -8.769162e-01
      vertex -2.600000e+00 -2.500000e+00 3.183977e-16
      vertex -2.828351e+00 -2.500000e+00 -2.828504e+00
    endloop
  endfacet
  facet normal 0.000000e+00 -1.000000e+00 0.000000e+00
    outer loop
      vertex -2.256229e+00 -2.500000e+00 -1.291920e+00
      vertex -2.447578e+00 -2.500000e+00 -8.769162e-01
      vertex -2.000000e+00 -2.500000e+00 -3.464102e+00
    endloop
  endfacet
  facet normal 0.000000e+00 -1.000000e+00 0.000000e+00
    outer loop
      vertex -1.995050e+00 -2.500000e+00 -1.667214e+00
      vertex -2.256229e+00 -2.500000e+00 -1.291920e+00
      vertex -2.000000e+00 -2.500000e+00 -3.464102e+00
    endloop
  endfacet
  facet normal -5.000000e-01 2.632119e-11 -8.660254e-01
    outer loop
      vertex -1.018481e+00 -2.409101e+00 -4.030782e+00
      vertex -2.000000e+00 -2.500000e+00 -3.464102e+00
      vertex -2.981647e+00 -2.409078e+00 -2.897348e+00
    endloop
  endfacet
  facet normal 0.000000e+00 -1.000000e+00 0.000000e+00
    outer loop
      vertex -3.463994e+00 -2.500000e+00 2.000187e+00
      vertex -3.463994e+00 -2.500000e+00 -2.000187e+00
      vertex -2.828351e+00 -2.500000e+00 -2.828504e+00
    endloop
  endfacet
  facet normal -3.855155e-01 -8.739884e-01 -2.958413e-01
    outer loop
      vertex -2.981647e+00 -2.409078e+00 -2.897348e+00
      vertex -2.828351e+00 -2.500000e+00 -2.828504e+00
      vertex -3.463994e+00 -2.500000e+00 -2.000187e+00
    endloop
  endfacet
  facet normal 0.000000e+00 -1.000000e+00 0.000000e+00
    outer loop
      vertex -2.828351e+00 -2.500000e+00 2.828504e+00
      vertex -3.463994e+00 -2.500000e+00 2.000187e+00
      vertex -2.828351e+00 -2.500000e+00 -2.828504e+00
    endloop
  endfacet
  facet normal 0.000000e+00 -1.000000e+00 0.000000e+00
    outer loop
      vertex -2.600000e+00 -2.500000e+00 3.183977e-16
      vertex -2.828351e+00 -2.500000e+00 2.828504e+00
      vertex -2.828351e+00 -2.500000e+00 -2.828504e+00
    endloop
  endfacet
  facet normal 0.000000e+00 -1.000000e+00 0.000000e+00
    outer loop
      vertex -3.863647e+00 -2.500000e+00 1.035485e+00
      vertex -3.863647e+00 -2.500000e+00 -1.035485e+00
      vertex -3.463994e+00 -2.500000e+00 -2.000187e+00
    endloop
  endfacet
  facet normal -4.648908e-01 -8.641668e-01 -1.925935e-01
    outer loop
      vertex -4.000000e+00 -2.142734e+00 -2.309401e+00
      vertex -3.463994e+00 -2.500000e+00 -2.000187e+00
      vertex -3.863647e+00 -2.500000e+00 -1.035485e+00
    endloop
  endfacet
  facet normal 0.000000e+00 -1.000000e+00 0.000000e+00
    outer loop
      vertex -3.463994e+00 -2.500000e+00 2.000187e+00
      vertex -3.863647e+00 -2.500000e+00 1.035485e+00
      vertex -3.463994e+00 -2.500000e+00 -2.000187e+00
    endloop
  endfacet
  facet normal -4.011600e-01 -8.643465e-01 -3.032752e-01
    outer loop
      vertex -2.981647e+00 -2.409078e+00 -2.897348e+00
      vertex -3.463994e+00 -2.500000e+00 -2.000187e+00
      vertex -4.000000e+00 -2.142734e+00 -2.309401e+00
    endloop
  endfacet
  facet normal 0.000000e+00 -1.000000e+00 0.000000e+00
    outer loop
      vertex -3.863647e+00 -2.500000e+00 1.035485e+00
      vertex -4.000000e+00 -2.500000e+00 -4.954036e-22
      vertex -3.863647e+00 -2.500000e+00 -1.035485e+00
    endloop
  endfacet
  facet normal -5.201767e-01 -8.513074e-01 -6.849684e-02
    outer loop
      vertex -4.000000e+00 -2.408506e+00 -1.137130e+00
      vertex -3.863647e+00 -2.500000e+00 -1.035485e+00
      vertex -4.000000e+00 -2.500000e+00 -4.954036e-22
    endloop
  endfacet
  facet normal -4.397123e-01 -8.759100e-01 -1.985818e-01
    outer loop
      vertex -4.000000e+00 -2.408506e+00 -1.137130e+00
      vertex -4.000000e+00 -2.142734e+00 -2.309401e+00
      vertex -3.863647e+00 -2.500000e+00 -1.035485e+00
    endloop
  endfacet
  facet normal -5.216365e-01 -8.503982e-01 6.868906e-02
    outer loop
      vertex -4.000000e+00 -2.407782e+00 1.141690e+00
      vertex -4.000000e+00 -2.500000e+00 -4.954036e-22
      vertex -3.863647e+00 -2.500000e+00 1.035485e+00
    endloop
  endfacet
  facet normal -1.000000e+00 5.082200e-11 -1.612876e-14
    outer loop
      vertex -4.000000e+00 -2.408506e+00 -1.137130e+00
      vertex -4.000000e+00 -2.500000e+00 -4.954036e-22
      vertex -4.000000e+00 -2.407782e+00 1.141690e+00
    endloop
  endfacet
  facet normal -4.473729e-01 -8.749331e-01 1.853362e-01
    outer loop
      vertex -4.000000e+00 -2.407782e+00 1.141690e+00
      vertex -3.863647e+00 -2.500000e+00 1.035485e+00
      vertex -3.463994e+00 -2.500000e+00 2.000187e+00
    endloop
  endfacet
  facet normal -3.855413e-01 -8.739703e-01 2.958610e-01
    outer loop
      vertex -2.981519e+00 -2.409101e+00 2.897421e+00
      vertex -3.463994e+00 -2.500000e+00 2.000187e+00
      vertex -2.828351e+00 -2.500000e+00 2.828504e+00
    endloop
  endfacet
  facet normal -4.011556e-01 -8.643460e-01 3.032824e-01
    outer loop
      vertex -4.000000e+00 -2.142734e+00 2.309401e+00
      vertex -3.463994e+00 -2.500000e+00 2.000187e+00
      vertex -2.981519e+00 -2.409101e+00 2.897421e+00
    endloop
  endfacet
  facet normal -4.629601e-01 -8.643919e-01 1.962004e-01
    outer loop
      vertex -4.000000e+00 -2.407782e+00 1.141690e+00
      vertex -3.463994e+00 -2.500000e+00 2.000187e+00
      vertex -4.000000e+00 -2.142734e+00 2.309401e+00
    endloop
  endfacet
  facet normal 0.000000e+00 -1.000000e+00 0.000000e+00
    outer loop
      vertex -2.256436e+00 -2.500000e+00 1.291558e+00
      vertex -2.000000e+00 -2.500000e+00 3.464102e+00
      vertex -2.828351e+00 -2.500000e+00 2.828504e+00
    endloop
  endfacet
  facet normal -3.187198e-01 -8.519865e-01 4.153753e-01
    outer loop
      vertex -2.981519e+00 -2.409101e+00 2.897421e+00
      vertex -2.828351e+00 -2.500000e+00 2.828504e+00
      vertex -2.000000e+00 -2.500000e+00 3.464102e+00
    endloop
  endfacet
  facet normal 0.000000e+00 -1.000000e+00 0.000000e+00
    outer loop
      vertex -2.447696e+00 -2.500000e+00 8.765838e-01
      vertex -2.828351e+00 -2.500000e+00 2.828504e+00
      vertex -2.600000e+00 -2.500000e+00 3.183977e-16
    endloop
  endfacet
  facet normal 0.000000e+00 -1.000000e+00 0.000000e+00
    outer loop
      vertex -2.447696e+00 -2.500000e+00 8.765838e-01
      vertex -2.256436e+00 -2.500000e+00 1.291558e+00
      vertex -2.828351e+00 -2.500000e+00 2.828504e+00
    endloop
  endfacet
  facet normal 0.000000e+00 -1.000000e+00 0.000000e+00
    outer loop
      vertex -1.303549e+00 -2.500000e+00 2.249598e+00
      vertex -1.035380e+00 -2.500000e+00 3.863675e+00
      vertex -2.000000e+00 -2.500000e+00 3.464102e+00
    endloop
  endfacet
  facet normal -2.003842e-01 -8.519568e-01 4.837518e-01
    outer loop
      vertex -1.018353e+00 -2.409078e+00 4.030856e+00
      vertex -2.000000e+00 -2.500000e+00 3.464102e+00
      vertex -1.035380e+00 -2.500000e+00 3.863675e+00
    endloop
  endfacet
  facet normal 0.000000e+00 -1.000000e+00 0.000000e+00
    outer loop
      vertex -1.995289e+00 -2.500000e+00 1.666926e+00
      vertex -1.303549e+00 -2.500000e+00 2.249598e+00
      vertex -2.000000e+00 -2.500000e+00 3.464102e+00
    endloop
  endfacet
  facet normal 0.000000e+00 -1.000000e+00 0.000000e+00
    outer loop
      vertex -2.256436e+00 -2.500000e+00 1.291558e+00
      vertex -1.995289e+00 -2.500000e+00 1.666926e+00
      vertex -2.000000e+00 -2.500000e+00 3.464102e+00
    endloop
  endfacet
  facet normal -5.000000e-01 2.107290e-11 8.660254e-01
    outer loop
      vertex -2.981519e+00 -2.409101e+00 2.897421e+00
      vertex -2.000000e+00 -2.500000e+00 3.464102e+00
      vertex -1.018353e+00 -2.409078e+00 4.030856e+00
    endloop
  endfacet
  facet normal 0.000000e+00 -1.000000e+00 0.000000e+00
    outer loop
      vertex -4.527211e-01 -2.500000e+00 2.560272e+00
      vertex -3.634857e-11 -2.500000e+00 4.000000e+00
      vertex -1.035380e+00 -2.500000e+00 3.863675e+00
    endloop
  endfacet
  facet normal -6.343498e-02 -8.739897e-01 4.817863e-01
    outer loop
      vertex -1.018353e+00 -2.409078e+00 4.030856e+00
      vertex -1.035380e+00 -2.500000e+00 3.863675e+00
      vertex -3.634857e-11 -2.500000e+00 4.000000e+00
    endloop
  endfacet
  facet normal 0.000000e+00 -1.000000e+00 0.000000e+00
    outer loop
      vertex -1.303549e+00 -2.500000e+00 2.249598e+00
      vertex -4.527211e-01 -2.500000e+00 2.560272e+00
      vertex -1.035380e+00 -2.500000e+00 3.863675e+00
    endloop
  endfacet
  facet normal 0.000000e+00 -1.000000e+00 0.000000e+00
    outer loop
      vertex 4.523893e-01 -2.500000e+00 2.560331e+00
      vertex 1.035380e+00 -2.500000e+00 3.863675e+00
      vertex -3.634857e-11 -2.500000e+00 4.000000e+00
    endloop
  endfacet
  facet normal 6.569092e-02 -8.641548e-01 4.989200e-01
    outer loop
      vertex -8.881784e-16 -2.142734e+00 4.618802e+00
      vertex -3.634857e-11 -2.500000e+00 4.000000e+00
      vertex 1.035380e+00 -2.500000e+00 3.863675e+00
    endloop
  endfacet
  facet normal 0.000000e+00 -1.000000e+00 0.000000e+00
    outer loop
      vertex -4.527211e-01 -2.500000e+00 2.560272e+00
      vertex 4.523893e-01 -2.500000e+00 2.560331e+00
      vertex -3.634857e-11 -2.500000e+00 4.000000e+00
    endloop
  endfacet
  facet normal -6.205222e-02 -8.643565e-01 4.990365e-01
    outer loop
      vertex -1.018353e+00 -2.409078e+00 4.030856e+00
      vertex -3.634857e-11 -2.500000e+00 4.000000e+00
      vertex -8.881784e-16 -2.142734e+00 4.618802e+00
    endloop
  endfacet
  facet normal 0.000000e+00 -1.000000e+00 0.000000e+00
    outer loop
      vertex 1.995050e+00 -2.500000e+00 1.667214e+00
      vertex 2.000000e+00 -2.500000e+00 3.464102e+00
      vertex 1.035380e+00 -2.500000e+00 3.863675e+00
    endloop
  endfacet
  facet normal 2.003657e-01 -8.519865e-01 4.837071e-01
    outer loop
      vertex 1.018481e+00 -2.409101e+00 4.030782e+00
      vertex 1.035380e+00 -2.500000e+00 3.863675e+00
      vertex 2.000000e+00 -2.500000e+00 3.464102e+00
    endloop
  endfacet
  facet normal 0.000000e+00 -1.000000e+00 0.000000e+00
    outer loop
      vertex 1.303270e+00 -2.500000e+00 2.249758e+00
      vertex 1.995050e+00 -2.500000e+00 1.667214e+00
      vertex 1.035380e+00 -2.500000e+00 3.863675e+00
    endloop
  endfacet
  facet normal 0.000000e+00 -1.000000e+00 0.000000e+00
    outer loop
      vertex 4.523893e-01 -2.500000e+00 2.560331e+00
      vertex 1.303270e+00 -2.500000e+00 2.249758e+00
      vertex 1.035380e+00 -2.500000e+00 3.863675e+00
    endloop
  endfacet
  facet normal 4.882255e-02 -8.753197e-01 4.810736e-01
    outer loop
      vertex 1.018481e+00 -2.409101e+00 4.030782e+00
      vertex -8.881784e-16 -2.142734e+00 4.618802e+00
      vertex 1.035380e+00 -2.500000e+00 3.863675e+00
    endloop
  endfacet
  facet normal 0.000000e+00 -1.000000e+00 0.000000e+00
    outer loop
      vertex 2.828351e+00 -2.500000e+00 2.828504e+00
      vertex 2.000000e+00 -2.500000e+00 3.464102e+00
      vertex 2.447578e+00 -2.500000e+00 8.769162e-01
    endloop
  endfacet
  facet normal 3.187492e-01 -8.519568e-01 4.154137e-01
    outer loop
      vertex 2.981647e+00 -2.409078e+00 2.897348e+00
      vertex 2.000000e+00 -2.500000e+00 3.464102e+00
      vertex 2.828351e+00 -2.500000e+00 2.828504e+00
    endloop
  endfacet
  facet normal 0.000000e+00 -1.000000e+00 0.000000e+00
    outer loop
      vertex 2.447578e+00 -2.500000e+00 8.769162e-01
      vertex 2.600000e+00 -2.500000e+00 4.735093e-30
      vertex 2.828351e+00 -2.500000e+00 2.828504e+00
    endloop
  endfacet
  facet normal 0.000000e+00 -1.000000e+00 0.000000e+00
    outer loop
      vertex 2.256229e+00 -2.500000e+00 1.291920e+00
      vertex 2.447578e+00 -2.500000e+00 8.769162e-01
      vertex 2.000000e+00 -2.500000e+00 3.464102e+00
    endloop
  endfacet
  facet normal 0.000000e+00 -1.000000e+00 0.000000e+00
    outer loop
      vertex 1.995050e+00 -2.500000e+00 1.667214e+00
      vertex 2.256229e+00 -2.500000e+00 1.291920e+00
      vertex 2.000000e+00 -2.500000e+00 3.464102e+00
    endloop
  endfacet
  facet normal 5.000000e-01 2.631796e-11 8.660254e-01
    outer loop
      vertex 1.018481e+00 -2.409101e+00 4.030782e+00
      vertex 2.000000e+00 -2.500000e+00 3.464102e+00
      vertex 2.981647e+00 -2.409078e+00 2.897348e+00
    endloop
  endfacet
  facet normal 3.855155e-01 -8.739884e-01 2.958413e-01
    outer loop
      vertex 2.981647e+00 -2.409078e+00 2.897348e+00
      vertex 2.828351e+00 -2.500000e+00 2.828504e+00
      vertex 3.463994e+00 -2.500000e+00 2.000187e+00
    endloop
  endfacet
  facet normal 4.648908e-01 -8.641668e-01 1.925935e-01
    outer loop
      vertex 4.000000e+00 -2.142734e+00 2.309401e+00
      vertex 3.463994e+00 -2.500000e+00 2.000187e+00
      vertex 3.863647e+00 -2.500000e+00 1.035485e+00
    endloop
  endfacet
  facet normal 4.011600e-01 -8.643465e-01 3.032752e-01
    outer loop
      vertex 2.981647e+00 -2.409078e+00 2.897348e+00
      vertex 3.463994e+00 -2.500000e+00 2.000187e+00
      vertex 4.000000e+00 -2.142734e+00 2.309401e+00
    endloop
  endfacet
  facet normal 4.397123e-01 -8.759100e-01 1.985818e-01
    outer loop
      vertex 4.000000e+00 -2.408506e+00 1.137130e+00
      vertex 4.000000e+00 -2.142734e+00 2.309401e+00
      vertex 3.863647e+00 -2.500000e+00 1.035485e+00
    endloop
  endfacet
  facet normal 4.981224e-01 -8.627733e-01 8.658153e-02
    outer loop
      vertex -2.100000e+00 -2.211325e+00 -2.571673e-16
      vertex -2.600000e+00 -2.500000e+00 3.183977e-16
      vertex -2.447578e+00 -2.500000e+00 -8.769162e-01
    endloop
  endfacet
  facet normal 5.220506e-01 -8.480777e-01 -9.070474e-02
    outer loop
      vertex -2.061530e+00 -2.211328e+00 4.001172e-01
      vertex -2.447696e+00 -2.500000e+00 8.765838e-01
      vertex -2.600000e+00 -2.500000e+00 3.183977e-16
    endloop
  endfacet
  facet normal 4.994231e-01 -8.650261e-01 -4.802539e-02
    outer loop
      vertex -2.061530e+00 -2.211328e+00 4.001172e-01
      vertex -2.600000e+00 -2.500000e+00 3.183977e-16
      vertex -2.100000e+00 -2.211325e+00 -2.571673e-16
    endloop
  endfacet
  facet normal 4.596388e-01 -8.624490e-01 2.119290e-01
    outer loop
      vertex -1.943804e+00 -2.211325e+00 -7.947494e-01
      vertex -2.447578e+00 -2.500000e+00 -8.769162e-01
      vertex -2.256229e+00 -2.500000e+00 -1.291920e+00
    endloop
  endfacet
  facet normal 4.746813e-01 -8.686888e-01 1.416243e-01
    outer loop
      vertex -2.061485e+00 -2.211330e+00 -4.003518e-01
      vertex -2.447578e+00 -2.500000e+00 -8.769162e-01
      vertex -1.943804e+00 -2.211325e+00 -7.947494e-01
    endloop
  endfacet
  facet normal 5.548448e-01 -8.302391e-01 5.338874e-02
    outer loop
      vertex -2.100000e+00 -2.211325e+00 -2.571673e-16
      vertex -2.447578e+00 -2.500000e+00 -8.769162e-01
      vertex -2.061485e+00 -2.211330e+00 -4.003518e-01
    endloop
  endfacet
  facet normal 4.163999e-01 -8.617629e-01 2.897860e-01
    outer loop
      vertex -1.749236e+00 -2.211325e+00 -1.161970e+00
      vertex -2.256229e+00 -2.500000e+00 -1.291920e+00
      vertex -1.995050e+00 -2.500000e+00 -1.667214e+00
    endloop
  endfacet
  facet normal 4.360245e-01 -8.697764e-01 2.310230e-01
    outer loop
      vertex -1.943804e+00 -2.211325e+00 -7.947494e-01
      vertex -2.256229e+00 -2.500000e+00 -1.291920e+00
      vertex -1.749236e+00 -2.211325e+00 -1.161970e+00
    endloop
  endfacet
  facet normal 3.380045e-01 -8.512595e-01 4.013854e-01
    outer loop
      vertex -1.487183e+00 -2.211324e+00 -1.482662e+00
      vertex -1.995050e+00 -2.500000e+00 -1.667214e+00
      vertex -1.303270e+00 -2.500000e+00 -2.249758e+00
    endloop
  endfacet
  facet normal 3.814150e-01 -8.702776e-01 3.116720e-01
    outer loop
      vertex -1.749236e+00 -2.211325e+00 -1.161970e+00
      vertex -1.995050e+00 -2.500000e+00 -1.667214e+00
      vertex -1.487183e+00 -2.211324e+00 -1.482662e+00
    endloop
  endfacet
  facet normal 1.816163e-01 -8.481942e-01 4.975763e-01
    outer loop
      vertex -8.058691e-01 -2.211325e+00 -1.939220e+00
      vertex -1.303270e+00 -2.500000e+00 -2.249758e+00
      vertex -4.523893e-01 -2.500000e+00 -2.560331e+00
    endloop
  endfacet
  facet normal 2.332144e-01 -8.697300e-01 4.349491e-01
    outer loop
      vertex -1.169234e+00 -2.211325e+00 -1.744389e+00
      vertex -1.303270e+00 -2.500000e+00 -2.249758e+00
      vertex -8.058691e-01 -2.211325e+00 -1.939220e+00
    endloop
  endfacet
  facet normal 3.298821e-01 -8.547393e-01 4.007475e-01
    outer loop
      vertex -1.487183e+00 -2.211324e+00 -1.482662e+00
      vertex -1.303270e+00 -2.500000e+00 -2.249758e+00
      vertex -1.169234e+00 -2.211325e+00 -1.744389e+00
    endloop
  endfacet
  facet normal -3.455310e-05 -8.471812e-01 5.313040e-01
    outer loop
      vertex 1.819830e-04 -2.211325e+00 -2.100000e+00
      vertex -4.523893e-01 -2.500000e+00 -2.560331e+00
      vertex 4.527211e-01 -2.500000e+00 -2.560272e+00
    endloop
  endfacet
  facet normal 4.890928e-02 -8.671214e-01 4.956898e-01
    outer loop
      vertex -4.105947e-01 -2.211325e+00 -2.059469e+00
      vertex -4.523893e-01 -2.500000e+00 -2.560331e+00
      vertex 1.819830e-04 -2.211325e+00 -2.100000e+00
    endloop
  endfacet
  facet normal 1.474336e-01 -8.622028e-01 4.846335e-01
    outer loop
      vertex -8.058691e-01 -2.211325e+00 -1.939220e+00
      vertex -4.523893e-01 -2.500000e+00 -2.560331e+00
      vertex -4.105947e-01 -2.211325e+00 -2.059469e+00
    endloop
  endfacet
  facet normal -1.754778e-01 -8.592196e-01 4.805717e-01
    outer loop
      vertex 4.109577e-01 -2.211325e+00 -2.059396e+00
      vertex 4.527211e-01 -2.500000e+00 -2.560272e+00
      vertex 1.303549e+00 -2.500000e+00 -2.249598e+00
    endloop
  endfacet
  facet normal -4.899544e-02 -8.671254e-01 4.956743e-01
    outer loop
      vertex 1.819830e-04 -2.211325e+00 -2.100000e+00
      vertex 4.527211e-01 -2.500000e+00 -2.560272e+00
      vertex 4.109577e-01 -2.211325e+00 -2.059396e+00
    endloop
  endfacet
  facet normal -3.356712e-01 -8.535335e-01 3.985040e-01
    outer loop
      vertex 1.169521e+00 -2.211325e+00 -1.744196e+00
      vertex 1.303549e+00 -2.500000e+00 -2.249598e+00
      vertex 1.995289e+00 -2.500000e+00 -1.666926e+00
    endloop
  endfacet
  facet normal -2.332868e-01 -8.697315e-01 4.349073e-01
    outer loop
      vertex 8.062074e-01 -2.211325e+00 -1.939080e+00
      vertex 1.303549e+00 -2.500000e+00 -2.249598e+00
      vertex 1.169521e+00 -2.211325e+00 -1.744196e+00
    endloop
  endfacet
  facet normal -1.592681e-01 -8.371904e-01 5.232072e-01
    outer loop
      vertex 4.109577e-01 -2.211325e+00 -2.059396e+00
      vertex 1.303549e+00 -2.500000e+00 -2.249598e+00
      vertex 8.062074e-01 -2.211325e+00 -1.939080e+00
    endloop
  endfacet
  facet normal -4.164435e-01 -8.617626e-01 2.897240e-01
    outer loop
      vertex 1.749467e+00 -2.211325e+00 -1.161622e+00
      vertex 1.995289e+00 -2.500000e+00 -1.666926e+00
      vertex 2.256436e+00 -2.500000e+00 -1.291558e+00
    endloop
  endfacet
  facet normal -3.814730e-01 -8.702776e-01 3.116012e-01
    outer loop
      vertex 1.487440e+00 -2.211325e+00 -1.482404e+00
      vertex 1.995289e+00 -2.500000e+00 -1.666926e+00
      vertex 1.749467e+00 -2.211325e+00 -1.161622e+00
    endloop
  endfacet
  facet normal -3.351361e-01 -8.497318e-01 4.069885e-01
    outer loop
      vertex 1.169521e+00 -2.211325e+00 -1.744196e+00
      vertex 1.995289e+00 -2.500000e+00 -1.666926e+00
      vertex 1.487440e+00 -2.211325e+00 -1.482404e+00
    endloop
  endfacet
  facet normal -4.596666e-01 -8.624515e-01 2.118587e-01
    outer loop
      vertex 1.943953e+00 -2.211325e+00 -7.943844e-01
      vertex 2.256436e+00 -2.500000e+00 -1.291558e+00
      vertex 2.447696e+00 -2.500000e+00 -8.765838e-01
    endloop
  endfacet
  facet normal -4.360719e-01 -8.697746e-01 2.309404e-01
    outer loop
      vertex 1.749467e+00 -2.211325e+00 -1.161622e+00
      vertex 2.256436e+00 -2.500000e+00 -1.291558e+00
      vertex 1.943953e+00 -2.211325e+00 -7.943844e-01
    endloop
  endfacet
  facet normal -5.220506e-01 -8.480777e-01 9.070474e-02
    outer loop
      vertex 2.061530e+00 -2.211328e+00 -4.001172e-01
      vertex 2.447696e+00 -2.500000e+00 -8.765838e-01
      vertex 2.600000e+00 -2.500000e+00 4.735093e-30
    endloop
  endfacet
  facet normal -4.747097e-01 -8.686841e-01 1.415580e-01
    outer loop
      vertex 1.943953e+00 -2.211325e+00 -7.943844e-01
      vertex 2.447696e+00 -2.500000e+00 -8.765838e-01
      vertex 2.061530e+00 -2.211328e+00 -4.001172e-01
    endloop
  endfacet
  facet normal -4.981224e-01 -8.627733e-01 -8.658153e-02
    outer loop
      vertex 2.100000e+00 -2.211325e+00 0.000000e+00
      vertex 2.600000e+00 -2.500000e+00 4.735093e-30
      vertex 2.447578e+00 -2.500000e+00 8.769162e-01
    endloop
  endfacet
  facet normal -4.994231e-01 -8.650261e-01 4.802539e-02
    outer loop
      vertex 2.061530e+00 -2.211328e+00 -4.001172e-01
      vertex 2.600000e+00 -2.500000e+00 4.735093e-30
      vertex 2.100000e+00 -2.211325e+00 0.000000e+00
    endloop
  endfacet
  facet normal -4.596388e-01 -8.624490e-01 -2.119290e-01
    outer loop
      vertex 1.943804e+00 -2.211325e+00 7.947494e-01
      vertex 2.447578e+00 -2.500000e+00 8.769162e-01
      vertex 2.256229e+00 -2.500000e+00 1.291920e+00
    endloop
  endfacet
  facet normal -5.548448e-01 -8.302391e-01 -5.338874e-02
    outer loop
      vertex 2.061485e+00 -2.211330e+00 4.003518e-01
      vertex 2.100000e+00 -2.211325e+00 0.000000e+00
      vertex 2.447578e+00 -2.500000e+00 8.769162e-01
    endloop
  endfacet
  facet normal -4.746813e-01 -8.686888e-01 -1.416243e-01
    outer loop
      vertex 2.061485e+00 -2.211330e+00 4.003518e-01
      vertex 2.447578e+00 -2.500000e+00 8.769162e-01
      vertex 1.943804e+00 -2.211325e+00 7.947494e-01
    endloop
  endfacet
  facet normal -4.163999e-01 -8.617629e-01 -2.897860e-01
    outer loop
      vertex 1.749236e+00 -2.211325e+00 1.161970e+00
      vertex 2.256229e+00 -2.500000e+00 1.291920e+00
      vertex 1.995050e+00 -2.500000e+00 1.667214e+00
    endloop
  endfacet
  facet normal -4.360245e-01 -8.697764e-01 -2.310230e-01
    outer loop
      vertex 1.943804e+00 -2.211325e+00 7.947494e-01
      vertex 2.256229e+00 -2.500000e+00 1.291920e+00
      vertex 1.749236e+00 -2.211325e+00 1.161970e+00
    endloop
  endfacet
  facet normal -3.380045e-01 -8.512595e-01 -4.013854e-01
    outer loop
      vertex 1.487183e+00 -2.211324e+00 1.482662e+00
      vertex 1.995050e+00 -2.500000e+00 1.667214e+00
      vertex 1.303270e+00 -2.500000e+00 2.249758e+00
    endloop
  endfacet
  facet normal -3.814150e-01 -8.702776e-01 -3.116720e-01
    outer loop
      vertex 1.749236e+00 -2.211325e+00 1.161970e+00
      vertex 1.995050e+00 -2.500000e+00 1.667214e+00
      vertex 1.487183e+00 -2.211324e+00 1.482662e+00
    endloop
  endfacet
  facet normal -1.816163e-01 -8.481942e-01 -4.975763e-01
    outer loop
      vertex 8.058691e-01 -2.211325e+00 1.939220e+00
      vertex 1.303270e+00 -2.500000e+00 2.249758e+00
      vertex 4.523893e-01 -2.500000e+00 2.560331e+00
    endloop
  endfacet
  facet normal -2.332144e-01 -8.697300e-01 -4.349491e-01
    outer loop
      vertex 1.169234e+00 -2.211325e+00 1.744389e+00
      vertex 1.303270e+00 -2.500000e+00 2.249758e+00
      vertex 8.058691e-01 -2.211325e+00 1.939220e+00
    endloop
  endfacet
  facet normal -3.298821e-01 -8.547393e-01 -4.007475e-01
    outer loop
      vertex 1.487183e+00 -2.211324e+00 1.482662e+00
      vertex 1.303270e+00 -2.500000e+00 2.249758e+00
      vertex 1.169234e+00 -2.211325e+00 1.744389e+00
    endloop
  endfacet
  facet normal 3.455310e-05 -8.471812e-01 -5.313040e-01
    outer loop
      vertex -1.819830e-04 -2.211325e+00 2.100000e+00
      vertex 4.523893e-01 -2.500000e+00 2.560331e+00
      vertex -4.527211e-01 -2.500000e+00 2.560272e+00
    endloop
  endfacet
  facet normal -4.890928e-02 -8.671214e-01 -4.956898e-01
    outer loop
      vertex 4.105947e-01 -2.211325e+00 2.059469e+00
      vertex 4.523893e-01 -2.500000e+00 2.560331e+00
      vertex -1.819830e-04 -2.211325e+00 2.100000e+00
    endloop
  endfacet
  facet normal -1.474336e-01 -8.622028e-01 -4.846335e-01
    outer loop
      vertex 8.058691e-01 -2.211325e+00 1.939220e+00
      vertex 4.523893e-01 -2.500000e+00 2.560331e+00
      vertex 4.105947e-01 -2.211325e+00 2.059469e+00
    endloop
  endfacet
  facet normal 1.754778e-01 -8.592196e-01 -4.805717e-01
    outer loop
      vertex -4.109577e-01 -2.211325e+00 2.059396e+00
      vertex -4.527211e-01 -2.500000e+00 2.560272e+00
      vertex -1.303549e+00 -2.500000e+00 2.249598e+00
    endloop
  endfacet
  facet normal 4.899544e-02 -8.671254e-01 -4.956743e-01
    outer loop
      vertex -1.819830e-04 -2.211325e+00 2.100000e+00
      vertex -4.527211e-01 -2.500000e+00 2.560272e+00
      vertex -4.109577e-01 -2.211325e+00 2.059396e+00
    endloop
  endfacet
  facet normal 3.356712e-01 -8.535335e-01 -3.985040e-01
    outer loop
      vertex -1.169521e+00 -2.211325e+00 1.744196e+00
      vertex -1.303549e+00 -2.500000e+00 2.249598e+00
      vertex -1.995289e+00 -2.500000e+00 1.666926e+00
    endloop
  endfacet
  facet normal 2.332868e-01 -8.697315e-01 -4.349073e-01
    outer loop
      vertex -8.062074e-01 -2.211325e+00 1.939080e+00
      vertex -1.303549e+00 -2.500000e+00 2.249598e+00
      vertex -1.169521e+00 -2.211325e+00 1.744196e+00
    endloop
  endfacet
  facet normal 1.592681e-01 -8.371904e-01 -5.232072e-01
    outer loop
      vertex -4.109577e-01 -2.211325e+00 2.059396e+00
      vertex -1.303549e+00 -2.500000e+00 2.249598e+00
      vertex -8.062074e-01 -2.211325e+00 1.939080e+00
    endloop
  endfacet
  facet normal 4.164435e-01 -8.617626e-01 -2.897240e-01
    outer loop
      vertex -1.749467e+00 -2.211325e+00 1.161622e+00
      vertex -1.995289e+00 -2.500000e+00 1.666926e+00
      vertex -2.256436e+00 -2.500000e+00 1.291558e+00
    endloop
  endfacet
  facet normal 3.814730e-01 -8.702776e-01 -3.116012e-01
    outer loop
      vertex -1.487440e+00 -2.211325e+00 1.482404e+00
      vertex -1.995289e+00 -2.500000e+00 1.666926e+00
      vertex -1.749467e+00 -2.211325e+00 1.161622e+00
    endloop
  endfacet
  facet normal 3.351361e-01 -8.497318e-01 -4.069885e-01
    outer loop
      vertex -1.169521e+00 -2.211325e+00 1.744196e+00
      vertex -1.995289e+00 -2.500000e+00 1.666926e+00
      vertex -1.487440e+00 -2.211325e+00 1.482404e+00
    endloop
  endfacet
  facet normal 4.596666e-01 -8.624515e-01 -2.118587e-01
    outer loop
      vertex -1.943953e+00 -2.211325e+00 7.943844e-01
      vertex -2.256436e+00 -2.500000e+00 1.291558e+00
      vertex -2.447696e+00 -2.500000e+00 8.765838e-01
    endloop
  endfacet
  facet normal 4.360719e-01 -8.697746e-01 -2.309404e-01
    outer loop
      vertex -1.749467e+00 -2.211325e+00 1.161622e+00
      vertex -2.256436e+00 -2.500000e+00 1.291558e+00
      vertex -1.943953e+00 -2.211325e+00 7.943844e-01
    endloop
  endfacet
  facet normal 4.747097e-01 -8.686841e-01 -1.415580e-01
    outer loop
      vertex -1.943953e+00 -2.211325e+00 7.943844e-01
      vertex -2.447696e+00 -2.500000e+00 8.765838e-01
      vertex -2.061530e+00 -2.211328e+00 4.001172e-01
    endloop
  endfacet
  facet normal 0.000000e+00 1.000000e+00 0.000000e+00
    outer loop
      vertex 3.863647e+00 2.500000e+00 -1.035485e+00
      vertex 3.863647e+00 2.500000e+00 1.035485e+00
      vertex 4.000000e+00 2.500000e+00 4.870801e-22
    endloop
  endfacet
  facet normal 5.201767e-01 8.513074e-01 6.849684e-02
    outer loop
      vertex 4.000000e+00 2.408506e+00 1.137130e+00
      vertex 4.000000e+00 2.500000e+00 4.870801e-22
      vertex 3.863647e+00 2.500000e+00 1.035485e+00
    endloop
  endfacet
  facet normal 5.216365e-01 8.503982e-01 -6.868906e-02
    outer loop
      vertex 4.000000e+00 2.407782e+00 -1.141690e+00
      vertex 3.863647e+00 2.500000e+00 -1.035485e+00
      vertex 4.000000e+00 2.500000e+00 4.870801e-22
    endloop
  endfacet
  facet normal 1.000000e+00 -5.082200e-11 1.612876e-14
    outer loop
      vertex 4.000000e+00 2.408506e+00 1.137130e+00
      vertex 4.000000e+00 2.407782e+00 -1.141690e+00
      vertex 4.000000e+00 2.500000e+00 4.870801e-22
    endloop
  endfacet
  facet normal 0.000000e+00 1.000000e+00 0.000000e+00
    outer loop
      vertex 3.463994e+00 2.500000e+00 -2.000187e+00
      vertex 3.463994e+00 2.500000e+00 2.000187e+00
      vertex 3.863647e+00 2.500000e+00 1.035485e+00
    endloop
  endfacet
  facet normal 4.482832e-01 8.743870e-01 1.857133e-01
    outer loop
      vertex 4.000000e+00 2.408506e+00 1.137130e+00
      vertex 3.863647e+00 2.500000e+00 1.035485e+00
      vertex 3.463994e+00 2.500000e+00 2.000187e+00
    endloop
  endfacet
  facet normal 0.000000e+00 1.000000e+00 0.000000e+00
    outer loop
      vertex 3.863647e+00 2.500000e+00 -1.035485e+00
      vertex 3.463994e+00 2.500000e+00 -2.000187e+00
      vertex 3.863647e+00 2.500000e+00 1.035485e+00
    endloop
  endfacet
  facet normal 0.000000e+00 1.000000e+00 0.000000e+00
    outer loop
      vertex 2.828351e+00 2.500000e+00 -2.828504e+00
      vertex 2.828351e+00 2.500000e+00 2.828504e+00
      vertex 3.463994e+00 2.500000e+00 2.000187e+00
    endloop
  endfacet
  facet normal 3.855155e-01 8.739884e-01 2.958413e-01
    outer loop
      vertex 2.981647e+00 2.409078e+00 2.897348e+00
      vertex 3.463994e+00 2.500000e+00 2.000187e+00
      vertex 2.828351e+00 2.500000e+00 2.828504e+00
    endloop
  endfacet
  facet normal 0.000000e+00 1.000000e+00 0.000000e+00
    outer loop
      vertex 3.463994e+00 2.500000e+00 -2.000187e+00
      vertex 2.828351e+00 2.500000e+00 -2.828504e+00
      vertex 3.463994e+00 2.500000e+00 2.000187e+00
    endloop
  endfacet
  facet normal 4.011600e-01 8.643465e-01 3.032752e-01
    outer loop
      vertex 4.000000e+00 2.142734e+00 2.309401e+00
      vertex 3.463994e+00 2.500000e+00 2.000187e+00
      vertex 2.981647e+00 2.409078e+00 2.897348e+00
    endloop
  endfacet
  facet normal 4.630852e-01 8.643778e-01 1.959673e-01
    outer loop
      vertex 4.000000e+00 2.408506e+00 1.137130e+00
      vertex 3.463994e+00 2.500000e+00 2.000187e+00
      vertex 4.000000e+00 2.142734e+00 2.309401e+00
    endloop
  endfacet
  facet normal 0.000000e+00 1.000000e+00 0.000000e+00
    outer loop
      vertex 2.256229e+00 2.500000e+00 1.291920e+00
      vertex 2.000000e+00 2.500000e+00 3.464102e+00
      vertex 2.828351e+00 2.500000e+00 2.828504e+00
    endloop
  endfacet
  facet normal 3.187492e-01 8.519568e-01 4.154137e-01
    outer loop
      vertex 2.981647e+00 2.409078e+00 2.897348e+00
      vertex 2.828351e+00 2.500000e+00 2.828504e+00
      vertex 2.000000e+00 2.500000e+00 3.464102e+00
    endloop
  endfacet
  facet normal 0.000000e+00 1.000000e+00 0.000000e+00
    outer loop
      vertex 2.600000e+00 2.500000e+00 0.000000e+00
      vertex 2.828351e+00 2.500000e+00 2.828504e+00
      vertex 2.828351e+00 2.500000e+00 -2.828504e+00
    endloop
  endfacet
  facet normal 0.000000e+00 1.000000e+00 0.000000e+00
    outer loop
      vertex 2.447578e+00 2.500000e+00 8.769162e-01
      vertex 2.256229e+00 2.500000e+00 1.291920e+00
      vertex 2.828351e+00 2.500000e+00 2.828504e+00
    endloop
  endfacet
  facet normal 0.000000e+00 1.000000e+00 0.000000e+00
    outer loop
      vertex 2.600000e+00 2.500000e+00 0.000000e+00
      vertex 2.447578e+00 2.500000e+00 8.769162e-01
      vertex 2.828351e+00 2.500000e+00 2.828504e+00
    endloop
  endfacet
  facet normal 0.000000e+00 1.000000e+00 0.000000e+00
    outer loop
      vertex 1.303270e+00 2.500000e+00 2.249758e+00
      vertex 1.035380e+00 2.500000e+00 3.863675e+00
      vertex 2.000000e+00 2.500000e+00 3.464102e+00
    endloop
  endfacet
  facet normal 2.003657e-01 8.519865e-01 4.837071e-01
    outer loop
      vertex 1.018481e+00 2.409101e+00 4.030782e+00
      vertex 2.000000e+00 2.500000e+00 3.464102e+00
      vertex 1.035380e+00 2.500000e+00 3.863675e+00
    endloop
  endfacet
  facet normal 0.000000e+00 1.000000e+00 0.000000e+00
    outer loop
      vertex 1.995050e+00 2.500000e+00 1.667214e+00
      vertex 1.303270e+00 2.500000e+00 2.249758e+00
      vertex 2.000000e+00 2.500000e+00 3.464102e+00
    endloop
  endfacet
  facet normal 0.000000e+00 1.000000e+00 0.000000e+00
    outer loop
      vertex 2.256229e+00 2.500000e+00 1.291920e+00
      vertex 1.995050e+00 2.500000e+00 1.667214e+00
      vertex 2.000000e+00 2.500000e+00 3.464102e+00
    endloop
  endfacet
  facet normal 5.000000e-01 -2.632443e-11 8.660254e-01
    outer loop
      vertex 2.981647e+00 2.409078e+00 2.897348e+00
      vertex 2.000000e+00 2.500000e+00 3.464102e+00
      vertex 1.018481e+00 2.409101e+00 4.030782e+00
    endloop
  endfacet
  facet normal 0.000000e+00 1.000000e+00 0.000000e+00
    outer loop
      vertex 4.523893e-01 2.500000e+00 2.560331e+00
      vertex -3.634922e-11 2.500000e+00 4.000000e+00
      vertex 1.035380e+00 2.500000e+00 3.863675e+00
    endloop
  endfacet
  facet normal 6.343922e-02 8.739716e-01 4.818185e-01
    outer loop
      vertex 1.018481e+00 2.409101e+00 4.030782e+00
      vertex 1.035380e+00 2.500000e+00 3.863675e+00
      vertex -3.634922e-11 2.500000e+00 4.000000e+00
    endloop
  endfacet
  facet normal 0.000000e+00 1.000000e+00 0.000000e+00
    outer loop
      vertex 1.303270e+00 2.500000e+00 2.249758e+00
      vertex 4.523893e-01 2.500000e+00 2.560331e+00
      vertex 1.035380e+00 2.500000e+00 3.863675e+00
    endloop
  endfacet
  facet normal 0.000000e+00 1.000000e+00 0.000000e+00
    outer loop
      vertex -4.527211e-01 2.500000e+00 2.560272e+00
      vertex -1.035380e+00 2.500000e+00 3.863675e+00
      vertex -3.634922e-11 2.500000e+00 4.000000e+00
    endloop
  endfacet
  facet normal -6.569092e-02 8.641548e-01 4.989200e-01
    outer loop
      vertex -8.881784e-16 2.142734e+00 4.618802e+00
      vertex -3.634922e-11 2.500000e+00 4.000000e+00
      vertex -1.035380e+00 2.500000e+00 3.863675e+00
    endloop
  endfacet
  facet normal 0.000000e+00 1.000000e+00 0.000000e+00
    outer loop
      vertex 4.523893e-01 2.500000e+00 2.560331e+00
      vertex -4.527211e-01 2.500000e+00 2.560272e+00
      vertex -3.634922e-11 2.500000e+00 4.000000e+00
    endloop
  endfacet
  facet normal 6.206065e-02 8.643560e-01 4.990362e-01
    outer loop
      vertex 1.018481e+00 2.409101e+00 4.030782e+00
      vertex -3.634922e-11 2.500000e+00 4.000000e+00
      vertex -8.881784e-16 2.142734e+00 4.618802e+00
    endloop
  endfacet
  facet normal 0.000000e+00 1.000000e+00 0.000000e+00
    outer loop
      vertex -1.995289e+00 2.500000e+00 1.666926e+00
      vertex -2.000000e+00 2.500000e+00 3.464102e+00
      vertex -1.035380e+00 2.500000e+00 3.863675e+00
    endloop
  endfacet
  facet normal -2.003842e-01 8.519568e-01 4.837518e-01
    outer loop
      vertex -1.018353e+00 2.409078e+00 4.030856e+00
      vertex -1.035380e+00 2.500000e+00 3.863675e+00
      vertex -2.000000e+00 2.500000e+00 3.464102e+00
    endloop
  endfacet
  facet normal 0.000000e+00 1.000000e+00 0.000000e+00
    outer loop
      vertex -1.303549e+00 2.500000e+00 2.249598e+00
      vertex -1.995289e+00 2.500000e+00 1.666926e+00
      vertex -1.035380e+00 2.500000e+00 3.863675e+00
    endloop
  endfacet
  facet normal 0.000000e+00 1.000000e+00 0.000000e+00
    outer loop
      vertex -4.527211e-01 2.500000e+00 2.560272e+00
      vertex -1.303549e+00 2.500000e+00 2.249598e+00
      vertex -1.035380e+00 2.500000e+00 3.863675e+00
    endloop
  endfacet
  facet normal -4.878284e-02 8.753452e-01 4.810312e-01
    outer loop
      vertex -8.881784e-16 2.142734e+00 4.618802e+00
      vertex -1.035380e+00 2.500000e+00 3.863675e+00
      vertex -1.018353e+00 2.409078e+00 4.030856e+00
    endloop
  endfacet
  facet normal 0.000000e+00 1.000000e+00 0.000000e+00
    outer loop
      vertex -2.828351e+00 2.500000e+00 2.828504e+00
      vertex -2.000000e+00 2.500000e+00 3.464102e+00
      vertex -2.447696e+00 2.500000e+00 8.765838e-01
    endloop
  endfacet
  facet normal -3.187198e-01 8.519865e-01 4.153753e-01
    outer loop
      vertex -2.981519e+00 2.409101e+00 2.897421e+00
      vertex -2.000000e+00 2.500000e+00 3.464102e+00
      vertex -2.828351e+00 2.500000e+00 2.828504e+00
    endloop
  endfacet
  facet normal 0.000000e+00 1.000000e+00 0.000000e+00
    outer loop
      vertex -2.447696e+00 2.500000e+00 8.765838e-01
      vertex -2.600000e+00 2.500000e+00 -1.413691e-15
      vertex -2.828351e+00 2.500000e+00 2.828504e+00
    endloop
  endfacet
  facet normal 0.000000e+00 1.000000e+00 0.000000e+00
    outer loop
      vertex -2.256436e+00 2.500000e+00 1.291558e+00
      vertex -2.447696e+00 2.500000e+00 8.765838e-01
      vertex -2.000000e+00 2.500000e+00 3.464102e+00
    endloop
  endfacet
  facet normal 0.000000e+00 1.000000e+00 0.000000e+00
    outer loop
      vertex -1.995289e+00 2.500000e+00 1.666926e+00
      vertex -2.256436e+00 2.500000e+00 1.291558e+00
      vertex -2.000000e+00 2.500000e+00 3.464102e+00
    endloop
  endfacet
  facet normal -5.000000e-01 -2.107613e-11 8.660254e-01
    outer loop
      vertex -1.018353e+00 2.409078e+00 4.030856e+00
      vertex -2.000000e+00 2.500000e+00 3.464102e+00
      vertex -2.981519e+00 2.409101e+00 2.897421e+00
    endloop
  endfacet
  facet normal 0.000000e+00 1.000000e+00 0.000000e+00
    outer loop
      vertex -3.463994e+00 2.500000e+00 -2.000187e+00
      vertex -3.463994e+00 2.500000e+00 2.000187e+00
      vertex -2.828351e+00 2.500000e+00 2.828504e+00
    endloop
  endfacet
  facet normal -3.855413e-01 8.739703e-01 2.958610e-01
    outer loop
      vertex -2.981519e+00 2.409101e+00 2.897421e+00
      vertex -2.828351e+00 2.500000e+00 2.828504e+00
      vertex -3.463994e+00 2.500000e+00 2.000187e+00
    endloop
  endfacet
  facet normal 0.000000e+00 1.000000e+00 0.000000e+00
    outer loop
      vertex -2.828351e+00 2.500000e+00 -2.828504e+00
      vertex -3.463994e+00 2.500000e+00 -2.000187e+00
      vertex -2.828351e+00 2.500000e+00 2.828504e+00
    endloop
  endfacet
  facet normal 0.000000e+00 1.000000e+00 0.000000e+00
    outer loop
      vertex -2.600000e+00 2.500000e+00 -1.413691e-15
      vertex -2.828351e+00 2.500000e+00 -2.828504e+00
      vertex -2.828351e+00 2.500000e+00 2.828504e+00
    endloop
  endfacet
  facet normal 0.000000e+00 1.000000e+00 0.000000e+00
    outer loop
      vertex -3.863647e+00 2.500000e+00 -1.035485e+00
      vertex -3.863647e+00 2.500000e+00 1.035485e+00
      vertex -3.463994e+00 2.500000e+00 2.000187e+00
    endloop
  endfacet
  facet normal -4.648908e-01 8.641668e-01 1.925935e-01
    outer loop
      vertex -4.000000e+00 2.142734e+00 2.309401e+00
      vertex -3.463994e+00 2.500000e+00 2.000187e+00
      vertex -3.863647e+00 2.500000e+00 1.035485e+00
    endloop
  endfacet
  facet normal 0.000000e+00 1.000000e+00 0.000000e+00
    outer loop
      vertex -3.463994e+00 2.500000e+00 -2.000187e+00
      vertex -3.863647e+00 2.500000e+00 -1.035485e+00
      vertex -3.463994e+00 2.500000e+00 2.000187e+00
    endloop
  endfacet
  facet normal -4.011556e-01 8.643460e-01 3.032824e-01
    outer loop
      vertex -2.981519e+00 2.409101e+00 2.897421e+00
      vertex -3.463994e+00 2.500000e+00 2.000187e+00
      vertex -4.000000e+00 2.142734e+00 2.309401e+00
    endloop
  endfacet
  facet normal 0.000000e+00 1.000000e+00 0.000000e+00
    outer loop
      vertex -3.863647e+00 2.500000e+00 -1.035485e+00
      vertex -4.000000e+00 2.500000e+00 -4.988545e-22
      vertex -3.863647e+00 2.500000e+00 1.035485e+00
    endloop
  endfacet
  facet normal -5.216365e-01 8.503982e-01 6.868906e-02
    outer loop
      vertex -4.000000e+00 2.407782e+00 1.141690e+00
      vertex -3.863647e+00 2.500000e+00 1.035485e+00
      vertex -4.000000e+00 2.500000e+00 -4.988545e-22
    endloop
  endfacet
  facet normal -4.379331e-01 8.767071e-01 1.989958e-01
    outer loop
      vertex -4.000000e+00 2.407782e+00 1.141690e+00
      vertex -4.000000e+00 2.142734e+00 2.309401e+00
      vertex -3.863647e+00 2.500000e+00 1.035485e+00
    endloop
  endfacet
  facet normal -5.201767e-01 8.513074e-01 -6.849684e-02
    outer loop
      vertex -4.000000e+00 2.408506e+00 -1.137130e+00
      vertex -4.000000e+00 2.500000e+00 -4.988545e-22
      vertex -3.863647e+00 2.500000e+00 -1.035485e+00
    endloop
  endfacet
  facet normal -1.000000e+00 -5.082200e-11 -1.612876e-14
    outer loop
      vertex -4.000000e+00 2.407782e+00 1.141690e+00
      vertex -4.000000e+00 2.500000e+00 -4.988545e-22
      vertex -4.000000e+00 2.408506e+00 -1.137130e+00
    endloop
  endfacet
  facet normal -4.482832e-01 8.743870e-01 -1.857133e-01
    outer loop
      vertex -4.000000e+00 2.408506e+00 -1.137130e+00
      vertex -3.863647e+00 2.500000e+00 -1.035485e+00
      vertex -3.463994e+00 2.500000e+00 -2.000187e+00
    endloop
  endfacet
  facet normal -3.855155e-01 8.739884e-01 -2.958413e-01
    outer loop
      vertex -2.981647e+00 2.409078e+00 -2.897348e+00
      vertex -3.463994e+00 2.500000e+00 -2.000187e+00
      vertex -2.828351e+00 2.500000e+00 -2.828504e+00
    endloop
  endfacet
  facet normal -4.011600e-01 8.643465e-01 -3.032752e-01
    outer loop
      vertex -4.000000e+00 2.142734e+00 -2.309401e+00
      vertex -3.463994e+00 2.500000e+00 -2.000187e+00
      vertex -2.981647e+00 2.409078e+00 -2.897348e+00
    endloop
  endfacet
  facet normal -4.630852e-01 8.643778e-01 -1.959673e-01
    outer loop
      vertex -4.000000e+00 2.408506e+00 -1.137130e+00
      vertex -3.463994e+00 2.500000e+00 -2.000187e+00
      vertex -4.000000e+00 2.142734e+00 -2.309401e+00
    endloop
  endfacet
  facet normal 0.000000e+00 1.000000e+00 0.000000e+00
    outer loop
      vertex -2.256229e+00 2.500000e+00 -1.291920e+00
      vertex -2.000000e+00 2.500000e+00 -3.464102e+00
      vertex -2.828351e+00 2.500000e+00 -2.828504e+00
    endloop
  endfacet
  facet normal -3.187492e-01 8.519568e-01 -4.154137e-01
    outer loop
      vertex -2.981647e+00 2.409078e+00 -2.897348e+00
      vertex -2.828351e+00 2.500000e+00 -2.828504e+00
      vertex -2.000000e+00 2.500000e+00 -3.464102e+00
    endloop
  endfacet
  facet normal 0.000000e+00 1.000000e+00 0.000000e+00
    outer loop
      vertex -2.447578e+00 2.500000e+00 -8.769162e-01
      vertex -2.828351e+00 2.500000e+00 -2.828504e+00
      vertex -2.600000e+00 2.500000e+00 -1.413691e-15
    endloop
  endfacet
  facet normal 0.000000e+00 1.000000e+00 0.000000e+00
    outer loop
      vertex -2.447578e+00 2.500000e+00 -8.769162e-01
      vertex -2.256229e+00 2.500000e+00 -1.291920e+00
      vertex -2.828351e+00 2.500000e+00 -2.828504e+00
    endloop
  endfacet
  facet normal 0.000000e+00 1.000000e+00 0.000000e+00
    outer loop
      vertex -1.303270e+00 2.500000e+00 -2.249758e+00
      vertex -1.035380e+00 2.500000e+00 -3.863675e+00
      vertex -2.000000e+00 2.500000e+00 -3.464102e+00
    endloop
  endfacet
  facet normal -2.003657e-01 8.519865e-01 -4.837071e-01
    outer loop
      vertex -1.018481e+00 2.409101e+00 -4.030782e+00
      vertex -2.000000e+00 2.500000e+00 -3.464102e+00
      vertex -1.035380e+00 2.500000e+00 -3.863675e+00
    endloop
  endfacet
  facet normal 0.000000e+00 1.000000e+00 0.000000e+00
    outer loop
      vertex -1.995050e+00 2.500000e+00 -1.667214e+00
      vertex -1.303270e+00 2.500000e+00 -2.249758e+00
      vertex -2.000000e+00 2.500000e+00 -3.464102e+00
    endloop
  endfacet
  facet normal 0.000000e+00 1.000000e+00 0.000000e+00
    outer loop
      vertex -2.256229e+00 2.500000e+00 -1.291920e+00
      vertex -1.995050e+00 2.500000e+00 -1.667214e+00
      vertex -2.000000e+00 2.500000e+00 -3.464102e+00
    endloop
  endfacet
  facet normal -5.000000e-01 -2.631796e-11 -8.660254e-01
    outer loop
      vertex -2.981647e+00 2.409078e+00 -2.897348e+00
      vertex -2.000000e+00 2.500000e+00 -3.464102e+00
      vertex -1.018481e+00 2.409101e+00 -4.030782e+00
    endloop
  endfacet
  facet normal 0.000000e+00 1.000000e+00 0.000000e+00
    outer loop
      vertex -4.523893e-01 2.500000e+00 -2.560331e+00
      vertex 3.634912e-11 2.500000e+00 -4.000000e+00
      vertex -1.035380e+00 2.500000e+00 -3.863675e+00
    endloop
  endfacet
  facet normal -6.343922e-02 8.739716e-01 -4.818185e-01
    outer loop
      vertex -1.018481e+00 2.409101e+00 -4.030782e+00
      vertex -1.035380e+00 2.500000e+00 -3.863675e+00
      vertex 3.634912e-11 2.500000e+00 -4.000000e+00
    endloop
  endfacet
  facet normal 0.000000e+00 1.000000e+00 0.000000e+00
    outer loop
      vertex -1.303270e+00 2.500000e+00 -2.249758e+00
      vertex -4.523893e-01 2.500000e+00 -2.560331e+00
      vertex -1.035380e+00 2.500000e+00 -3.863675e+00
    endloop
  endfacet
  facet normal 0.000000e+00 1.000000e+00 0.000000e+00
    outer loop
      vertex 4.527211e-01 2.500000e+00 -2.560272e+00
      vertex 1.035380e+00 2.500000e+00 -3.863675e+00
      vertex 3.634912e-11 2.500000e+00 -4.000000e+00
    endloop
  endfacet
  facet normal 6.569092e-02 8.641548e-01 -4.989200e-01
    outer loop
      vertex 8.881784e-16 2.142734e+00 -4.618802e+00
      vertex 3.634912e-11 2.500000e+00 -4.000000e+00
      vertex 1.035380e+00 2.500000e+00 -3.863675e+00
    endloop
  endfacet
  facet normal 0.000000e+00 1.000000e+00 0.000000e+00
    outer loop
      vertex -4.523893e-01 2.500000e+00 -2.560331e+00
      vertex 4.527211e-01 2.500000e+00 -2.560272e+00
      vertex 3.634912e-11 2.500000e+00 -4.000000e+00
    endloop
  endfacet
  facet normal -6.206065e-02 8.643560e-01 -4.990362e-01
    outer loop
      vertex -1.018481e+00 2.409101e+00 -4.030782e+00
      vertex 3.634912e-11 2.500000e+00 -4.000000e+00
      vertex 8.881784e-16 2.142734e+00 -4.618802e+00
    endloop
  endfacet
  facet normal 0.000000e+00 1.000000e+00 0.000000e+00
    outer loop
      vertex 1.995289e+00 2.500000e+00 -1.666926e+00
      vertex 2.000000e+00 2.500000e+00 -3.464102e+00
      vertex 1.035380e+00 2.500000e+00 -3.863675e+00
    endloop
  endfacet
  facet normal 2.003842e-01 8.519568e-01 -4.837518e-01
    outer loop
      vertex 1.018353e+00 2.409078e+00 -4.030856e+00
      vertex 1.035380e+00 2.500000e+00 -3.863675e+00
      vertex 2.000000e+00 2.500000e+00 -3.464102e+00
    endloop
  endfacet
  facet normal 0.000000e+00 1.000000e+00 0.000000e+00
    outer loop
      vertex 1.303549e+00 2.500000e+00 -2.249598e+00
      vertex 1.995289e+00 2.500000e+00 -1.666926e+00
      vertex 1.035380e+00 2.500000e+00 -3.863675e+00
    endloop
  endfacet
  facet normal 0.000000e+00 1.000000e+00 0.000000e+00
    outer loop
      vertex 4.527211e-01 2.500000e+00 -2.560272e+00
      vertex 1.303549e+00 2.500000e+00 -2.249598e+00
      vertex 1.035380e+00 2.500000e+00 -3.863675e+00
    endloop
  endfacet
  facet normal 4.878284e-02 8.753452e-01 -4.810312e-01
    outer loop
      vertex 8.881784e-16 2.142734e+00 -4.618802e+00
      vertex 1.035380e+00 2.500000e+00 -3.863675e+00
      vertex 1.018353e+00 2.409078e+00 -4.030856e+00
    endloop
  endfacet
  facet normal 0.000000e+00 1.000000e+00 0.000000e+00
    outer loop
      vertex 2.828351e+00 2.500000e+00 -2.828504e+00
      vertex 2.000000e+00 2.500000e+00 -3.464102e+00
      vertex 2.447696e+00 2.500000e+00 -8.765838e-01
    endloop
  endfacet
  facet normal 3.187198e-01 8.519865e-01 -4.153753e-01
    outer loop
      vertex 2.981519e+00 2.409101e+00 -2.897421e+00
      vertex 2.000000e+00 2.500000e+00 -3.464102e+00
      vertex 2.828351e+00 2.500000e+00 -2.828504e+00
    endloop
  endfacet
  facet normal 0.000000e+00 1.000000e+00 0.000000e+00
    outer loop
      vertex 2.447696e+00 2.500000e+00 -8.765838e-01
      vertex 2.600000e+00 2.500000e+00 0.000000e+00
      vertex 2.828351e+00 2.500000e+00 -2.828504e+00
    endloop
  endfacet
  facet normal 0.000000e+00 1.000000e+00 0.000000e+00
    outer loop
      vertex 2.256436e+00 2.500000e+00 -1.291558e+00
      vertex 2.447696e+00 2.500000e+00 -8.765838e-01
      vertex 2.000000e+00 2.500000e+00 -3.464102e+00
    endloop
  endfacet
  facet normal 0.000000e+00 1.000000e+00 0.000000e+00
    outer loop
      vertex 1.995289e+00 2.500000e+00 -1.666926e+00
      vertex 2.256436e+00 2.500000e+00 -1.291558e+00
      vertex 2.000000e+00 2.500000e+00 -3.464102e+00
    endloop
  endfacet
  facet normal 5.000000e-01 -2.108044e-11 -8.660254e-01
    outer loop
      vertex 1.018353e+00 2.409078e+00 -4.030856e+00
      vertex 2.000000e+00 2.500000e+00 -3.464102e+00
      vertex 2.981519e+00 2.409101e+00 -2.897421e+00
    endloop
  endfacet
  facet normal 3.855413e-01 8.739703e-01 -2.958610e-01
    outer loop
      vertex 2.981519e+00 2.409101e+00 -2.897421e+00
      vertex 2.828351e+00 2.500000e+00 -2.828504e+00
      vertex 3.463994e+00 2.500000e+00 -2.000187e+00
    endloop
  endfacet
  facet normal 4.648908e-01 8.641668e-01 -1.925935e-01
    outer loop
      vertex 4.000000e+00 2.142734e+00 -2.309401e+00
      vertex 3.463994e+00 2.500000e+00 -2.000187e+00
      vertex 3.863647e+00 2.500000e+00 -1.035485e+00
    endloop
  endfacet
  facet normal 4.011556e-01 8.643460e-01 -3.032824e-01
    outer loop
      vertex 2.981519e+00 2.409101e+00 -2.897421e+00
      vertex 3.463994e+00 2.500000e+00 -2.000187e+00
      vertex 4.000000e+00 2.142734e+00 -2.309401e+00
    endloop
  endfacet
  facet normal 4.379331e-01 8.767071e-01 -1.989958e-01
    outer loop
      vertex 4.000000e+00 2.142734e+00 -2.309401e+00
      vertex 3.863647e+00 2.500000e+00 -1.035485e+00
      vertex 4.000000e+00 2.407782e+00 -1.141690e+00
    endloop
  endfacet
  facet normal 4.981239e-01 8.627758e-01 -8.654755e-02
    outer loop
      vertex -2.100000e+00 2.211325e+00 -2.571673e-16
      vertex -2.600000e+00 2.500000e+00 -1.413691e-15
      vertex -2.447696e+00 2.500000e+00 8.765838e-01
    endloop
  endfacet
  facet normal 5.220651e-01 8.480647e-01 9.074314e-02
    outer loop
      vertex -2.061485e+00 2.211330e+00 -4.003518e-01
      vertex -2.447578e+00 2.500000e+00 -8.769162e-01
      vertex -2.600000e+00 2.500000e+00 -1.413691e-15
    endloop
  endfacet
  facet normal 4.994223e-01 8.650248e-01 4.805730e-02
    outer loop
      vertex -2.061485e+00 2.211330e+00 -4.003518e-01
      vertex -2.600000e+00 2.500000e+00 -1.413691e-15
      vertex -2.100000e+00 2.211325e+00 -2.571673e-16
    endloop
  endfacet
  facet normal 4.596666e-01 8.624515e-01 -2.118587e-01
    outer loop
      vertex -1.943953e+00 2.211325e+00 7.943844e-01
      vertex -2.447696e+00 2.500000e+00 8.765838e-01
      vertex -2.256436e+00 2.500000e+00 1.291558e+00
    endloop
  endfacet
  facet normal 5.548187e-01 8.302589e-01 -5.335119e-02
    outer loop
      vertex -2.061530e+00 2.211328e+00 4.001172e-01
      vertex -2.100000e+00 2.211325e+00 -2.571673e-16
      vertex -2.447696e+00 2.500000e+00 8.765838e-01
    endloop
  endfacet
  facet normal 4.747097e-01 8.686841e-01 -1.415580e-01
    outer loop
      vertex -2.061530e+00 2.211328e+00 4.001172e-01
      vertex -2.447696e+00 2.500000e+00 8.765838e-01
      vertex -1.943953e+00 2.211325e+00 7.943844e-01
    endloop
  endfacet
  facet normal 4.164435e-01 8.617626e-01 -2.897240e-01
    outer loop
      vertex -1.749467e+00 2.211325e+00 1.161622e+00
      vertex -2.256436e+00 2.500000e+00 1.291558e+00
      vertex -1.995289e+00 2.500000e+00 1.666926e+00
    endloop
  endfacet
  facet normal 4.360719e-01 8.697746e-01 -2.309404e-01
    outer loop
      vertex -1.943953e+00 2.211325e+00 7.943844e-01
      vertex -2.256436e+00 2.500000e+00 1.291558e+00
      vertex -1.749467e+00 2.211325e+00 1.161622e+00
    endloop
  endfacet
  facet normal 3.380582e-01 8.512606e-01 -4.013378e-01
    outer loop
      vertex -1.487440e+00 2.211325e+00 1.482404e+00
      vertex -1.995289e+00 2.500000e+00 1.666926e+00
      vertex -1.303549e+00 2.500000e+00 2.249598e+00
    endloop
  endfacet
  facet normal 3.814730e-01 8.702776e-01 -3.116012e-01
    outer loop
      vertex -1.749467e+00 2.211325e+00 1.161622e+00
      vertex -1.995289e+00 2.500000e+00 1.666926e+00
      vertex -1.487440e+00 2.211325e+00 1.482404e+00
    endloop
  endfacet
  facet normal 1.816769e-01 8.481973e-01 -4.975488e-01
    outer loop
      vertex -8.062074e-01 2.211325e+00 1.939080e+00
      vertex -1.303549e+00 2.500000e+00 2.249598e+00
      vertex -4.527211e-01 2.500000e+00 2.560272e+00
    endloop
  endfacet
  facet normal 2.332868e-01 8.697315e-01 -4.349073e-01
    outer loop
      vertex -1.169521e+00 2.211325e+00 1.744196e+00
      vertex -1.303549e+00 2.500000e+00 2.249598e+00
      vertex -8.062074e-01 2.211325e+00 1.939080e+00
    endloop
  endfacet
  facet normal 3.299597e-01 8.547305e-01 -4.007023e-01
    outer loop
      vertex -1.487440e+00 2.211325e+00 1.482404e+00
      vertex -1.303549e+00 2.500000e+00 2.249598e+00
      vertex -1.169521e+00 2.211325e+00 1.744196e+00
    endloop
  endfacet
  facet normal 3.455310e-05 8.471812e-01 -5.313040e-01
    outer loop
      vertex -1.819830e-04 2.211325e+00 2.100000e+00
      vertex -4.527211e-01 2.500000e+00 2.560272e+00
      vertex 4.523893e-01 2.500000e+00 2.560331e+00
    endloop
  endfacet
  facet normal 4.899544e-02 8.671254e-01 -4.956743e-01
    outer loop
      vertex -4.109577e-01 2.211325e+00 2.059396e+00
      vertex -4.527211e-01 2.500000e+00 2.560272e+00
      vertex -1.819830e-04 2.211325e+00 2.100000e+00
    endloop
  endfacet
  facet normal 1.475214e-01 8.621963e-01 -4.846183e-01
    outer loop
      vertex -8.062074e-01 2.211325e+00 1.939080e+00
      vertex -4.527211e-01 2.500000e+00 2.560272e+00
      vertex -4.109577e-01 2.211325e+00 2.059396e+00
    endloop
  endfacet
  facet normal -1.754137e-01 8.592263e-01 -4.805831e-01
    outer loop
      vertex 4.105947e-01 2.211325e+00 2.059469e+00
      vertex 4.523893e-01 2.500000e+00 2.560331e+00
      vertex 1.303270e+00 2.500000e+00 2.249758e+00
    endloop
  endfacet
  facet normal -4.890928e-02 8.671214e-01 -4.956898e-01
    outer loop
      vertex -1.819830e-04 2.211325e+00 2.100000e+00
      vertex 4.523893e-01 2.500000e+00 2.560331e+00
      vertex 4.105947e-01 2.211325e+00 2.059469e+00
    endloop
  endfacet
  facet normal -3.356107e-01 8.535392e-01 -3.985427e-01
    outer loop
      vertex 1.169234e+00 2.211325e+00 1.744389e+00
      vertex 1.303270e+00 2.500000e+00 2.249758e+00
      vertex 1.995050e+00 2.500000e+00 1.667214e+00
    endloop
  endfacet
  facet normal -2.332144e-01 8.697300e-01 -4.349491e-01
    outer loop
      vertex 8.058691e-01 2.211325e+00 1.939220e+00
      vertex 1.303270e+00 2.500000e+00 2.249758e+00
      vertex 1.169234e+00 2.211325e+00 1.744389e+00
    endloop
  endfacet
  facet normal -1.591846e-01 8.371729e-01 -5.232607e-01
    outer loop
      vertex 4.105947e-01 2.211325e+00 2.059469e+00
      vertex 1.303270e+00 2.500000e+00 2.249758e+00
      vertex 8.058691e-01 2.211325e+00 1.939220e+00
    endloop
  endfacet
  facet normal -4.163999e-01 8.617629e-01 -2.897860e-01
    outer loop
      vertex 1.749236e+00 2.211325e+00 1.161970e+00
      vertex 1.995050e+00 2.500000e+00 1.667214e+00
      vertex 2.256229e+00 2.500000e+00 1.291920e+00
    endloop
  endfacet
  facet normal -3.814150e-01 8.702776e-01 -3.116720e-01
    outer loop
      vertex 1.487183e+00 2.211324e+00 1.482662e+00
      vertex 1.995050e+00 2.500000e+00 1.667214e+00
      vertex 1.749236e+00 2.211325e+00 1.161970e+00
    endloop
  endfacet
  facet normal -3.350730e-01 8.497256e-01 -4.070534e-01
    outer loop
      vertex 1.169234e+00 2.211325e+00 1.744389e+00
      vertex 1.995050e+00 2.500000e+00 1.667214e+00
      vertex 1.487183e+00 2.211324e+00 1.482662e+00
    endloop
  endfacet
  facet normal -4.596388e-01 8.624490e-01 -2.119290e-01
    outer loop
      vertex 1.943804e+00 2.211325e+00 7.947494e-01
      vertex 2.256229e+00 2.500000e+00 1.291920e+00
      vertex 2.447578e+00 2.500000e+00 8.769162e-01
    endloop
  endfacet
  facet normal -4.360245e-01 8.697764e-01 -2.310230e-01
    outer loop
      vertex 1.749236e+00 2.211325e+00 1.161970e+00
      vertex 2.256229e+00 2.500000e+00 1.291920e+00
      vertex 1.943804e+00 2.211325e+00 7.947494e-01
    endloop
  endfacet
  facet normal -5.220651e-01 8.480647e-01 -9.074314e-02
    outer loop
      vertex 2.061485e+00 2.211330e+00 4.003518e-01
      vertex 2.447578e+00 2.500000e+00 8.769162e-01
      vertex 2.600000e+00 2.500000e+00 0.000000e+00
    endloop
  endfacet
  facet normal -4.746813e-01 8.686888e-01 -1.416243e-01
    outer loop
      vertex 1.943804e+00 2.211325e+00 7.947494e-01
      vertex 2.447578e+00 2.500000e+00 8.769162e-01
      vertex 2.061485e+00 2.211330e+00 4.003518e-01
    endloop
  endfacet
  facet normal -4.981239e-01 8.627758e-01 8.654755e-02
    outer loop
      vertex 2.100000e+00 2.211325e+00 0.000000e+00
      vertex 2.600000e+00 2.500000e+00 0.000000e+00
      vertex 2.447696e+00 2.500000e+00 -8.765838e-01
    endloop
  endfacet
  facet normal -4.994223e-01 8.650248e-01 -4.805730e-02
    outer loop
      vertex 2.061485e+00 2.211330e+00 4.003518e-01
      vertex 2.600000e+00 2.500000e+00 0.000000e+00
      vertex 2.100000e+00 2.211325e+00 0.000000e+00
    endloop
  endfacet
  facet normal -4.596666e-01 8.624515e-01 2.118587e-01
    outer loop
      vertex 1.943953e+00 2.211325e+00 -7.943844e-01
      vertex 2.447696e+00 2.500000e+00 -8.765838e-01
      vertex 2.256436e+00 2.500000e+00 -1.291558e+00
    endloop
  endfacet
  facet normal -4.747097e-01 8.686841e-01 1.415580e-01
    outer loop
      vertex 2.061530e+00 2.211328e+00 -4.001172e-01
      vertex 2.447696e+00 2.500000e+00 -8.765838e-01
      vertex 1.943953e+00 2.211325e+00 -7.943844e-01
    endloop
  endfacet
  facet normal -5.548187e-01 8.302589e-01 5.335119e-02
    outer loop
      vertex 2.100000e+00 2.211325e+00 0.000000e+00
      vertex 2.447696e+00 2.500000e+00 -8.765838e-01
      vertex 2.061530e+00 2.211328e+00 -4.001172e-01
    endloop
  endfacet
  facet normal -4.164435e-01 8.617626e-01 2.897240e-01
    outer loop
      vertex 1.749467e+00 2.211325e+00 -1.161622e+00
      vertex 2.256436e+00 2.500000e+00 -1.291558e+00
      vertex 1.995289e+00 2.500000e+00 -1.666926e+00
    endloop
  endfacet
  facet normal -4.360719e-01 8.697746e-01 2.309404e-01
    outer loop
      vertex 1.943953e+00 2.211325e+00 -7.943844e-01
      vertex 2.256436e+00 2.500000e+00 -1.291558e+00
      vertex 1.749467e+00 2.211325e+00 -1.161622e+00
    endloop
  endfacet
  facet normal -3.380582e-01 8.512606e-01 4.013378e-01
    outer loop
      vertex 1.487440e+00 2.211325e+00 -1.482404e+00
      vertex 1.995289e+00 2.500000e+00 -1.666926e+00
      vertex 1.303549e+00 2.500000e+00 -2.249598e+00
    endloop
  endfacet
  facet normal -3.814730e-01 8.702776e-01 3.116012e-01
    outer loop
      vertex 1.749467e+00 2.211325e+00 -1.161622e+00
      vertex 1.995289e+00 2.500000e+00 -1.666926e+00
      vertex 1.487440e+00 2.211325e+00 -1.482404e+00
    endloop
  endfacet
  facet normal -1.816769e-01 8.481973e-01 4.975488e-01
    outer loop
      vertex 8.062074e-01 2.211325e+00 -1.939080e+00
      vertex 1.303549e+00 2.500000e+00 -2.249598e+00
      vertex 4.527211e-01 2.500000e+00 -2.560272e+00
    endloop
  endfacet
  facet normal -2.332868e-01 8.697315e-01 4.349073e-01
    outer loop
      vertex 1.169521e+00 2.211325e+00 -1.744196e+00
      vertex 1.303549e+00 2.500000e+00 -2.249598e+00
      vertex 8.062074e-01 2.211325e+00 -1.939080e+00
    endloop
  endfacet
  facet normal -3.299597e-01 8.547305e-01 4.007023e-01
    outer loop
      vertex 1.487440e+00 2.211325e+00 -1.482404e+00
      vertex 1.303549e+00 2.500000e+00 -2.249598e+00
      vertex 1.169521e+00 2.211325e+00 -1.744196e+00
    endloop
  endfacet
  facet normal -3.455310e-05 8.471812e-01 5.313040e-01
    outer loop
      vertex 1.819830e-04 2.211325e+00 -2.100000e+00
      vertex 4.527211e-01 2.500000e+00 -2.560272e+00
      vertex -4.523893e-01 2.500000e+00 -2.560331e+00
    endloop
  endfacet
  facet normal -4.899544e-02 8.671254e-01 4.956743e-01
    outer loop
      vertex 4.109577e-01 2.211325e+00 -2.059396e+00
      vertex 4.527211e-01 2.500000e+00 -2.560272e+00
      vertex 1.819830e-04 2.211325e+00 -2.100000e+00
    endloop
  endfacet
  facet normal -1.475214e-01 8.621963e-01 4.846183e-01
    outer loop
      vertex 8.062074e-01 2.211325e+00 -1.939080e+00
      vertex 4.527211e-01 2.500000e+00 -2.560272e+00
      vertex 4.109577e-01 2.211325e+00 -2.059396e+00
    endloop
  endfacet
  facet normal 1.754137e-01 8.592263e-01 4.805831e-01
    outer loop
      vertex -4.105947e-01 2.211325e+00 -2.059469e+00
      vertex -4.523893e-01 2.500000e+00 -2.560331e+00
      vertex -1.303270e+00 2.500000e+00 -2.249758e+00
    endloop
  endfacet
  facet normal 4.890928e-02 8.671214e-01 4.956898e-01
    outer loop
      vertex 1.819830e-04 2.211325e+00 -2.100000e+00
      vertex -4.523893e-01 2.500000e+00 -2.560331e+00
      vertex -4.105947e-01 2.211325e+00 -2.059469e+00
    endloop
  endfacet
  facet normal 3.356107e-01 8.535392e-01 3.985427e-01
    outer loop
      vertex -1.169234e+00 2.211325e+00 -1.744389e+00
      vertex -1.303270e+00 2.500000e+00 -2.249758e+00
      vertex -1.995050e+00 2.500000e+00 -1.667214e+00
    endloop
  endfacet
  facet normal 2.332144e-01 8.697300e-01 4.349491e-01
    outer loop
      vertex -8.058691e-01 2.211325e+00 -1.939220e+00
      vertex -1.303270e+00 2.500000e+00 -2.249758e+00
      vertex -1.169234e+00 2.211325e+00 -1.744389e+00
    endloop
  endfacet
  facet normal 1.591846e-01 8.371729e-01 5.232607e-01
    outer loop
      vertex -4.105947e-01 2.211325e+00 -2.059469e+00
      vertex -1.303270e+00 2.500000e+00 -2.249758e+00
      vertex -8.058691e-01 2.211325e+00 -1.939220e+00
    endloop
  endfacet
  facet normal 4.163999e-01 8.617629e-01 2.897860e-01
    outer loop
      vertex -1.749236e+00 2.211325e+00 -1.161970e+00
      vertex -1.995050e+00 2.500000e+00 -1.667214e+00
      vertex -2.256229e+00 2.500000e+00 -1.291920e+00
    endloop
  endfacet
  facet normal 3.814150e-01 8.702776e-01 3.116720e-01
    outer loop
      vertex -1.487183e+00 2.211324e+00 -1.482662e+00
      vertex -1.995050e+00 2.500000e+00 -1.667214e+00
      vertex -1.749236e+00 2.211325e+00 -1.161970e+00
    endloop
  endfacet
  facet normal 3.350730e-01 8.497256e-01 4.070534e-01
    outer loop
      vertex -1.169234e+00 2.211325e+00 -1.744389e+00
      vertex -1.995050e+00 2.500000e+00 -1.667214e+00
      vertex -1.487183e+00 2.211324e+00 -1.482662e+00
    endloop
  endfacet
  facet normal 4.596388e-01 8.624490e-01 2.119290e-01
    outer loop
      vertex -1.943804e+00 2.211325e+00 -7.947494e-01
      vertex -2.256229e+00 2.500000e+00 -1.291920e+00
      vertex -2.447578e+00 2.500000e+00 -8.769162e-01
    endloop
  endfacet
  facet normal 4.360245e-01 8.697764e-01 2.310230e-01
    outer loop
      vertex -1.749236e+00 2.211325e+00 -1.161970e+00
      vertex -2.256229e+00 2.500000e+00 -1.291920e+00
      vertex -1.943804e+00 2.211325e+00 -7.947494e-01
    endloop
  endfacet
  facet normal 4.746813e-01 8.686888e-01 1.416243e-01
    outer loop
      vertex -1.943804e+00 2.211325e+00 -7.947494e-01
      vertex -2.447578e+00 2.500000e+00 -8.769162e-01
      vertex -2.061485e+00 2.211330e+00 -4.003518e-01
    endloop
  endfacet
  facet normal -5.000000e-01 0.000000e+00 8.660254e-01
    outer loop
      vertex -1.018353e+00 2.409078e+00 4.030856e+00
      vertex -2.981519e+00 2.409101e+00 2.897421e+00
      vertex -4.000000e+00 2.142734e+00 2.309401e+00
    endloop
  endfacet
  facet normal -5.000000e-01 -1.082979e-15 8.660254e-01
    outer loop
      vertex -8.881784e-16 2.142734e+00 4.618802e+00
      vertex -1.018353e+00 2.409078e+00 4.030856e+00
      vertex -4.000000e+00 2.142734e+00 2.309401e+00
    endloop
  endfacet
  facet normal -5.000000e-01 0.000000e+00 8.660254e-01
    outer loop
      vertex -4.000000e+00 -2.142734e+00 2.309401e+00
      vertex -8.881784e-16 2.142734e+00 4.618802e+00
      vertex -4.000000e+00 2.142734e+00 2.309401e+00
    endloop
  endfacet
  facet normal -1.000000e+00 0.000000e+00 -1.922963e-16
    outer loop
      vertex -4.000000e+00 -2.142734e+00 -2.309401e+00
      vertex -4.000000e+00 -2.142734e+00 2.309401e+00
      vertex -4.000000e+00 2.142734e+00 2.309401e+00
    endloop
  endfacet
  facet normal -1.000000e+00 0.000000e+00 -1.922963e-16
    outer loop
      vertex -4.000000e+00 -2.142734e+00 -2.309401e+00
      vertex -4.000000e+00 2.142734e+00 2.309401e+00
      vertex -4.000000e+00 2.142734e+00 -2.309401e+00
    endloop
  endfacet
  facet normal -1.000000e+00 -8.471914e-16 -1.922963e-16
    outer loop
      vertex -4.000000e+00 2.407782e+00 1.141690e+00
      vertex -4.000000e+00 2.142734e+00 -2.309401e+00
      vertex -4.000000e+00 2.142734e+00 2.309401e+00
    endloop
  endfacet
  facet normal -5.000000e-01 0.000000e+00 8.660254e-01
    outer loop
      vertex -4.000000e+00 -2.142734e+00 2.309401e+00
      vertex -8.881784e-16 -2.142734e+00 4.618802e+00
      vertex -8.881784e-16 2.142734e+00 4.618802e+00
    endloop
  endfacet
  facet normal 5.000000e-01 0.000000e+00 8.660254e-01
    outer loop
      vertex 4.000000e+00 2.142734e+00 2.309401e+00
      vertex -8.881784e-16 2.142734e+00 4.618802e+00
      vertex -8.881784e-16 -2.142734e+00 4.618802e+00
    endloop
  endfacet
  facet normal 5.000000e-01 -7.354344e-15 8.660254e-01
    outer loop
      vertex 2.981647e+00 2.409078e+00 2.897348e+00
      vertex 1.018481e+00 2.409101e+00 4.030782e+00
      vertex -8.881784e-16 2.142734e+00 4.618802e+00
    endloop
  endfacet
  facet normal 5.000000e-01 -7.219862e-16 8.660254e-01
    outer loop
      vertex 4.000000e+00 2.142734e+00 2.309401e+00
      vertex 2.981647e+00 2.409078e+00 2.897348e+00
      vertex -8.881784e-16 2.142734e+00 4.618802e+00
    endloop
  endfacet
  facet normal -5.000000e-01 7.355660e-16 8.660254e-01
    outer loop
      vertex -2.981519e+00 -2.409101e+00 2.897421e+00
      vertex -1.018353e+00 -2.409078e+00 4.030856e+00
      vertex -8.881784e-16 -2.142734e+00 4.618802e+00
    endloop
  endfacet
  facet normal -5.000000e-01 1.082884e-15 8.660254e-01
    outer loop
      vertex -4.000000e+00 -2.142734e+00 2.309401e+00
      vertex -2.981519e+00 -2.409101e+00 2.897421e+00
      vertex -8.881784e-16 -2.142734e+00 4.618802e+00
    endloop
  endfacet
  facet normal 5.000000e-01 0.000000e+00 8.660254e-01
    outer loop
      vertex 4.000000e+00 -2.142734e+00 2.309401e+00
      vertex 4.000000e+00 2.142734e+00 2.309401e+00
      vertex -8.881784e-16 -2.142734e+00 4.618802e+00
    endloop
  endfacet
  facet normal 5.000000e-01 1.985288e-15 8.660254e-01
    outer loop
      vertex 1.018481e+00 -2.409101e+00 4.030782e+00
      vertex 4.000000e+00 -2.142734e+00 2.309401e+00
      vertex -8.881784e-16 -2.142734e+00 4.618802e+00
    endloop
  endfacet
  facet normal -1.000000e+00 2.493705e-15 -1.922963e-16
    outer loop
      vertex -4.000000e+00 -2.408506e+00 -1.137130e+00
      vertex -4.000000e+00 -2.142734e+00 2.309401e+00
      vertex -4.000000e+00 -2.142734e+00 -2.309401e+00
    endloop
  endfacet
  facet normal -1.000000e+00 0.000000e+00 0.000000e+00
    outer loop
      vertex -4.000000e+00 -2.408506e+00 -1.137130e+00
      vertex -4.000000e+00 -2.407782e+00 1.141690e+00
      vertex -4.000000e+00 -2.142734e+00 2.309401e+00
    endloop
  endfacet
  facet normal 1.000000e+00 0.000000e+00 1.922963e-16
    outer loop
      vertex 4.000000e+00 2.142734e+00 -2.309401e+00
      vertex 4.000000e+00 2.142734e+00 2.309401e+00
      vertex 4.000000e+00 -2.142734e+00 2.309401e+00
    endloop
  endfacet
  facet normal 1.000000e+00 -8.471914e-16 1.922963e-16
    outer loop
      vertex 4.000000e+00 2.142734e+00 -2.309401e+00
      vertex 4.000000e+00 2.407782e+00 -1.141690e+00
      vertex 4.000000e+00 2.142734e+00 2.309401e+00
    endloop
  endfacet
  facet normal 1.000000e+00 -3.337219e-15 1.059093e-18
    outer loop
      vertex 4.000000e+00 2.408506e+00 1.137130e+00
      vertex 4.000000e+00 2.142734e+00 2.309401e+00
      vertex 4.000000e+00 2.407782e+00 -1.141690e+00
    endloop
  endfacet
  facet normal 5.000000e-01 0.000000e+00 8.660254e-01
    outer loop
      vertex 1.018481e+00 -2.409101e+00 4.030782e+00
      vertex 2.981647e+00 -2.409078e+00 2.897348e+00
      vertex 4.000000e+00 -2.142734e+00 2.309401e+00
    endloop
  endfacet
  facet normal 1.000000e+00 0.000000e+00 1.922963e-16
    outer loop
      vertex 4.000000e+00 -2.142734e+00 -2.309401e+00
      vertex 4.000000e+00 2.142734e+00 -2.309401e+00
      vertex 4.000000e+00 -2.142734e+00 2.309401e+00
    endloop
  endfacet
  facet normal 1.000000e+00 2.493705e-15 1.922963e-16
    outer loop
      vertex 4.000000e+00 -2.408506e+00 1.137130e+00
      vertex 4.000000e+00 -2.142734e+00 -2.309401e+00
      vertex 4.000000e+00 -2.142734e+00 2.309401e+00
    endloop
  endfacet
  facet normal 5.000000e-01 0.000000e+00 -8.660254e-01
    outer loop
      vertex 8.881784e-16 2.142734e+00 -4.618802e+00
      vertex 4.000000e+00 2.142734e+00 -2.309401e+00
      vertex 4.000000e+00 -2.142734e+00 -2.309401e+00
    endloop
  endfacet
  facet normal 5.000000e-01 -7.354344e-16 -8.660254e-01
    outer loop
      vertex 1.018353e+00 2.409078e+00 -4.030856e+00
      vertex 2.981519e+00 2.409101e+00 -2.897421e+00
      vertex 4.000000e+00 2.142734e+00 -2.309401e+00
    endloop
  endfacet
  facet normal 5.000000e-01 0.000000e+00 -8.660254e-01
    outer loop
      vertex 8.881784e-16 2.142734e+00 -4.618802e+00
      vertex 1.018353e+00 2.409078e+00 -4.030856e+00
      vertex 4.000000e+00 2.142734e+00 -2.309401e+00
    endloop
  endfacet
  facet normal 1.000000e+00 0.000000e+00 0.000000e+00
    outer loop
      vertex 4.000000e+00 -2.408506e+00 1.137130e+00
      vertex 4.000000e+00 -2.407782e+00 -1.141690e+00
      vertex 4.000000e+00 -2.142734e+00 -2.309401e+00
    endloop
  endfacet
  facet normal 5.000000e-01 0.000000e+00 -8.660254e-01
    outer loop
      vertex 8.881784e-16 -2.142734e+00 -4.618802e+00
      vertex 8.881784e-16 2.142734e+00 -4.618802e+00
      vertex 4.000000e+00 -2.142734e+00 -2.309401e+00
    endloop
  endfacet
  facet normal 5.000000e-01 3.609614e-16 -8.660254e-01
    outer loop
      vertex 2.981519e+00 -2.409101e+00 -2.897421e+00
      vertex 8.881784e-16 -2.142734e+00 -4.618802e+00
      vertex 4.000000e+00 -2.142734e+00 -2.309401e+00
    endloop
  endfacet
  facet normal -5.000000e-01 0.000000e+00 -8.660254e-01
    outer loop
      vertex -4.000000e+00 2.142734e+00 -2.309401e+00
      vertex 8.881784e-16 2.142734e+00 -4.618802e+00
      vertex 8.881784e-16 -2.142734e+00 -4.618802e+00
    endloop
  endfacet
  facet normal -5.000000e-01 -4.412607e-15 -8.660254e-01
    outer loop
      vertex -2.981647e+00 2.409078e+00 -2.897348e+00
      vertex -1.018481e+00 2.409101e+00 -4.030782e+00
      vertex 8.881784e-16 2.142734e+00 -4.618802e+00
    endloop
  endfacet
  facet normal -5.000000e-01 -1.804965e-15 -8.660254e-01
    outer loop
      vertex -4.000000e+00 2.142734e+00 -2.309401e+00
      vertex -2.981647e+00 2.409078e+00 -2.897348e+00
      vertex 8.881784e-16 2.142734e+00 -4.618802e+00
    endloop
  endfacet
  facet normal 5.000000e-01 7.355660e-16 -8.660254e-01
    outer loop
      vertex 2.981519e+00 -2.409101e+00 -2.897421e+00
      vertex 1.018353e+00 -2.409078e+00 -4.030856e+00
      vertex 8.881784e-16 -2.142734e+00 -4.618802e+00
    endloop
  endfacet
  facet normal -5.000000e-01 0.000000e+00 -8.660254e-01
    outer loop
      vertex -4.000000e+00 -2.142734e+00 -2.309401e+00
      vertex -4.000000e+00 2.142734e+00 -2.309401e+00
      vertex 8.881784e-16 -2.142734e+00 -4.618802e+00
    endloop
  endfacet
  facet normal -5.000000e-01 4.872979e-15 -8.660254e-01
    outer loop
      vertex -1.018481e+00 -2.409101e+00 -4.030782e+00
      vertex -4.000000e+00 -2.142734e+00 -2.309401e+00
      vertex 8.881784e-16 -2.142734e+00 -4.618802e+00
    endloop
  endfacet
  facet normal -1.000000e+00 -3.337219e-15 -1.059093e-18
    outer loop
      vertex -4.000000e+00 2.407782e+00 1.141690e+00
      vertex -4.000000e+00 2.408506e+00 -1.137130e+00
      vertex -4.000000e+00 2.142734e+00 -2.309401e+00
    endloop
  endfacet
  facet normal -5.000000e-01 -2.206698e-15 -8.660254e-01
    outer loop
      vertex -1.018481e+00 -2.409101e+00 -4.030782e+00
      vertex -2.981647e+00 -2.409078e+00 -2.897348e+00
      vertex -4.000000e+00 -2.142734e+00 -2.309401e+00
    endloop
  endfacet
  facet normal 9.954043e-01 6.028612e-17 9.576196e-02
    outer loop
      vertex -2.061485e+00 -2.211330e+00 -4.003518e-01
      vertex -2.061485e+00 2.211330e+00 -4.003518e-01
      vertex -2.100000e+00 2.211325e+00 -2.571673e-16
    endloop
  endfacet
  facet normal 9.954043e-01 0.000000e+00 9.576196e-02
    outer loop
      vertex -2.100000e+00 -2.211325e+00 -2.571673e-16
      vertex -2.061485e+00 -2.211330e+00 -4.003518e-01
      vertex -2.100000e+00 2.211325e+00 -2.571673e-16
    endloop
  endfacet
  facet normal 9.954097e-01 0.000000e+00 -9.570531e-02
    outer loop
      vertex -2.061530e+00 2.211328e+00 4.001172e-01
      vertex -2.100000e+00 -2.211325e+00 -2.571673e-16
      vertex -2.100000e+00 2.211325e+00 -2.571673e-16
    endloop
  endfacet
  facet normal 9.582523e-01 0.000000e+00 2.859241e-01
    outer loop
      vertex -1.943804e+00 -2.211325e+00 -7.947494e-01
      vertex -1.943804e+00 2.211325e+00 -7.947494e-01
      vertex -2.061485e+00 2.211330e+00 -4.003518e-01
    endloop
  endfacet
  facet normal 9.582523e-01 -2.220964e-17 2.859241e-01
    outer loop
      vertex -2.061485e+00 -2.211330e+00 -4.003518e-01
      vertex -1.943804e+00 -2.211325e+00 -7.947494e-01
      vertex -2.061485e+00 2.211330e+00 -4.003518e-01
    endloop
  endfacet
  facet normal 8.836315e-01 5.295232e-18 4.681831e-01
    outer loop
      vertex -1.749236e+00 -2.211325e+00 -1.161970e+00
      vertex -1.749236e+00 2.211325e+00 -1.161970e+00
      vertex -1.943804e+00 2.211325e+00 -7.947494e-01
    endloop
  endfacet
  facet normal 8.836315e-01 0.000000e+00 4.681831e-01
    outer loop
      vertex -1.943804e+00 -2.211325e+00 -7.947494e-01
      vertex -1.749236e+00 -2.211325e+00 -1.161970e+00
      vertex -1.943804e+00 2.211325e+00 -7.947494e-01
    endloop
  endfacet
  facet normal 7.743495e-01 -2.132633e-17 6.327581e-01
    outer loop
      vertex -1.487183e+00 -2.211324e+00 -1.482662e+00
      vertex -1.487183e+00 2.211324e+00 -1.482662e+00
      vertex -1.749236e+00 2.211325e+00 -1.161970e+00
    endloop
  endfacet
  facet normal 7.743495e-01 4.931926e-17 6.327581e-01
    outer loop
      vertex -1.749236e+00 -2.211325e+00 -1.161970e+00
      vertex -1.487183e+00 -2.211324e+00 -1.482662e+00
      vertex -1.749236e+00 2.211325e+00 -1.161970e+00
    endloop
  endfacet
  facet normal 6.355427e-01 -5.010779e-17 7.720657e-01
    outer loop
      vertex -1.169234e+00 -2.211325e+00 -1.744389e+00
      vertex -1.169234e+00 2.211325e+00 -1.744389e+00
      vertex -1.487183e+00 2.211324e+00 -1.482662e+00
    endloop
  endfacet
  facet normal 6.355427e-01 2.056293e-17 7.720657e-01
    outer loop
      vertex -1.487183e+00 -2.211324e+00 -1.482662e+00
      vertex -1.169234e+00 -2.211325e+00 -1.744389e+00
      vertex -1.487183e+00 2.211324e+00 -1.482662e+00
    endloop
  endfacet
  facet normal 4.725451e-01 6.025879e-17 8.813065e-01
    outer loop
      vertex -8.058691e-01 -2.211325e+00 -1.939220e+00
      vertex -8.058691e-01 2.211325e+00 -1.939220e+00
      vertex -1.169234e+00 2.211325e+00 -1.744389e+00
    endloop
  endfacet
  facet normal 4.725451e-01 -6.404686e-18 8.813065e-01
    outer loop
      vertex -1.169234e+00 -2.211325e+00 -1.744389e+00
      vertex -8.058691e-01 -2.211325e+00 -1.939220e+00
      vertex -1.169234e+00 2.211325e+00 -1.744389e+00
    endloop
  endfacet
  facet normal 2.910459e-01 4.897219e-17 9.567091e-01
    outer loop
      vertex -4.105947e-01 -2.211325e+00 -2.059469e+00
      vertex -4.105947e-01 2.211325e+00 -2.059469e+00
      vertex -8.058691e-01 2.211325e+00 -1.939220e+00
    endloop
  endfacet
  facet normal 2.910459e-01 -4.600788e-17 9.567091e-01
    outer loop
      vertex -8.058691e-01 -2.211325e+00 -1.939220e+00
      vertex -4.105947e-01 -2.211325e+00 -2.059469e+00
      vertex -8.058691e-01 2.211325e+00 -1.939220e+00
    endloop
  endfacet
  facet normal 9.819266e-02 2.070527e-17 9.951674e-01
    outer loop
      vertex 1.819830e-04 -2.211325e+00 -2.100000e+00
      vertex 1.819830e-04 2.211325e+00 -2.100000e+00
      vertex -4.105947e-01 2.211325e+00 -2.059469e+00
    endloop
  endfacet
  facet normal 9.819266e-02 -1.185114e-16 9.951674e-01
    outer loop
      vertex -4.105947e-01 -2.211325e+00 -2.059469e+00
      vertex 1.819830e-04 -2.211325e+00 -2.100000e+00
      vertex -4.105947e-01 2.211325e+00 -2.059469e+00
    endloop
  endfacet
  facet normal -9.836661e-02 2.098912e-17 9.951502e-01
    outer loop
      vertex 4.109577e-01 -2.211325e+00 -2.059396e+00
      vertex 4.109577e-01 2.211325e+00 -2.059396e+00
      vertex 1.819830e-04 2.211325e+00 -2.100000e+00
    endloop
  endfacet
  facet normal -9.836661e-02 -2.074195e-17 9.951502e-01
    outer loop
      vertex 1.819830e-04 -2.211325e+00 -2.100000e+00
      vertex 4.109577e-01 -2.211325e+00 -2.059396e+00
      vertex 1.819830e-04 2.211325e+00 -2.100000e+00
    endloop
  endfacet
  facet normal -2.912136e-01 -4.591339e-17 9.566580e-01
    outer loop
      vertex 8.062074e-01 -2.211325e+00 -1.939080e+00
      vertex 8.062074e-01 2.211325e+00 -1.939080e+00
      vertex 4.109577e-01 2.211325e+00 -2.059396e+00
    endloop
  endfacet
  facet normal -2.912136e-01 6.213815e-17 9.566580e-01
    outer loop
      vertex 4.109577e-01 -2.211325e+00 -2.059396e+00
      vertex 8.062074e-01 -2.211325e+00 -1.939080e+00
      vertex 4.109577e-01 2.211325e+00 -2.059396e+00
    endloop
  endfacet
  facet normal -4.726945e-01 -8.966879e-17 8.812264e-01
    outer loop
      vertex 1.169521e+00 -2.211325e+00 -1.744196e+00
      vertex 1.169521e+00 2.211325e+00 -1.744196e+00
      vertex 8.062074e-01 2.211325e+00 -1.939080e+00
    endloop
  endfacet
  facet normal -4.726945e-01 6.034988e-17 8.812264e-01
    outer loop
      vertex 8.062074e-01 -2.211325e+00 -1.939080e+00
      vertex 1.169521e+00 -2.211325e+00 -1.744196e+00
      vertex 8.062074e-01 2.211325e+00 -1.939080e+00
    endloop
  endfacet
  facet normal -6.356733e-01 -9.139372e-18 7.719582e-01
    outer loop
      vertex 1.487440e+00 -2.211325e+00 -1.482404e+00
      vertex 1.487440e+00 2.211325e+00 -1.482404e+00
      vertex 1.169521e+00 2.211325e+00 -1.744196e+00
    endloop
  endfacet
  facet normal -6.356733e-01 6.607785e-17 7.719582e-01
    outer loop
      vertex 1.169521e+00 -2.211325e+00 -1.744196e+00
      vertex 1.487440e+00 -2.211325e+00 -1.482404e+00
      vertex 1.169521e+00 2.211325e+00 -1.744196e+00
    endloop
  endfacet
  facet normal -7.744675e-01 -5.255175e-17 6.326136e-01
    outer loop
      vertex 1.749467e+00 -2.211325e+00 -1.161622e+00
      vertex 1.749467e+00 2.211325e+00 -1.161622e+00
      vertex 1.487440e+00 2.211325e+00 -1.482404e+00
    endloop
  endfacet
  facet normal -7.744675e-01 8.161481e-17 6.326136e-01
    outer loop
      vertex 1.487440e+00 -2.211325e+00 -1.482404e+00
      vertex 1.749467e+00 -2.211325e+00 -1.161622e+00
      vertex 1.487440e+00 2.211325e+00 -1.482404e+00
    endloop
  endfacet
  facet normal -8.837220e-01 -4.312341e-17 4.680122e-01
    outer loop
      vertex 1.943953e+00 -2.211325e+00 -7.943844e-01
      vertex 1.943953e+00 2.211325e+00 -7.943844e-01
      vertex 1.749467e+00 2.211325e+00 -1.161622e+00
    endloop
  endfacet
  facet normal -8.837220e-01 5.473599e-17 4.680122e-01
    outer loop
      vertex 1.749467e+00 -2.211325e+00 -1.161622e+00
      vertex 1.943953e+00 -2.211325e+00 -7.943844e-01
      vertex 1.749467e+00 2.211325e+00 -1.161622e+00
    endloop
  endfacet
  facet normal -9.582954e-01 3.524610e-17 2.857796e-01
    outer loop
      vertex 2.061530e+00 -2.211328e+00 -4.001172e-01
      vertex 2.061530e+00 2.211328e+00 -4.001172e-01
      vertex 1.943953e+00 2.211325e+00 -7.943844e-01
    endloop
  endfacet
  facet normal -9.582954e-01 3.672783e-17 2.857796e-01
    outer loop
      vertex 1.943953e+00 -2.211325e+00 -7.943844e-01
      vertex 2.061530e+00 -2.211328e+00 -4.001172e-01
      vertex 1.943953e+00 2.211325e+00 -7.943844e-01
    endloop
  endfacet
  facet normal -9.954097e-01 0.000000e+00 9.570531e-02
    outer loop
      vertex 2.100000e+00 -2.211325e+00 0.000000e+00
      vertex 2.100000e+00 2.211325e+00 0.000000e+00
      vertex 2.061530e+00 2.211328e+00 -4.001172e-01
    endloop
  endfacet
  facet normal -9.954097e-01 7.953016e-17 9.570531e-02
    outer loop
      vertex 2.061530e+00 -2.211328e+00 -4.001172e-01
      vertex 2.100000e+00 -2.211325e+00 0.000000e+00
      vertex 2.061530e+00 2.211328e+00 -4.001172e-01
    endloop
  endfacet
  facet normal -9.954043e-01 0.000000e+00 -9.576196e-02
    outer loop
      vertex 2.061485e+00 -2.211330e+00 4.003518e-01
      vertex 2.100000e+00 2.211325e+00 0.000000e+00
      vertex 2.100000e+00 -2.211325e+00 0.000000e+00
    endloop
  endfacet
  facet normal -9.954043e-01 -8.793119e-17 -9.576196e-02
    outer loop
      vertex 2.061485e+00 -2.211330e+00 4.003518e-01
      vertex 2.061485e+00 2.211330e+00 4.003518e-01
      vertex 2.100000e+00 2.211325e+00 0.000000e+00
    endloop
  endfacet
  facet normal 9.954097e-01 0.000000e+00 -9.570531e-02
    outer loop
      vertex -2.061530e+00 -2.211328e+00 4.001172e-01
      vertex -2.100000e+00 -2.211325e+00 -2.571673e-16
      vertex -2.061530e+00 2.211328e+00 4.001172e-01
    endloop
  endfacet
  facet normal -9.582523e-01 -1.726703e-17 -2.859241e-01
    outer loop
      vertex 1.943804e+00 -2.211325e+00 7.947494e-01
      vertex 1.943804e+00 2.211325e+00 7.947494e-01
      vertex 2.061485e+00 2.211330e+00 4.003518e-01
    endloop
  endfacet
  facet normal -9.582523e-01 -6.033241e-17 -2.859241e-01
    outer loop
      vertex 2.061485e+00 -2.211330e+00 4.003518e-01
      vertex 1.943804e+00 -2.211325e+00 7.947494e-01
      vertex 2.061485e+00 2.211330e+00 4.003518e-01
    endloop
  endfacet
  facet normal -8.836315e-01 5.295232e-18 -4.681831e-01
    outer loop
      vertex 1.749236e+00 -2.211325e+00 1.161970e+00
      vertex 1.749236e+00 2.211325e+00 1.161970e+00
      vertex 1.943804e+00 2.211325e+00 7.947494e-01
    endloop
  endfacet
  facet normal -8.836315e-01 4.055381e-17 -4.681831e-01
    outer loop
      vertex 1.943804e+00 -2.211325e+00 7.947494e-01
      vertex 1.749236e+00 -2.211325e+00 1.161970e+00
      vertex 1.943804e+00 2.211325e+00 7.947494e-01
    endloop
  endfacet
  facet normal -7.743495e-01 0.000000e+00 -6.327581e-01
    outer loop
      vertex 1.487183e+00 -2.211324e+00 1.482662e+00
      vertex 1.487183e+00 2.211324e+00 1.482662e+00
      vertex 1.749236e+00 2.211325e+00 1.161970e+00
    endloop
  endfacet
  facet normal -7.743495e-01 4.931926e-17 -6.327581e-01
    outer loop
      vertex 1.749236e+00 -2.211325e+00 1.161970e+00
      vertex 1.487183e+00 -2.211324e+00 1.482662e+00
      vertex 1.749236e+00 2.211325e+00 1.161970e+00
    endloop
  endfacet
  facet normal -6.355427e-01 1.819958e-17 -7.720657e-01
    outer loop
      vertex 1.169234e+00 -2.211325e+00 1.744389e+00
      vertex 1.169234e+00 2.211325e+00 1.744389e+00
      vertex 1.487183e+00 2.211324e+00 1.482662e+00
    endloop
  endfacet
  facet normal -6.355427e-01 0.000000e+00 -7.720657e-01
    outer loop
      vertex 1.487183e+00 -2.211324e+00 1.482662e+00
      vertex 1.169234e+00 -2.211325e+00 1.744389e+00
      vertex 1.487183e+00 2.211324e+00 1.482662e+00
    endloop
  endfacet
  facet normal -4.725451e-01 1.280937e-17 -8.813065e-01
    outer loop
      vertex 8.058691e-01 -2.211325e+00 1.939220e+00
      vertex 8.058691e-01 2.211325e+00 1.939220e+00
      vertex 1.169234e+00 2.211325e+00 1.744389e+00
    endloop
  endfacet
  facet normal -4.725451e-01 -1.732002e-17 -8.813065e-01
    outer loop
      vertex 1.169234e+00 -2.211325e+00 1.744389e+00
      vertex 8.058691e-01 -2.211325e+00 1.939220e+00
      vertex 1.169234e+00 2.211325e+00 1.744389e+00
    endloop
  endfacet
  facet normal -2.910459e-01 5.736381e-17 -9.567091e-01
    outer loop
      vertex 4.105947e-01 -2.211325e+00 2.059469e+00
      vertex 4.105947e-01 2.211325e+00 2.059469e+00
      vertex 8.058691e-01 2.211325e+00 1.939220e+00
    endloop
  endfacet
  facet normal -2.910459e-01 -7.523251e-17 -9.567091e-01
    outer loop
      vertex 8.058691e-01 -2.211325e+00 1.939220e+00
      vertex 4.105947e-01 -2.211325e+00 2.059469e+00
      vertex 8.058691e-01 2.211325e+00 1.939220e+00
    endloop
  endfacet
  facet normal -9.819266e-02 1.035324e-17 -9.951674e-01
    outer loop
      vertex -1.819830e-04 -2.211325e+00 2.100000e+00
      vertex -1.819830e-04 2.211325e+00 2.100000e+00
      vertex 4.105947e-01 2.211325e+00 2.059469e+00
    endloop
  endfacet
  facet normal -9.819266e-02 -4.816344e-17 -9.951674e-01
    outer loop
      vertex 4.105947e-01 -2.211325e+00 2.059469e+00
      vertex -1.819830e-04 -2.211325e+00 2.100000e+00
      vertex 4.105947e-01 2.211325e+00 2.059469e+00
    endloop
  endfacet
  facet normal 9.836661e-02 -6.905914e-17 -9.951502e-01
    outer loop
      vertex -4.109577e-01 -2.211325e+00 2.059396e+00
      vertex -4.109577e-01 2.211325e+00 2.059396e+00
      vertex -1.819830e-04 2.211325e+00 2.100000e+00
    endloop
  endfacet
  facet normal 9.836661e-02 -1.037158e-17 -9.951502e-01
    outer loop
      vertex -1.819830e-04 -2.211325e+00 2.100000e+00
      vertex -4.109577e-01 -2.211325e+00 2.059396e+00
      vertex -1.819830e-04 2.211325e+00 2.100000e+00
    endloop
  endfacet
  facet normal 2.912136e-01 -7.201248e-17 -9.566580e-01
    outer loop
      vertex -8.062074e-01 -2.211325e+00 1.939080e+00
      vertex -8.062074e-01 2.211325e+00 1.939080e+00
      vertex -4.109577e-01 2.211325e+00 2.059396e+00
    endloop
  endfacet
  facet normal 2.912136e-01 -4.680769e-18 -9.566580e-01
    outer loop
      vertex -4.109577e-01 -2.211325e+00 2.059396e+00
      vertex -8.062074e-01 -2.211325e+00 1.939080e+00
      vertex -4.109577e-01 2.211325e+00 2.059396e+00
    endloop
  endfacet
  facet normal 4.726945e-01 -8.322606e-17 -8.812264e-01
    outer loop
      vertex -1.169521e+00 -2.211325e+00 1.744196e+00
      vertex -1.169521e+00 2.211325e+00 1.744196e+00
      vertex -8.062074e-01 2.211325e+00 1.939080e+00
    endloop
  endfacet
  facet normal 4.726945e-01 5.170513e-17 -8.812264e-01
    outer loop
      vertex -8.062074e-01 -2.211325e+00 1.939080e+00
      vertex -1.169521e+00 -2.211325e+00 1.744196e+00
      vertex -8.062074e-01 2.211325e+00 1.939080e+00
    endloop
  endfacet
  facet normal 6.356733e-01 -1.026353e-16 -7.719582e-01
    outer loop
      vertex -1.487440e+00 -2.211325e+00 1.482404e+00
      vertex -1.487440e+00 2.211325e+00 1.482404e+00
      vertex -1.169521e+00 2.211325e+00 1.744196e+00
    endloop
  endfacet
  facet normal 6.356733e-01 1.162227e-16 -7.719582e-01
    outer loop
      vertex -1.169521e+00 -2.211325e+00 1.744196e+00
      vertex -1.487440e+00 -2.211325e+00 1.482404e+00
      vertex -1.169521e+00 2.211325e+00 1.744196e+00
    endloop
  endfacet
  facet normal 7.744675e-01 -1.122255e-16 -6.326136e-01
    outer loop
      vertex -1.749467e+00 -2.211325e+00 1.161622e+00
      vertex -1.749467e+00 2.211325e+00 1.161622e+00
      vertex -1.487440e+00 2.211325e+00 1.482404e+00
    endloop
  endfacet
  facet normal 7.744675e-01 1.068293e-16 -6.326136e-01
    outer loop
      vertex -1.487440e+00 -2.211325e+00 1.482404e+00
      vertex -1.749467e+00 -2.211325e+00 1.161622e+00
      vertex -1.487440e+00 2.211325e+00 1.482404e+00
    endloop
  endfacet
  facet normal 8.837220e-01 -5.487197e-17 -4.680122e-01
    outer loop
      vertex -1.943953e+00 -2.211325e+00 7.943844e-01
      vertex -1.943953e+00 2.211325e+00 7.943844e-01
      vertex -1.749467e+00 2.211325e+00 1.161622e+00
    endloop
  endfacet
  facet normal 8.837220e-01 8.860074e-17 -4.680122e-01
    outer loop
      vertex -1.749467e+00 -2.211325e+00 1.161622e+00
      vertex -1.943953e+00 -2.211325e+00 7.943844e-01
      vertex -1.749467e+00 2.211325e+00 1.161622e+00
    endloop
  endfacet
  facet normal 9.582954e-01 0.000000e+00 -2.857796e-01
    outer loop
      vertex -2.061530e+00 -2.211328e+00 4.001172e-01
      vertex -2.061530e+00 2.211328e+00 4.001172e-01
      vertex -1.943953e+00 2.211325e+00 7.943844e-01
    endloop
  endfacet
  facet normal 9.582954e-01 2.955387e-17 -2.857796e-01
    outer loop
      vertex -1.943953e+00 -2.211325e+00 7.943844e-01
      vertex -2.061530e+00 -2.211328e+00 4.001172e-01
      vertex -1.943953e+00 2.211325e+00 7.943844e-01
    endloop
  endfacet
endsolid NUT-M05-ISO_4034
